method,epoch,train_loss,rmse_active,rmse_land,mae_active,mae_land
B,1,0.0002605916097915421,0.016205449218390396,0.008118234008898781,0.004141373738997889,0.0015724821281625427
B,2,0.00019846775976475328,0.01594701138653841,0.008102511871743741,0.0041134096121164115,0.0015788317713581015
B,3,0.0001782671771555518,0.016712843451432008,0.007747431905733373,0.00447826274493911,0.0015147031936167494
B,4,0.00015515975925760965,0.016575765660604945,0.007656173219028855,0.004387039827887857,0.0014984443041627653
B,5,0.00015633750250951077,0.015182755083933791,0.007656722625218159,0.003826919614516507,0.0014892257938910068
B,6,0.00031210871044701585,0.016423688590181947,0.007554606691377799,0.0043378223410122955,0.0014754649440786483
B,7,0.00013705357365931075,0.016132502343660465,0.007487238928525052,0.004223300846798959,0.0014616862158741233
B,8,0.00015363739318369579,0.015288349794148462,0.007493041221292225,0.0038943215697350344,0.001467907004249558
B,9,0.0001419220701791346,0.016854869385296956,0.00748381370325572,0.004513524704774306,0.0014738497554063787
B,10,0.0001271731011608305,0.015588345967480552,0.0074543676607629426,0.003999921128463381,0.001451893177728347
B,11,0.00011991530870242665,0.015151768399771628,0.0074332807956945714,0.0038239166836006285,0.0014434667107569527
B,12,0.00010947037468819568,0.015025161216783893,0.0074294671547384715,0.00377413711269136,0.0014437526144106508
B,13,0.00013423430015488218,0.01533990333904051,0.007418977751551928,0.0039085815121723795,0.0014535097345526713
B,14,0.00012629176247476911,0.014987362937742348,0.007461107885678451,0.0037076824583502734,0.0014472603928757724
B,15,0.00011210481946667035,0.015888545114893057,0.007358899482200907,0.00413506353893646,0.0014321112728202764
B,16,0.00011537284541797513,0.01641579371465449,0.007355465814889688,0.0042849265110173,0.0014421209936912264
B,17,0.00011878984611636648,0.015451595143409099,0.007340278825993876,0.003962879444603595,0.0014290966946453353
B,18,0.00010798146104207262,0.016501284818584597,0.007303493938365451,0.004337088123558646,0.0014286467037853635
B,19,9.709347359603271e-05,0.015021796625640833,0.007430324471607646,0.003746519867574253,0.0014483226824705323
B,20,9.770185594485763e-05,0.014961234678653108,0.007514449675367331,0.003723360667463916,0.0014659077412053992
B,21,9.747980996811141e-05,0.01491010174163547,0.00736201749018455,0.0036744585998124977,0.0014308966617647713
B,22,0.00011030796546644221,0.017567939630837616,0.007328663800954789,0.004685083189705241,0.001430644619352597
B,23,0.00011239003579248674,0.015357051593469576,0.007328808784547523,0.0038829358506752,0.0014234258284920253
B,24,9.000681117565061e-05,0.016228757307156973,0.007280239119225166,0.00423629932911117,0.0014164431952176635
B,25,0.00012958969794757042,0.015120079525118377,0.007291063750513324,0.00381273217185152,0.0014171609732193554
B,26,0.00010837163717951626,0.015123276770886531,0.007308826653606205,0.0037933888543209525,0.0014174712107072652
B,27,0.00010232262187249337,0.014954064176082476,0.007329937597057159,0.0036705383939215543,0.0014126825356467728
B,28,9.519805050028178e-05,0.01718787759516941,0.007286753584538112,0.004541308216474698,0.001417756509923123
B,29,0.00010761315206764266,0.015456445236247484,0.007260693058316214,0.003898261610143907,0.0014069333998167832
B,30,8.722288403077983e-05,0.014929539348588107,0.007393764157516706,0.0036572224938385923,0.0014326660591640126
B,31,9.296366430741424e-05,0.015440413031503408,0.007310661295437521,0.0038983922745305607,0.0014114979111993324
B,32,8.788285146389777e-05,0.01565028902949016,0.007306451842888148,0.0039768144715907425,0.0014103338868362311
B,33,8.65492494388794e-05,0.015764952137420712,0.007267110634769769,0.004008216294111664,0.0014038132480498986
B,34,9.4489336576468e-05,0.014917842354863086,0.007369250823950298,0.003695408317067006,0.0014316788505267077
B,35,0.00010647782716356838,0.015459522424677569,0.007542190198930688,0.003911311174675784,0.0014761698638033288
B,36,9.366490582275825e-05,0.015716731964886873,0.007303101891711606,0.003988327700866466,0.0014067793798141998
B,37,9.89739945604621e-05,0.01669278732825327,0.007308957432605747,0.004301681515762987,0.0014099703516675464
B,38,7.995019550435244e-05,0.015081798081637296,0.007286461261689114,0.0036986627320435123,0.0014051797897104501
B,39,0.00010551247833063826,0.015337141232101592,0.0072712311260090395,0.003799249582163858,0.0014021775245203253
B,40,9.570736292516813e-05,0.015310554332463274,0.007479205224650763,0.003785604447990147,0.0014490828352409237
B,41,0.00012143143418749483,0.01525321356037372,0.007455792357782494,0.003774849651111297,0.0014476481880632572
B,42,9.175799204967916e-05,0.015680218666822347,0.007287278192979373,0.003968712959378577,0.0014019945121340792
B,43,0.0001029819291337238,0.019957685477569976,0.0073851052388161096,0.00540640198647301,0.0014660935686102888
B,44,9.501553164833846e-05,0.014923417736832983,0.007292171441074348,0.0036566910768675346,0.0014020809011383406
B,45,7.595219600868101e-05,0.015172219134134943,0.007317310216534012,0.003755397575685365,0.0014173113901748433
B,46,8.260055886542735e-05,0.015158182642831395,0.0072368554436080725,0.0037767503974443497,0.0013919677980108822
B,47,9.081395449660098e-05,0.01762349959605816,0.007295083406309164,0.0047031595551720136,0.0014316844736450886
B,48,0.00011566236911069912,0.015062725536155178,0.007293245233443544,0.003742209331054963,0.0014069761699440912
B,49,0.00011465216133122643,0.015119931787645332,0.007268763732055568,0.0037149935161305005,0.0013934340671969154
B,50,9.102223896964764e-05,0.018113038715319222,0.007328337693928511,0.0048568007055650834,0.001435509539059712
B,51,8.453241437867594e-05,0.015071572889023369,0.007201144610703558,0.0037299637731437554,0.001388082289081974
B,52,8.854844466744301e-05,0.016054576137144113,0.007235721212419922,0.004107106346209837,0.0013924131497889897
B,53,9.195352516447505e-05,0.015183689544567348,0.007243129495725674,0.0037584813995128513,0.0013850172056989094
B,54,8.689262637441667e-05,0.015044495954426536,0.0072356933642158585,0.0037197206400194113,0.0013914243877338858
B,55,7.618572805464888e-05,0.014907659204312414,0.007218736291572362,0.003619502048593671,0.0013872242321788242
B,56,9.004339178015167e-05,0.015792581487255524,0.0072269723473042885,0.003978509624144319,0.001386745813672527
B,57,8.28403479924115e-05,0.015183783765647609,0.007301082438069522,0.0037273572765584456,0.001403499068117672
B,58,8.679495852751037e-05,0.015617264293619985,0.007202825557817469,0.00391133856042375,0.0013864521898248425
B,59,8.803725456042836e-05,0.016448224173573587,0.007194286471069748,0.0042359553278444135,0.0013837323383960032
B,60,0.00010095937929387825,0.019715740172938173,0.0072571062093355595,0.005319318913998214,0.001426429420367377
Bp,1,0.0002715590448739628,0.016569691833497293,0.008144690816004588,0.004222982626882465,0.0015674273665941374
Bp,2,0.0002201912604505196,0.016179736958175556,0.008015434191833001,0.00411249097011474,0.0015410090380869076
Bp,3,0.0002048227780809005,0.017364960500568943,0.007906875140796512,0.004590395153697975,0.00154234212866473
Bp,4,0.00019037520445029562,0.016280062144865704,0.007860534652597959,0.004188986290909186,0.0015302840975727028
Bp,5,0.0001859187303731839,0.015878132485085523,0.007879705051677358,0.004003978015931254,0.001527768839487837
Bp,6,0.0003610863253319015,0.019815917729936162,0.007815656221665702,0.005329579367324205,0.001534355139181697
Bp,7,0.00017404718479762475,0.01588787113616588,0.00797638225421312,0.00406378405771131,0.0015617978315786815
Bp,8,0.00018960455781780183,0.017064702185802444,0.0076703947526165295,0.004486455920887842,0.0015088807949936221
Bp,9,0.0001677618677301022,0.016351238322009534,0.007643165078176878,0.004234972651135649,0.0014970667174949465
Bp,10,0.00016615111089777202,0.016685314912610688,0.007614495285044302,0.004363626661820634,0.0014882120082382617
Bp,11,0.00015987418349444244,0.015883094281668224,0.007613124618300037,0.004078200888666326,0.0014843961244407474
Bp,12,0.000136274677546074,0.015897777657495428,0.0075756361704521135,0.004066087905650685,0.0014754739322953754
Bp,13,0.00016310240510695925,0.01573214105365923,0.0076382894654993495,0.003993192924458788,0.0014938637645885505
Bp,14,0.00016647702529250333,0.01591360391548362,0.007551958559222535,0.0040464194187805795,0.001471381360240225
Bp,15,0.00014077058779851843,0.016546107463416258,0.0075320289156661,0.004304463125850396,0.0014710059835304477
Bp,16,0.0001484620957247292,0.016271175706156896,0.007520784201836864,0.004194370078556992,0.001469973768285742
Bp,17,0.00015167525028421855,0.01633040042575166,0.007536989188198596,0.0042031764440019674,0.0014723464372439106
Bp,18,0.0001319842238444835,0.016255800353318747,0.007479622174331461,0.004203544873747276,0.0014609783358454037
Bp,19,0.00013422164677952728,0.015517444764392747,0.007543243717116722,0.003895543444986139,0.0014713286598597042
Bp,20,0.00012505378593535472,0.015620839745582869,0.00750085218010702,0.003961753810944525,0.001459736735855304
Bp,21,0.0001306953815704522,0.015436862932654758,0.007470554213089512,0.0038610588274216678,0.001455298286275802
Bp,22,0.00014345640714357916,0.017533453277180023,0.007434838292967483,0.004643843109698707,0.0014576557735244708
Bp,23,0.00013985867068792382,0.015294834279701002,0.007552654444669114,0.0038363653247667005,0.0014731204672634717
Bp,24,0.0001226730057775664,0.017880484670362913,0.007448560439562627,0.004767423915994326,0.0014725761570926735
Bp,25,0.0001541964738862589,0.015481643150754879,0.007516502127620101,0.0038969311525181745,0.0014677444845637778
Bp,26,0.0001322693608623619,0.015508432059528034,0.007448625343063905,0.0039118511415883695,0.001448028173997327
Bp,27,0.00012426423927536234,0.01600735352364631,0.007424138479717982,0.004107146563636048,0.0014437012677072387
Bp,28,0.00013383351276085402,0.017514089231375887,0.007410965138272647,0.004649571865222121,0.0014522568273231528
Bp,29,0.00014497505568821604,0.015347232593248574,0.007478234292686493,0.003798996412254702,0.0014531126173751492
Bp,30,0.00013130084359242272,0.015675731864548854,0.007418048644252012,0.003951993873006962,0.0014363567711572838
Bp,31,0.00012088115957643216,0.01607830275307377,0.007419473828556382,0.004118753891503931,0.0014407399178014925
Bp,32,0.00012051111795396234,0.015280690148290798,0.007421450289396594,0.00382846219810497,0.0014403361614899095
Bp,33,0.00012343429504350448,0.015763055947179572,0.0073796064323017885,0.00403202724107398,0.0014369047943266972
Bp,34,0.0001305594244816651,0.01528288278167027,0.007561071970946304,0.003811042860631972,0.0014741618081397364
Bp,35,0.0001383496361086145,0.015199704396176334,0.007426987357990229,0.0037757931420655177,0.001445905087265917
Bp,36,0.00013973990911229824,0.018548819322171346,0.007428971318922719,0.004986564210188449,0.0014706667845032877
Bp,37,0.00013845555222360417,0.015377312727505983,0.0074315159184378254,0.00384930042881596,0.0014431971760248468
Bp,38,0.00011905202021201451,0.015273363072647378,0.007404062812725378,0.0037900504862847678,0.0014335195672685464
Bp,39,0.00012753078432676073,0.015646898864709383,0.007370160444220646,0.003934035338756108,0.001434013591088478
Bp,40,0.00011495768558233976,0.015313169819617185,0.0074849509356205305,0.0037970116793165985,0.0014541084713124537
Bp,41,0.00016806551187376802,0.016734067648666022,0.007358560176857124,0.004352058278333633,0.0014337031459939645
Bp,42,0.00011254680624309307,0.015304780118512036,0.007373952037678599,0.0037907208488617713,0.0014273771127055487
Bp,43,0.00014638602806371637,0.017705024528827804,0.007351595383101717,0.0046935568777390965,0.001441101337718037
Bp,44,0.00011277227410270522,0.015327024076532208,0.007414487040895018,0.0038080787579215943,0.001437184445035138
Bp,45,0.00011179088129817197,0.01589213269150035,0.007345944183461449,0.004029600901756304,0.0014249001028890885
Bp,46,0.00010568700672592967,0.015801312625094367,0.007345275190566928,0.004018797657511181,0.00143039822704745
Bp,47,0.00011949290007275218,0.01611983547309548,0.0073230824530102,0.004152995876306173,0.0014279574392951587
Bp,48,0.00014855786527429398,0.015669951555539442,0.007363192008308071,0.003950771952199886,0.001426583475781886
Bp,49,0.00014367290180719767,0.017483609873965356,0.007338265148050972,0.004616269413969856,0.001433726981143763
Bp,50,0.00012377761643923198,0.016438796682342688,0.0073300606646697995,0.004247046327311055,0.0014328105870745577
Bp,51,0.0001125445332339344,0.015323835736365454,0.007340699015584677,0.0037865095858654195,0.001420013510325211
Bp,52,0.00011940445159173881,0.016438147033456467,0.007324271310436847,0.004279629265421354,0.0014253479596300724
Bp,53,0.0001316714939700129,0.015363385480878242,0.007377057848944752,0.0038132794034790485,0.0014281508885801801
Bp,54,0.0001246558206427532,0.016000522293344626,0.007316108785636359,0.004112725081895227,0.0014165425972157844
Bp,55,0.00010261430191652229,0.0155743920736251,0.007304036524439716,0.00392113816518164,0.0014162483165029373
Bp,56,0.00010739702799279863,0.015863248672418062,0.007302392522039427,0.004023602818667353,0.0014156021552829898
Bp,57,0.00011553740526627128,0.01545015191481939,0.007383342682249706,0.0038379023485094576,0.0014300817268715425
Bp,58,0.0001126879168926583,0.015887110511714635,0.007319297497485496,0.0040353749676742805,0.0014189609540477001
Bp,59,0.00011272166205647713,0.016338423822040465,0.0073074507634427474,0.004222437513749564,0.0014153060421122536
Bp,60,0.00015068592232031126,0.01946382784280354,0.0073511556170796025,0.005209864479242073,0.0014458400061695918
C,1,0.46491745859384537,0.9842383996058284,0.1279707230783326,0.24903784473534865,0.0397768295611949
C,2,0.07195691565672556,0.34267132205963513,0.11739276606581389,0.10463211441657513,0.03394036632129521
C,3,0.03903823047876358,0.19127854202820985,0.09869449438876854,0.05932844508709922,0.023566442990789152
C,4,0.025393911823630332,0.14983707197878754,0.07157816187041893,0.04558198111757448,0.016604934244137427
C,5,0.01742691230028868,0.12399763325525731,0.0723484058791511,0.039903762311179654,0.017914489421573747
C,6,0.01645538949718078,0.11141584171544885,0.06580863761860933,0.035851391091431636,0.01619180157026685
C,7,0.013321443212529023,0.1029902043982908,0.05947677187660714,0.032792606513103784,0.014324812551042699
C,8,0.01062086597084999,0.10926988138865976,0.06449800418175619,0.035662019599376406,0.016264597371520577
C,9,0.010665479488670826,0.09312901796874168,0.05641671591708799,0.030030435967092737,0.013897262392961194
C,10,0.010703088777760664,0.09938831754951762,0.060812536904241474,0.03210674620020323,0.014904598830521905
C,11,0.010840680015583833,0.15893187078054974,0.055839147630163205,0.04730216933836794,0.013429006740651051
C,12,0.009408182837069035,0.09952932520025591,0.05520211608651229,0.03182109000812896,0.013447147448599232
C,13,0.01053644645338257,0.09368327400635103,0.05069284852642125,0.03002987946624297,0.012236165507345744
C,14,0.007190138287842274,0.07622066306595998,0.04802001807541207,0.0247742376918738,0.011412560763189854
C,15,0.008286103699356317,0.0744177325180541,0.04980122968172722,0.024759741766161563,0.012167459598218404
C,16,0.00878746270512541,0.11353011087623352,0.04966331345191148,0.03484877158661357,0.011402916591569915
C,17,0.007586128450930119,0.07687854150930849,0.04665183887756111,0.024738999772875206,0.011448347568735142
C,18,0.006582906655967236,0.0673483882232265,0.04443675451899193,0.02173377432790959,0.010579382581418564
C,19,0.006307059122870366,0.07491563842147067,0.0465523303448378,0.02482238504331245,0.011515677003830514
C,20,0.006590772699564695,0.08462594177169411,0.04714919058338146,0.026524533314045626,0.010902772550874027
C,21,0.004919043369591236,0.06627362406804312,0.043664548207943826,0.0223033909758159,0.010903165663307887
C,22,0.006868933886289596,0.1336513506841768,0.05363689502373345,0.04305403095302195,0.014152769433433647
C,23,0.0070867419553299746,0.06357573818266403,0.04210148599755693,0.02083566386339768,0.01016465157365469
C,24,0.004839729331433773,0.0929160582979331,0.04294116216417453,0.029467027751974736,0.01012590118850199
C,25,0.005591539262483517,0.07094547596914419,0.0420620766458952,0.02351262304159854,0.010454241206034403
C,26,0.005157758326580127,0.07489058725738951,0.046121231795465165,0.025238000999641578,0.012203255770291481
C,27,0.004563645211358865,0.06988211098987149,0.04276437558359325,0.02394697111880822,0.0118902909170761
C,28,0.003839086073761185,0.059535893647140486,0.040647661574290714,0.019790092956020612,0.0103304220028331
C,29,0.003615961022054156,0.05548563866200134,0.03785470648669402,0.018537780833989097,0.009426520259277916
C,30,0.0045844615281869965,0.10281122812623308,0.043447924979219926,0.03190920400603448,0.01049898380024643
C,31,0.005286381688589851,0.0696291590614043,0.04365953602287828,0.022119892958782396,0.010105299235070562
C,32,0.004941260147218903,0.0683041200318792,0.040927038584454685,0.021173786266688425,0.009452306445854973
C,33,0.0040910001223285995,0.05446545292731892,0.03600908265411333,0.017627715212576514,0.008813124744662006
C,34,0.0034502908897896607,0.058614947307074755,0.036623417513604956,0.01842474147103029,0.00938298773861971
C,35,0.0031605748614917197,0.08157409795945669,0.03808843831015558,0.02675329280417907,0.010061368567738907
C,36,0.004490853178625306,0.10415802953333968,0.04373502297071392,0.03438555792157283,0.011648703364663435
C,37,0.003747191761309902,0.08232312733448637,0.040780158159501374,0.026995988699192505,0.010525420217733084
C,38,0.0033931300199280183,0.06833302827367335,0.036115612355199465,0.022594152708535545,0.009401021478664218
C,39,0.0032853187061846257,0.05108506244573589,0.03321619382024595,0.01690732906114233,0.008628403063033965
C,40,0.002992957807146013,0.055712035989434285,0.03306370032416953,0.0185388753280906,0.008191540828647991
C,41,0.0034901445498690007,0.05160370388725813,0.03393278877980555,0.016914958320064784,0.008507671773257454
C,42,0.0045150489080697295,0.06314883853233617,0.03332996006684177,0.020051548259897734,0.008177585278513947
C,43,0.002750729474549492,0.05189342241632891,0.03294165062589976,0.0177072881786017,0.008636901047344717
C,44,0.002920207288116217,0.052637813289572094,0.03312214463629294,0.017769557854805388,0.008598262342790802
C,45,0.0029246709464738766,0.08200501622140911,0.03393118048222892,0.025658122776288157,0.008486042485889985
C,46,0.002715854595104853,0.05231351198462573,0.031773766624725086,0.017348596606665365,0.008152564248526194
C,47,0.002960854923973481,0.04936483481473819,0.030866362543059515,0.01583141009006025,0.0078073819052218545
C,48,0.004705069245149692,0.09867071247660678,0.042230932330943396,0.028483200090845144,0.009409802732993224
C,49,0.004220880179976423,0.06694294466071524,0.03369286834964078,0.02109441925837007,0.008119009785216087
C,50,0.0031276479130610824,0.04932579995506048,0.0323783262226211,0.016608960987722618,0.008551988834262662
C,51,0.002428707868481676,0.05157682053656914,0.029963187185579936,0.016145602332846162,0.007476898968051935
C,52,0.0034359893451134365,0.08619662763498546,0.039592517953253595,0.028033628683111687,0.010115612229930755
C,53,0.0033225480001419783,0.05053632021187005,0.03129573753776699,0.016897773230138954,0.008108974403914237
C,54,0.0028771821331853666,0.07867361724320694,0.034671505442954,0.02505782516604297,0.008971443548458993
C,55,0.0027956658508628608,0.09243261883814434,0.04769122458022798,0.031036999617230596,0.012990014693543318
C,56,0.0030583941843360662,0.05245702875999559,0.030697458036062525,0.016891614647208116,0.008210623476594495
C,57,0.003045475824425618,0.05130859383782551,0.030856881509910575,0.017376114924215213,0.008404046236836606
C,58,0.0037857789158200223,0.0676144745108365,0.03258016768977425,0.02166130263612079,0.008133419504154466
C,59,0.002980896644294262,0.05434558276332095,0.031969981676939166,0.01795449976067435,0.007859812388906462
C,60,0.0062258751752475895,0.08958406249671963,0.037436117737980126,0.02684933223368147,0.00933836395947024
C,61,0.004552918082724015,0.05170793009629454,0.032344745114210094,0.017977815584004585,0.008692851344837592
C,62,0.002657176740467548,0.07244833851717579,0.03012088562032994,0.02321686938713713,0.00775625888890751
C,63,0.0020722031903763613,0.0531459865586436,0.02880437871285942,0.01776342557947792,0.007504204975806634
C,64,0.0029631850542500616,0.04855120077647933,0.028420724844773388,0.015166395847375285,0.007146185228244838
C,65,0.0019020239124074578,0.04523798458797067,0.027490083612193888,0.014519471025421107,0.006992785997434339
C,66,0.0019808970003699264,0.04044795831737881,0.02495774248027202,0.013110574017685232,0.00626095728488238
C,67,0.001799268430719773,0.05364034686453233,0.02714052663969244,0.01722632418341523,0.006732599254398689
C,68,0.0018938377732411027,0.05240508260760989,0.024776661411431696,0.016318906374183824,0.006106918622441278
C,69,0.0021430644517143565,0.04168685321276942,0.025689472691932842,0.013507546424872573,0.006544975220087051
C,70,0.0025628911176075538,0.05042625022041685,0.02600462375563903,0.01562851776365773,0.006665719122116456
C,71,0.0019000552517051499,0.04914474542078034,0.025513450311048458,0.01556931098881185,0.006481008897783197
C,72,0.0021873379048580927,0.042661315983986065,0.026350035289627028,0.013997327753590368,0.006915851853061153
C,73,0.002612309072477122,0.052872553325777887,0.026916403468392563,0.016706619867826886,0.00687230914566836
C,74,0.0025690067016209167,0.051243936186327915,0.02918336199381304,0.017010754085471303,0.007246699220276035
C,75,0.002138009007709722,0.06710699100883483,0.02791432060282218,0.021200201353624073,0.006929876685305628
C,76,0.0022957570695628722,0.10959215928598696,0.0336104285028159,0.03467748106664331,0.008447226595951648
C,77,0.0027765667842080195,0.05220430364579702,0.03222535952263614,0.016948901983308312,0.008365449129327266
C,78,0.001801998152708014,0.07120882332953958,0.03166833016940518,0.023443060124871656,0.008225136357020015
C,79,0.001462436638151606,0.052467204557519014,0.02474181344185041,0.016970242121053306,0.006349629762849906
C,80,0.0014424217399209738,0.043938487518350035,0.024471591697005003,0.0137860282739267,0.005959429991780008
