hour_end_utc,segment,areal_mean_mm_raw,areal_mean_mm_filled,cell_coverage_frac,n_cells_interp,n_cells_unfillable,cum_mm_filled,source_class
2022-09-23 01:00:00+00:00,spinup,0.0,0.0,1.0,0,0,0.0,obs
2022-09-23 02:00:00+00:00,spinup,0.0,0.0,1.0,0,0,0.0,obs
2022-09-23 03:00:00+00:00,spinup,0.0,0.0,1.0,0,0,0.0,obs
2022-09-23 04:00:00+00:00,spinup,0.0,0.0,1.0,0,0,0.0,obs
2022-09-23 05:00:00+00:00,spinup,0.0,0.0,1.0,0,0,0.0,obs
2022-09-23 06:00:00+00:00,spinup,0.0,0.0,1.0,0,0,0.0,obs
2022-09-23 07:00:00+00:00,spinup,0.0,0.0,1.0,0,0,0.0,obs
2022-09-23 08:00:00+00:00,spinup,0.0,0.0,1.0,0,0,0.0,obs
2022-09-23 09:00:00+00:00,spinup,0.0,0.0,1.0,0,0,0.0,obs
2022-09-23 10:00:00+00:00,spinup,0.0,0.0,1.0,0,0,0.0,obs
2022-09-23 11:00:00+00:00,spinup,0.032494758691177926,0.032494758691177926,1.0,0,0,0.032494758691177926,obs
2022-09-23 12:00:00+00:00,spinup,0.0,0.0,1.0,0,0,0.032494758691177926,obs
2022-09-23 13:00:00+00:00,spinup,0.0,0.0,1.0,0,0,0.032494758691177926,obs
2022-09-23 14:00:00+00:00,spinup,0.0,0.0,1.0,0,0,0.032494758691177926,obs
2022-09-23 15:00:00+00:00,spinup,0.0,0.0,1.0,0,0,0.032494758691177926,obs
2022-09-23 16:00:00+00:00,spinup,0.0,0.0,1.0,0,0,0.032494758691177926,obs
2022-09-23 17:00:00+00:00,spinup,0.0,0.0,1.0,0,0,0.032494758691177926,obs
2022-09-23 18:00:00+00:00,spinup,0.0,0.0,1.0,0,0,0.032494758691177926,obs
2022-09-23 19:00:00+00:00,spinup,0.0,0.0,1.0,0,0,0.032494758691177926,obs
2022-09-23 20:00:00+00:00,spinup,0.0,0.0,1.0,0,0,0.032494758691177926,obs
2022-09-23 21:00:00+00:00,spinup,0.0,0.0,1.0,0,0,0.032494758691177926,obs
2022-09-23 22:00:00+00:00,spinup,0.0,0.0,1.0,0,0,0.032494758691177926,obs
2022-09-23 23:00:00+00:00,spinup,0.0,0.0,1.0,0,0,0.032494758691177926,obs
2022-09-24 00:00:00+00:00,spinup,0.0,0.0,1.0,0,0,0.032494758691177926,obs
2022-09-24 01:00:00+00:00,spinup,0.0,0.0,1.0,0,0,0.032494758691177926,obs
2022-09-24 02:00:00+00:00,spinup,0.0011006289589330085,0.0011006289589330085,1.0,0,0,0.033595387650110935,obs
2022-09-24 03:00:00+00:00,spinup,0.00015723271065038206,0.00015723271065038206,1.0,0,0,0.033752620360761314,obs
2022-09-24 04:00:00+00:00,spinup,0.0,0.0,1.0,0,0,0.033752620360761314,obs
2022-09-24 05:00:00+00:00,spinup,0.0003144654213007641,0.0003144654213007641,1.0,0,0,0.03406708578206208,obs
2022-09-24 06:00:00+00:00,spinup,,0.00015723271065038206,0.0,1908,0,0.03422431849271246,missing_interp
2022-09-24 07:00:00+00:00,spinup,0.0,0.0,1.0,0,0,0.03422431849271246,obs
2022-09-24 08:00:00+00:00,spinup,0.0,0.0,1.0,0,0,0.03422431849271246,obs
2022-09-24 09:00:00+00:00,spinup,0.0,0.0,1.0,0,0,0.03422431849271246,obs
2022-09-24 10:00:00+00:00,spinup,0.0,0.0,1.0,0,0,0.03422431849271246,obs
2022-09-24 11:00:00+00:00,spinup,0.0,0.0,1.0,0,0,0.03422431849271246,obs
2022-09-24 12:00:00+00:00,spinup,0.0,0.0,1.0,0,0,0.03422431849271246,obs
2022-09-24 13:00:00+00:00,spinup,0.0,0.0,1.0,0,0,0.03422431849271246,obs
2022-09-24 14:00:00+00:00,spinup,0.0,0.0,1.0,0,0,0.03422431849271246,obs
2022-09-24 15:00:00+00:00,spinup,0.0,0.0,1.0,0,0,0.03422431849271246,obs
2022-09-24 16:00:00+00:00,spinup,0.0,0.0,1.0,0,0,0.03422431849271246,obs
2022-09-24 17:00:00+00:00,spinup,0.0,0.0,1.0,0,0,0.03422431849271246,obs
2022-09-24 18:00:00+00:00,spinup,0.0,0.0,1.0,0,0,0.03422431849271246,obs
2022-09-24 19:00:00+00:00,spinup,0.0,0.0,1.0,0,0,0.03422431849271246,obs
2022-09-24 20:00:00+00:00,spinup,0.0,0.0,1.0,0,0,0.03422431849271246,obs
2022-09-24 21:00:00+00:00,spinup,0.0,0.0,1.0,0,0,0.03422431849271246,obs
2022-09-24 22:00:00+00:00,spinup,0.0,0.0,1.0,0,0,0.03422431849271246,obs
2022-09-24 23:00:00+00:00,spinup,0.0,0.0,1.0,0,0,0.03422431849271246,obs
2022-09-25 00:00:00+00:00,spinup,0.0,0.0,1.0,0,0,0.03422431849271246,obs
2022-09-25 01:00:00+00:00,spinup,0.0019392033792891591,0.0019392033792891591,1.0,0,0,0.036163521872001614,obs
2022-09-25 02:00:00+00:00,spinup,0.0,0.0,1.0,0,0,0.036163521872001614,obs
2022-09-25 03:00:00+00:00,spinup,0.00047169813195114613,0.00047169813195114613,1.0,0,0,0.03663522000395276,obs
2022-09-25 04:00:00+00:00,spinup,0.0,0.0,1.0,0,0,0.03663522000395276,obs
2022-09-25 05:00:00+00:00,spinup,0.0,0.0,1.0,0,0,0.03663522000395276,obs
2022-09-25 06:00:00+00:00,spinup,0.0,0.0,1.0,0,0,0.03663522000395276,obs
2022-09-25 07:00:00+00:00,spinup,0.0,0.0,1.0,0,0,0.03663522000395276,obs
2022-09-25 08:00:00+00:00,spinup,0.0,0.0,1.0,0,0,0.03663522000395276,obs
2022-09-25 09:00:00+00:00,spinup,0.0,0.0,1.0,0,0,0.03663522000395276,obs
2022-09-25 10:00:00+00:00,spinup,0.0,0.0,1.0,0,0,0.03663522000395276,obs
2022-09-25 11:00:00+00:00,spinup,0.0,0.0,1.0,0,0,0.03663522000395276,obs
2022-09-25 12:00:00+00:00,spinup,0.0,0.0,1.0,0,0,0.03663522000395276,obs
2022-09-25 13:00:00+00:00,spinup,0.0,0.0,1.0,0,0,0.03663522000395276,obs
2022-09-25 14:00:00+00:00,spinup,0.0,0.0,1.0,0,0,0.03663522000395276,obs
2022-09-25 15:00:00+00:00,spinup,0.0,0.0,1.0,0,0,0.03663522000395276,obs
2022-09-25 16:00:00+00:00,spinup,0.0,0.0,1.0,0,0,0.03663522000395276,obs
2022-09-25 17:00:00+00:00,spinup,0.0,0.0,1.0,0,0,0.03663522000395276,obs
2022-09-25 18:00:00+00:00,spinup,0.0,0.0,1.0,0,0,0.03663522000395276,obs
2022-09-25 19:00:00+00:00,spinup,0.0,0.0,1.0,0,0,0.03663522000395276,obs
2022-09-25 20:00:00+00:00,spinup,0.0,0.0,1.0,0,0,0.03663522000395276,obs
2022-09-25 21:00:00+00:00,spinup,,0.0,0.0,1908,0,0.03663522000395276,missing_interp
2022-09-25 22:00:00+00:00,spinup,0.0,0.0,1.0,0,0,0.03663522000395276,obs
2022-09-25 23:00:00+00:00,spinup,0.0,0.0,1.0,0,0,0.03663522000395276,obs
2022-09-26 00:00:00+00:00,spinup,0.0,0.0,1.0,0,0,0.03663522000395276,obs
2022-09-26 01:00:00+00:00,event,0.0,0.0,1.0,0,0,0.03663522000395276,obs
2022-09-26 02:00:00+00:00,event,0.0,0.0,1.0,0,0,0.03663522000395276,obs
2022-09-26 03:00:00+00:00,event,0.0,0.0,1.0,0,0,0.03663522000395276,obs
2022-09-26 04:00:00+00:00,event,0.0,0.0,1.0,0,0,0.03663522000395276,obs
2022-09-26 05:00:00+00:00,event,0.0,0.0,1.0,0,0,0.03663522000395276,obs
2022-09-26 06:00:00+00:00,event,0.0,0.0,1.0,0,0,0.03663522000395276,obs
2022-09-26 07:00:00+00:00,event,0.0,0.0,1.0,0,0,0.03663522000395276,obs
2022-09-26 08:00:00+00:00,event,0.0,0.0,1.0,0,0,0.03663522000395276,obs
2022-09-26 09:00:00+00:00,event,0.0,0.0,1.0,0,0,0.03663522000395276,obs
2022-09-26 10:00:00+00:00,event,0.0,0.0,1.0,0,0,0.03663522000395276,obs
2022-09-26 11:00:00+00:00,event,0.0,0.0,1.0,0,0,0.03663522000395276,obs
2022-09-26 12:00:00+00:00,event,0.0,0.0,1.0,0,0,0.03663522000395276,obs
2022-09-26 13:00:00+00:00,event,0.0,0.0,1.0,0,0,0.03663522000395276,obs
2022-09-26 14:00:00+00:00,event,0.0,0.0,1.0,0,0,0.03663522000395276,obs
2022-09-26 15:00:00+00:00,event,0.0,0.0,1.0,0,0,0.03663522000395276,obs
2022-09-26 16:00:00+00:00,event,0.0,0.0,1.0,0,0,0.03663522000395276,obs
2022-09-26 17:00:00+00:00,event,0.0,0.0,1.0,0,0,0.03663522000395276,obs
2022-09-26 18:00:00+00:00,event,0.0,0.0,1.0,0,0,0.03663522000395276,obs
2022-09-26 19:00:00+00:00,event,0.0,0.0,1.0,0,0,0.03663522000395276,obs
2022-09-26 20:00:00+00:00,event,0.0,0.0,1.0,0,0,0.03663522000395276,obs
2022-09-26 21:00:00+00:00,event,0.0,0.0,1.0,0,0,0.03663522000395276,obs
2022-09-26 22:00:00+00:00,event,0.0,0.0,1.0,0,0,0.03663522000395276,obs
2022-09-26 23:00:00+00:00,event,0.0,0.0,1.0,0,0,0.03663522000395276,obs
2022-09-27 00:00:00+00:00,event,0.0,0.0,1.0,0,0,0.03663522000395276,obs
2022-09-27 01:00:00+00:00,event,0.0,0.0,1.0,0,0,0.03663522000395276,obs
2022-09-27 02:00:00+00:00,event,0.0,0.0,1.0,0,0,0.03663522000395276,obs
2022-09-27 03:00:00+00:00,event,0.0,0.0,1.0,0,0,0.03663522000395276,obs
2022-09-27 04:00:00+00:00,event,0.0,0.0,1.0,0,0,0.03663522000395276,obs
2022-09-27 05:00:00+00:00,event,0.0,0.0,1.0,0,0,0.03663522000395276,obs
2022-09-27 06:00:00+00:00,event,0.0,0.0,1.0,0,0,0.03663522000395276,obs
2022-09-27 07:00:00+00:00,event,0.0,0.0,1.0,0,0,0.03663522000395276,obs
2022-09-27 08:00:00+00:00,event,0.0,0.0,1.0,0,0,0.03663522000395276,obs
2022-09-27 09:00:00+00:00,event,0.0,0.0,1.0,0,0,0.03663522000395276,obs
2022-09-27 10:00:00+00:00,event,0.0,0.0,1.0,0,0,0.03663522000395276,obs
2022-09-27 11:00:00+00:00,event,0.0,0.0,1.0,0,0,0.03663522000395276,obs
2022-09-27 12:00:00+00:00,event,0.0,0.0,1.0,0,0,0.03663522000395276,obs
2022-09-27 13:00:00+00:00,event,0.0,0.0,1.0,0,0,0.03663522000395276,obs
2022-09-27 14:00:00+00:00,event,0.0,0.0,1.0,0,0,0.03663522000395276,obs
2022-09-27 15:00:00+00:00,event,0.0,0.0,1.0,0,0,0.03663522000395276,obs
2022-09-27 16:00:00+00:00,event,0.0,0.0,1.0,0,0,0.03663522000395276,obs
2022-09-27 17:00:00+00:00,event,0.0,0.0,1.0,0,0,0.03663522000395276,obs
2022-09-27 18:00:00+00:00,event,0.0,0.0,1.0,0,0,0.03663522000395276,obs
2022-09-27 19:00:00+00:00,event,0.0,0.0,1.0,0,0,0.03663522000395276,obs
2022-09-27 20:00:00+00:00,event,0.0,0.0,1.0,0,0,0.03663522000395276,obs
2022-09-27 21:00:00+00:00,event,0.0,0.0,1.0,0,0,0.03663522000395276,obs
2022-09-27 22:00:00+00:00,event,0.0,0.0,1.0,0,0,0.03663522000395276,obs
2022-09-27 23:00:00+00:00,event,0.0,0.0,1.0,0,0,0.03663522000395276,obs
2022-09-28 00:00:00+00:00,event,0.0,0.0,1.0,0,0,0.03663522000395276,obs
2022-09-28 01:00:00+00:00,event,0.0,0.0,1.0,0,0,0.03663522000395276,obs
2022-09-28 02:00:00+00:00,event,0.0,0.0,1.0,0,0,0.03663522000395276,obs
2022-09-28 03:00:00+00:00,event,0.0,0.0,1.0,0,0,0.03663522000395276,obs
2022-09-28 04:00:00+00:00,event,0.0,0.0,1.0,0,0,0.03663522000395276,obs
2022-09-28 05:00:00+00:00,event,0.0,0.0,1.0,0,0,0.03663522000395276,obs
2022-09-28 06:00:00+00:00,event,0.0,0.0,1.0,0,0,0.03663522000395276,obs
2022-09-28 07:00:00+00:00,event,0.0,0.0,1.0,0,0,0.03663522000395276,obs
2022-09-28 08:00:00+00:00,event,0.0,0.0,1.0,0,0,0.03663522000395276,obs
2022-09-28 09:00:00+00:00,event,0.0,0.0,1.0,0,0,0.03663522000395276,obs
2022-09-28 10:00:00+00:00,event,0.0,0.0,1.0,0,0,0.03663522000395276,obs
2022-09-28 11:00:00+00:00,event,0.0,0.0,1.0,0,0,0.03663522000395276,obs
2022-09-28 12:00:00+00:00,event,0.0,0.0,1.0,0,0,0.03663522000395276,obs
2022-09-28 13:00:00+00:00,event,0.0,0.0,1.0,0,0,0.03663522000395276,obs
2022-09-28 14:00:00+00:00,event,0.24633123683479596,0.24633123683479596,1.0,0,0,0.2829664568387487,obs
2022-09-28 15:00:00+00:00,event,0.5876310261384247,0.5876310261384247,1.0,0,0,0.8705974829771734,obs
2022-09-28 16:00:00+00:00,event,,1.0734538763558465,0.0,1908,0,1.94405135933302,missing_interp
2022-09-28 17:00:00+00:00,event,1.5592767265732683,1.5592767265732683,1.0,0,0,3.503328085906288,obs
2022-09-28 18:00:00+00:00,event,0.40634172277005715,0.40634172277005715,1.0,0,0,3.909669808676345,obs
2022-09-28 19:00:00+00:00,event,0.40272536769165684,0.40272536769165684,1.0,0,0,4.3123951763680015,obs
2022-09-28 20:00:00+00:00,event,0.6931865867266365,0.6931865867266365,1.0,0,0,5.0055817630946375,obs
2022-09-28 21:00:00+00:00,event,0.7638364807396065,0.7638364807396065,1.0,0,0,5.769418243834244,obs
2022-09-28 22:00:00+00:00,event,0.8270964368053202,0.8270964368053202,1.0,0,0,6.596514680639564,obs
2022-09-28 23:00:00+00:00,event,1.1694444466374456,1.1694444466374456,1.0,0,0,7.76595912727701,obs
2022-09-29 00:00:00+00:00,event,1.090985325241239,1.090985325241239,1.0,0,0,8.856944452518249,obs
2022-09-29 01:00:00+00:00,event,1.393763102059969,1.393763102059969,1.0,0,0,10.250707554578218,obs
2022-09-29 02:00:00+00:00,event,0.5220125810374004,0.5220125810374004,1.0,0,0,10.772720135615618,obs
2022-09-29 03:00:00+00:00,event,0.5586478004634255,0.5586478004634255,1.0,0,0,11.331367936079044,obs
2022-09-29 04:00:00+00:00,event,0.5814465441325176,0.5814465441325176,1.0,0,0,11.912814480211562,obs
2022-09-29 05:00:00+00:00,event,0.35744235052315193,0.35744235052315193,1.0,0,0,12.270256830734715,obs
2022-09-29 06:00:00+00:00,event,0.26236897341485294,0.26236897341485294,1.0,0,0,12.532625804149568,obs
2022-09-29 07:00:00+00:00,event,1.9387316541351862,1.9387316541351862,1.0,0,0,14.471357458284754,obs
2022-09-29 08:00:00+00:00,event,1.647903564356783,1.647903564356783,1.0,0,0,16.11926102264154,obs
2022-09-29 09:00:00+00:00,event,1.1359014699637764,1.1359014699637764,1.0,0,0,17.255162492605315,obs
2022-09-29 10:00:00+00:00,event,1.5178197084201708,1.5178197084201708,1.0,0,0,18.772982201025485,obs
2022-09-29 11:00:00+00:00,event,1.4691299788450796,1.4691299788450796,1.0,0,0,20.242112179870563,obs
2022-09-29 12:00:00+00:00,event,2.5474842768826327,2.5474842768826327,1.0,0,0,22.789596456753195,obs
2022-09-29 13:00:00+00:00,event,2.424633123152411,2.424633123152411,1.0,0,0,25.214229579905606,obs
2022-09-29 14:00:00+00:00,event,1.682809223309628,1.682809223309628,1.0,0,0,26.897038803215235,obs
2022-09-29 15:00:00+00:00,event,1.9030398295516737,1.9030398295516737,1.0,0,0,28.80007863276691,obs
2022-09-29 16:00:00+00:00,event,1.102253666745042,1.102253666745042,1.0,0,0,29.90233229951195,obs
2022-09-29 17:00:00+00:00,event,1.5182914017412648,1.5182914017412648,1.0,0,0,31.420623701253216,obs
2022-09-29 18:00:00+00:00,event,1.6375786134938024,1.6375786134938024,1.0,0,0,33.05820231474702,obs
2022-09-29 19:00:00+00:00,event,1.5873165624352872,1.5873165624352872,1.0,0,0,34.64551887718231,obs
2022-09-29 20:00:00+00:00,event,1.6696540886532336,1.6696540886532336,1.0,0,0,36.31517296583554,obs
2022-09-29 21:00:00+00:00,event,1.2632599624197938,1.2632599624197938,1.0,0,0,37.57843292825534,obs
2022-09-29 22:00:00+00:00,event,0.6272536685038163,0.6272536685038163,1.0,0,0,38.20568659675916,obs
2022-09-29 23:00:00+00:00,event,0.8581236927326871,0.8581236927326871,1.0,0,0,39.06381028949185,obs
2022-09-30 00:00:00+00:00,event,0.14114255872037676,0.14114255872037676,1.0,0,0,39.20495284821222,obs
2022-09-30 01:00:00+00:00,event,0.005712788309941002,0.005712788309941002,1.0,0,0,39.210665636522165,obs
2022-09-30 02:00:00+00:00,event,0.0,0.0,1.0,0,0,39.210665636522165,obs
2022-09-30 03:00:00+00:00,event,0.004979035717511327,0.004979035717511327,1.0,0,0,39.21564467223968,obs
2022-09-30 04:00:00+00:00,event,0.0007337526392886724,0.0007337526392886724,1.0,0,0,39.21637842487897,obs
2022-09-30 05:00:00+00:00,event,0.00833333358637192,0.00833333358637192,1.0,0,0,39.22471175846534,obs
2022-09-30 06:00:00+00:00,event,0.015251572511356082,0.015251572511356082,1.0,0,0,39.23996333097669,obs
2022-09-30 07:00:00+00:00,event,0.0,0.0,1.0,0,0,39.23996333097669,obs
2022-09-30 08:00:00+00:00,event,0.0,0.0,1.0,0,0,39.23996333097669,obs
2022-09-30 09:00:00+00:00,event,0.0,0.0,1.0,0,0,39.23996333097669,obs
2022-09-30 10:00:00+00:00,event,0.0,0.0,1.0,0,0,39.23996333097669,obs
2022-09-30 11:00:00+00:00,event,0.0,0.0,1.0,0,0,39.23996333097669,obs
2022-09-30 12:00:00+00:00,event,0.0,0.0,1.0,0,0,39.23996333097669,obs
2022-09-30 13:00:00+00:00,event,0.0,0.0,1.0,0,0,39.23996333097669,obs
2022-09-30 14:00:00+00:00,event,0.0,0.0,1.0,0,0,39.23996333097669,obs
2022-09-30 15:00:00+00:00,event,0.0,0.0,1.0,0,0,39.23996333097669,obs
2022-09-30 16:00:00+00:00,event,0.0,0.0,1.0,0,0,39.23996333097669,obs
2022-09-30 17:00:00+00:00,event,0.0,0.0,1.0,0,0,39.23996333097669,obs
2022-09-30 18:00:00+00:00,event,0.0,0.0,1.0,0,0,39.23996333097669,obs
2022-09-30 19:00:00+00:00,event,0.0,0.0,1.0,0,0,39.23996333097669,obs
2022-09-30 20:00:00+00:00,event,0.0,0.0,1.0,0,0,39.23996333097669,obs
2022-09-30 21:00:00+00:00,event,0.0,0.0,1.0,0,0,39.23996333097669,obs
2022-09-30 22:00:00+00:00,event,0.0,0.0,1.0,0,0,39.23996333097669,obs
2022-09-30 23:00:00+00:00,event,0.0,0.0,1.0,0,0,39.23996333097669,obs
2022-10-01 00:00:00+00:00,event,0.0,0.0,1.0,0,0,39.23996333097669,obs
2022-10-01 01:00:00+00:00,event,0.0,0.0,1.0,0,0,39.23996333097669,obs
2022-10-01 02:00:00+00:00,event,0.0,0.0,1.0,0,0,39.23996333097669,obs
2022-10-01 03:00:00+00:00,event,0.0,0.0,1.0,0,0,39.23996333097669,obs
2022-10-01 04:00:00+00:00,event,0.0,0.0,1.0,0,0,39.23996333097669,obs
2022-10-01 05:00:00+00:00,event,0.0,0.0,1.0,0,0,39.23996333097669,obs
2022-10-01 06:00:00+00:00,event,0.0,0.0,1.0,0,0,39.23996333097669,obs
2022-10-01 07:00:00+00:00,event,0.0,0.0,1.0,0,0,39.23996333097669,obs
2022-10-01 08:00:00+00:00,event,0.0,0.0,1.0,0,0,39.23996333097669,obs
2022-10-01 09:00:00+00:00,event,0.0,0.0,1.0,0,0,39.23996333097669,obs
2022-10-01 10:00:00+00:00,event,0.0,0.0,1.0,0,0,39.23996333097669,obs
2022-10-01 11:00:00+00:00,event,0.0,0.0,1.0,0,0,39.23996333097669,obs
2022-10-01 12:00:00+00:00,event,0.0,0.0,1.0,0,0,39.23996333097669,obs
2022-10-01 13:00:00+00:00,event,0.0,0.0,1.0,0,0,39.23996333097669,obs
2022-10-01 14:00:00+00:00,event,0.0,0.0,1.0,0,0,39.23996333097669,obs
2022-10-01 15:00:00+00:00,event,0.0,0.0,1.0,0,0,39.23996333097669,obs
2022-10-01 16:00:00+00:00,event,0.0,0.0,1.0,0,0,39.23996333097669,obs
2022-10-01 17:00:00+00:00,event,0.0,0.0,1.0,0,0,39.23996333097669,obs
2022-10-01 18:00:00+00:00,event,0.0,0.0,1.0,0,0,39.23996333097669,obs
2022-10-01 19:00:00+00:00,event,0.0,0.0,1.0,0,0,39.23996333097669,obs
2022-10-01 20:00:00+00:00,event,0.0,0.0,1.0,0,0,39.23996333097669,obs
2022-10-01 21:00:00+00:00,event,0.0,0.0,1.0,0,0,39.23996333097669,obs
2022-10-01 22:00:00+00:00,event,0.0,0.0,1.0,0,0,39.23996333097669,obs
2022-10-01 23:00:00+00:00,event,0.0,0.0,1.0,0,0,39.23996333097669,obs
2022-10-02 00:00:00+00:00,event,0.0,0.0,1.0,0,0,39.23996333097669,obs
2022-10-02 01:00:00+00:00,event,0.0,0.0,1.0,0,0,39.23996333097669,obs
2022-10-02 02:00:00+00:00,event,0.0,0.0,1.0,0,0,39.23996333097669,obs
2022-10-02 03:00:00+00:00,event,0.0,0.0,1.0,0,0,39.23996333097669,obs
2022-10-02 04:00:00+00:00,event,0.0,0.0,1.0,0,0,39.23996333097669,obs
2022-10-02 05:00:00+00:00,event,0.0,0.0,1.0,0,0,39.23996333097669,obs
2022-10-02 06:00:00+00:00,event,0.0,0.0,1.0,0,0,39.23996333097669,obs
2022-10-02 07:00:00+00:00,event,0.0,0.0,1.0,0,0,39.23996333097669,obs
2022-10-02 08:00:00+00:00,event,0.0,0.0,1.0,0,0,39.23996333097669,obs
2022-10-02 09:00:00+00:00,event,0.0,0.0,1.0,0,0,39.23996333097669,obs
2022-10-02 10:00:00+00:00,event,0.0,0.0,1.0,0,0,39.23996333097669,obs
2022-10-02 11:00:00+00:00,event,0.0,0.0,1.0,0,0,39.23996333097669,obs
2022-10-02 12:00:00+00:00,event,0.0,0.0,1.0,0,0,39.23996333097669,obs
2022-10-02 13:00:00+00:00,event,0.0,0.0,1.0,0,0,39.23996333097669,obs
2022-10-02 14:00:00+00:00,event,0.0,0.0,1.0,0,0,39.23996333097669,obs
2022-10-02 15:00:00+00:00,event,0.0,0.0,1.0,0,0,39.23996333097669,obs
2022-10-02 16:00:00+00:00,event,0.0,0.0,1.0,0,0,39.23996333097669,obs
2022-10-02 17:00:00+00:00,event,0.0,0.0,1.0,0,0,39.23996333097669,obs
2022-10-02 18:00:00+00:00,event,0.0,0.0,1.0,0,0,39.23996333097669,obs
2022-10-02 19:00:00+00:00,event,0.0,0.0,1.0,0,0,39.23996333097669,obs
2022-10-02 20:00:00+00:00,event,0.0,0.0,1.0,0,0,39.23996333097669,obs
2022-10-02 21:00:00+00:00,event,0.0,0.0,1.0,0,0,39.23996333097669,obs
2022-10-02 22:00:00+00:00,event,0.0,0.0,1.0,0,0,39.23996333097669,obs
2022-10-02 23:00:00+00:00,event,0.0,0.0,1.0,0,0,39.23996333097669,obs
2022-10-03 00:00:00+00:00,event,0.0,0.0,1.0,0,0,39.23996333097669,obs
