hour_end_utc,areal_mean_mm_raw,areal_mean_mm_filled,cell_coverage_frac,file_present,n_cells_interp,n_cells_unfillable,cum_mm_filled,source_class
2024-09-30 01:00:00+00:00,0.0,0.0,1.0,True,0,0,0.0,obs
2024-09-30 02:00:00+00:00,0.0,0.0,1.0,True,0,0,0.0,obs
2024-09-30 03:00:00+00:00,0.0015723270440251573,0.0015723270440251573,1.0,True,0,0,0.0015723270440251573,obs
2024-09-30 04:00:00+00:00,0.0020440251572327044,0.0020440251572327044,1.0,True,0,0,0.0036163522012578617,obs
2024-09-30 05:00:00+00:00,0.006236897274633123,0.006236897274633123,1.0,True,0,0,0.009853249475890984,obs
2024-09-30 06:00:00+00:00,0.0031970649895178196,0.0031970649895178196,1.0,True,0,0,0.013050314465408804,obs
2024-09-30 07:00:00+00:00,0.0,0.0,1.0,True,0,0,0.013050314465408804,obs
2024-09-30 08:00:00+00:00,0.0,0.0,1.0,True,0,0,0.013050314465408804,obs
2024-09-30 09:00:00+00:00,0.0015199161425576522,0.0015199161425576522,1.0,True,0,0,0.014570230607966457,obs
2024-09-30 10:00:00+00:00,0.00015723270440251572,0.00015723270440251572,1.0,True,0,0,0.014727463312368972,obs
2024-09-30 11:00:00+00:00,0.0,0.0,1.0,True,0,0,0.014727463312368972,obs
2024-09-30 12:00:00+00:00,0.0,0.0,1.0,True,0,0,0.014727463312368972,obs
2024-09-30 13:00:00+00:00,0.0,0.0,1.0,True,0,0,0.014727463312368972,obs
2024-09-30 14:00:00+00:00,0.00015723270440251572,0.00015723270440251572,1.0,True,0,0,0.014884696016771488,obs
2024-09-30 15:00:00+00:00,0.0,0.0,1.0,True,0,0,0.014884696016771488,obs
2024-09-30 16:00:00+00:00,0.0,0.0,1.0,True,0,0,0.014884696016771488,obs
2024-09-30 17:00:00+00:00,0.0,0.0,1.0,True,0,0,0.014884696016771488,obs
2024-09-30 18:00:00+00:00,0.0,0.0,1.0,True,0,0,0.014884696016771488,obs
2024-09-30 19:00:00+00:00,0.0,0.0,1.0,True,0,0,0.014884696016771488,obs
2024-09-30 20:00:00+00:00,0.1330188679245283,0.1330188679245283,1.0,True,0,0,0.14790356394129978,obs
2024-09-30 21:00:00+00:00,1.3450733752620543,1.3450733752620543,1.0,True,0,0,1.492976939203354,obs
2024-09-30 22:00:00+00:00,0.33553459119496853,0.33553459119496853,1.0,True,0,0,1.8285115303983226,obs
2024-09-30 23:00:00+00:00,1.425104821802935,1.425104821802935,1.0,True,0,0,3.2536163522012576,obs
2024-10-01 00:00:00+00:00,1.32520964360587,1.32520964360587,1.0,True,0,0,4.578825995807128,obs
2024-10-01 01:00:00+00:00,0.022274633123689727,0.022274633123689727,1.0,True,0,0,4.601100628930817,obs
2024-10-01 02:00:00+00:00,0.0,0.0,1.0,True,0,0,4.601100628930817,obs
2024-10-01 03:00:00+00:00,0.0,0.0,1.0,True,0,0,4.601100628930817,obs
2024-10-01 04:00:00+00:00,0.0,0.0,1.0,True,0,0,4.601100628930817,obs
2024-10-01 05:00:00+00:00,0.0,0.0,1.0,True,0,0,4.601100628930817,obs
2024-10-01 06:00:00+00:00,0.0,0.0,1.0,True,0,0,4.601100628930817,obs
2024-10-01 07:00:00+00:00,0.00330188679245283,0.00330188679245283,1.0,True,0,0,4.604402515723271,obs
2024-10-01 08:00:00+00:00,0.2645702306079665,0.2645702306079665,1.0,True,0,0,4.868972746331237,obs
2024-10-01 09:00:00+00:00,0.20759958071278825,0.20759958071278825,1.0,True,0,0,5.076572327044025,obs
2024-10-01 10:00:00+00:00,0.0760482180293501,0.0760482180293501,1.0,True,0,0,5.1526205450733755,obs
2024-10-01 11:00:00+00:00,0.009433962264150943,0.009433962264150943,1.0,True,0,0,5.162054507337526,obs
2024-10-01 12:00:00+00:00,0.019549266247379453,0.019549266247379453,1.0,True,0,0,5.181603773584905,obs
2024-10-01 13:00:00+00:00,0.029559748427672956,0.029559748427672956,1.0,True,0,0,5.211163522012578,obs
2024-10-01 14:00:00+00:00,0.0,0.0,1.0,True,0,0,5.211163522012578,obs
2024-10-01 15:00:00+00:00,0.0,0.0,1.0,True,0,0,5.211163522012578,obs
2024-10-01 16:00:00+00:00,0.0,0.0,1.0,True,0,0,5.211163522012578,obs
2024-10-01 17:00:00+00:00,0.0,0.0,1.0,True,0,0,5.211163522012578,obs
2024-10-01 18:00:00+00:00,0.0,0.0,1.0,True,0,0,5.211163522012578,obs
2024-10-01 19:00:00+00:00,0.0,0.0,1.0,True,0,0,5.211163522012578,obs
2024-10-01 20:00:00+00:00,0.0,0.0,1.0,True,0,0,5.211163522012578,obs
2024-10-01 21:00:00+00:00,0.0,0.0,1.0,True,0,0,5.211163522012578,obs
2024-10-01 22:00:00+00:00,0.0,0.0,1.0,True,0,0,5.211163522012578,obs
2024-10-01 23:00:00+00:00,0.0,0.0,1.0,True,0,0,5.211163522012578,obs
2024-10-02 00:00:00+00:00,0.0018867924528301885,0.0018867924528301885,1.0,True,0,0,5.213050314465408,obs
2024-10-02 01:00:00+00:00,0.0,0.0,1.0,True,0,0,5.213050314465408,obs
2024-10-02 02:00:00+00:00,0.0,0.0,1.0,True,0,0,5.213050314465408,obs
2024-10-02 03:00:00+00:00,0.0,0.0,1.0,True,0,0,5.213050314465408,obs
2024-10-02 04:00:00+00:00,0.0,0.0,1.0,True,0,0,5.213050314465408,obs
2024-10-02 05:00:00+00:00,0.0,0.0,1.0,True,0,0,5.213050314465408,obs
2024-10-02 06:00:00+00:00,0.008962264150943398,0.008962264150943398,1.0,True,0,0,5.222012578616352,obs
2024-10-02 07:00:00+00:00,0.04439203354297694,0.04439203354297694,1.0,True,0,0,5.266404612159328,obs
2024-10-02 08:00:00+00:00,0.15980083857442348,0.15980083857442348,1.0,True,0,0,5.426205450733752,obs
2024-10-02 09:00:00+00:00,0.23149895178197064,0.23149895178197064,1.0,True,0,0,5.657704402515723,obs
2024-10-02 10:00:00+00:00,0.015566037735849057,0.015566037735849057,1.0,True,0,0,5.673270440251572,obs
2024-10-02 11:00:00+00:00,0.014150943396226415,0.014150943396226415,1.0,True,0,0,5.6874213836477985,obs
2024-10-02 12:00:00+00:00,0.0,0.0,1.0,True,0,0,5.6874213836477985,obs
2024-10-02 13:00:00+00:00,0.0,0.0,1.0,True,0,0,5.6874213836477985,obs
2024-10-02 14:00:00+00:00,0.0,0.0,1.0,True,0,0,5.6874213836477985,obs
2024-10-02 15:00:00+00:00,0.0,0.0,1.0,True,0,0,5.6874213836477985,obs
2024-10-02 16:00:00+00:00,0.0,0.0,1.0,True,0,0,5.6874213836477985,obs
2024-10-02 17:00:00+00:00,0.0,0.0,1.0,True,0,0,5.6874213836477985,obs
2024-10-02 18:00:00+00:00,0.0,0.0,1.0,True,0,0,5.6874213836477985,obs
2024-10-02 19:00:00+00:00,0.0,0.0,1.0,True,0,0,5.6874213836477985,obs
2024-10-02 20:00:00+00:00,0.0,0.0,1.0,True,0,0,5.6874213836477985,obs
2024-10-02 21:00:00+00:00,0.0,0.0,1.0,True,0,0,5.6874213836477985,obs
2024-10-02 22:00:00+00:00,0.0,0.0,1.0,True,0,0,5.6874213836477985,obs
2024-10-02 23:00:00+00:00,0.0,0.0,1.0,True,0,0,5.6874213836477985,obs
2024-10-03 00:00:00+00:00,0.0,0.0,1.0,True,0,0,5.6874213836477985,obs
2024-10-03 01:00:00+00:00,0.046331236897274634,0.046331236897274634,1.0,True,0,0,5.733752620545073,obs
2024-10-03 02:00:00+00:00,0.09931865828092243,0.09931865828092243,1.0,True,0,0,5.8330712788259955,obs
2024-10-03 03:00:00+00:00,0.09748427672955975,0.09748427672955975,1.0,True,0,0,5.930555555555555,obs
2024-10-03 04:00:00+00:00,0.064937106918239,0.064937106918239,1.0,True,0,0,5.9954926624737945,obs
2024-10-03 05:00:00+00:00,0.037316561844863726,0.037316561844863726,1.0,True,0,0,6.032809224318658,obs
2024-10-03 06:00:00+00:00,0.05917190775681342,0.05917190775681342,1.0,True,0,0,6.091981132075472,obs
2024-10-03 07:00:00+00:00,0.05759958071278826,0.05759958071278826,1.0,True,0,0,6.149580712788261,obs
2024-10-03 08:00:00+00:00,0.019077568134171906,0.019077568134171906,1.0,True,0,0,6.168658280922433,obs
2024-10-03 09:00:00+00:00,0.004664570230607967,0.004664570230607967,1.0,True,0,0,6.17332285115304,obs
2024-10-03 10:00:00+00:00,0.0020964360587002098,0.0020964360587002098,1.0,True,0,0,6.17541928721174,obs
2024-10-03 11:00:00+00:00,0.0006813417190775681,0.0006813417190775681,1.0,True,0,0,6.176100628930818,obs
2024-10-03 12:00:00+00:00,0.0,0.0,1.0,True,0,0,6.176100628930818,obs
2024-10-03 13:00:00+00:00,0.0,0.0,1.0,True,0,0,6.176100628930818,obs
2024-10-03 14:00:00+00:00,0.0,0.0,1.0,True,0,0,6.176100628930818,obs
2024-10-03 15:00:00+00:00,0.0,0.0,1.0,True,0,0,6.176100628930818,obs
2024-10-03 16:00:00+00:00,0.0016247379454926625,0.0016247379454926625,1.0,True,0,0,6.17772536687631,obs
2024-10-03 17:00:00+00:00,0.08542976939203355,0.08542976939203355,1.0,True,0,0,6.2631551362683435,obs
2024-10-03 18:00:00+00:00,0.1318658280922432,0.1318658280922432,1.0,True,0,0,6.395020964360587,obs
2024-10-03 19:00:00+00:00,0.21231656184486372,0.21231656184486372,1.0,True,0,0,6.60733752620545,obs
2024-10-03 20:00:00+00:00,0.00880503144654088,0.00880503144654088,1.0,True,0,0,6.616142557651991,obs
2024-10-03 21:00:00+00:00,0.00031446540880503143,0.00031446540880503143,1.0,True,0,0,6.616457023060796,obs
2024-10-03 22:00:00+00:00,0.0,0.0,1.0,True,0,0,6.616457023060796,obs
2024-10-03 23:00:00+00:00,0.0036163522012578617,0.0036163522012578617,1.0,True,0,0,6.620073375262054,obs
2024-10-04 00:00:00+00:00,0.005607966457023061,0.005607966457023061,1.0,True,0,0,6.625681341719077,obs
2024-10-04 01:00:00+00:00,0.05649895178197065,0.05649895178197065,1.0,True,0,0,6.682180293501048,obs
2024-10-04 02:00:00+00:00,0.01761006289308176,0.01761006289308176,1.0,True,0,0,6.69979035639413,obs
2024-10-04 03:00:00+00:00,0.018815513626834382,0.018815513626834382,1.0,True,0,0,6.718605870020965,obs
2024-10-04 04:00:00+00:00,0.005974842767295598,0.005974842767295598,1.0,True,0,0,6.72458071278826,obs
2024-10-04 05:00:00+00:00,0.0062368972746331235,0.0062368972746331235,1.0,True,0,0,6.730817610062893,obs
2024-10-04 06:00:00+00:00,0.005607966457023061,0.005607966457023061,1.0,True,0,0,6.736425576519916,obs
2024-10-04 07:00:00+00:00,0.0004716981132075471,0.0004716981132075471,1.0,True,0,0,6.736897274633123,obs
2024-10-04 08:00:00+00:00,0.000681341719077568,0.000681341719077568,1.0,True,0,0,6.7375786163522005,obs
2024-10-04 09:00:00+00:00,0.06944444444444445,0.06944444444444445,1.0,True,0,0,6.807023060796645,obs
2024-10-04 10:00:00+00:00,0.0009958071278825995,0.0009958071278825995,1.0,True,0,0,6.8080188679245275,obs
2024-10-04 11:00:00+00:00,0.008385744234800839,0.008385744234800839,1.0,True,0,0,6.816404612159328,obs
2024-10-04 12:00:00+00:00,0.02038784067085954,0.02038784067085954,1.0,True,0,0,6.8367924528301875,obs
2024-10-04 13:00:00+00:00,0.02720125786163522,0.02720125786163522,1.0,True,0,0,6.8639937106918225,obs
2024-10-04 14:00:00+00:00,0.02017819706498952,0.02017819706498952,1.0,True,0,0,6.884171907756812,obs
2024-10-04 15:00:00+00:00,0.39748427672955966,0.39748427672955966,1.0,True,0,0,7.281656184486372,obs
2024-10-04 16:00:00+00:00,0.230188679245283,0.230188679245283,1.0,True,0,0,7.511844863731655,obs
2024-10-04 17:00:00+00:00,0.3311844863731656,0.3311844863731656,1.0,True,0,0,7.84302935010482,obs
2024-10-04 18:00:00+00:00,0.47751572327044034,0.47751572327044034,1.0,True,0,0,8.32054507337526,obs
2024-10-04 19:00:00+00:00,0.2033018867924528,0.2033018867924528,1.0,True,0,0,8.523846960167713,obs
2024-10-04 20:00:00+00:00,0.052044025157232714,0.052044025157232714,1.0,True,0,0,8.575890985324946,obs
2024-10-04 21:00:00+00:00,0.03553459119496855,0.03553459119496855,1.0,True,0,0,8.611425576519915,obs
2024-10-04 22:00:00+00:00,0.019706498951781976,0.019706498951781976,1.0,True,0,0,8.631132075471697,obs
2024-10-04 23:00:00+00:00,0.26011530398322846,0.26011530398322846,1.0,True,0,0,8.891247379454926,obs
2024-10-05 00:00:00+00:00,0.37982180293501044,0.37982180293501044,1.0,True,0,0,9.271069182389937,obs
2024-10-05 01:00:00+00:00,0.00020964360587002098,0.00020964360587002098,1.0,True,0,0,9.271278825995807,obs
2024-10-05 02:00:00+00:00,0.0,0.0,1.0,True,0,0,9.271278825995807,obs
2024-10-05 03:00:00+00:00,0.0,0.0,1.0,True,0,0,9.271278825995807,obs
2024-10-05 04:00:00+00:00,0.0,0.0,1.0,True,0,0,9.271278825995807,obs
2024-10-05 05:00:00+00:00,0.0,0.0,1.0,True,0,0,9.271278825995807,obs
2024-10-05 06:00:00+00:00,0.0,0.0,1.0,True,0,0,9.271278825995807,obs
2024-10-05 07:00:00+00:00,0.0,0.0,1.0,True,0,0,9.271278825995807,obs
2024-10-05 08:00:00+00:00,0.0,0.0,1.0,True,0,0,9.271278825995807,obs
2024-10-05 09:00:00+00:00,0.014308176100628931,0.014308176100628931,1.0,True,0,0,9.285587002096436,obs
2024-10-05 10:00:00+00:00,0.0,0.0,1.0,True,0,0,9.285587002096436,obs
2024-10-05 11:00:00+00:00,0.0,0.0,1.0,True,0,0,9.285587002096436,obs
2024-10-05 12:00:00+00:00,0.009591194968553459,0.009591194968553459,1.0,True,0,0,9.29517819706499,obs
2024-10-05 13:00:00+00:00,0.02851153039832285,0.02851153039832285,1.0,True,0,0,9.323689727463313,obs
2024-10-05 14:00:00+00:00,0.03548218029350105,0.03548218029350105,1.0,True,0,0,9.359171907756814,obs
2024-10-05 15:00:00+00:00,0.0931341719077568,0.0931341719077568,1.0,True,0,0,9.45230607966457,obs
2024-10-05 16:00:00+00:00,0.08726415094339623,0.08726415094339623,1.0,True,0,0,9.539570230607966,obs
2024-10-05 17:00:00+00:00,0.44779874213836485,0.44779874213836485,1.0,True,0,0,9.987368972746332,obs
2024-10-05 18:00:00+00:00,0.2593815513626834,0.2593815513626834,1.0,True,0,0,10.246750524109014,obs
2024-10-05 19:00:00+00:00,0.2522012578616352,0.2522012578616352,1.0,True,0,0,10.49895178197065,obs
2024-10-05 20:00:00+00:00,0.609748427672956,0.609748427672956,1.0,True,0,0,11.108700209643606,obs
2024-10-05 21:00:00+00:00,2.594601677148847,2.594601677148847,1.0,True,0,0,13.703301886792453,obs
2024-10-05 22:00:00+00:00,2.0561844863731658,2.0561844863731658,1.0,True,0,0,15.759486373165618,obs
2024-10-05 23:00:00+00:00,0.42054507337526204,0.42054507337526204,1.0,True,0,0,16.18003144654088,obs
2024-10-06 00:00:00+00:00,0.12159329140461217,0.12159329140461217,1.0,True,0,0,16.30162473794549,obs
2024-10-06 01:00:00+00:00,0.0023060796645702304,0.0023060796645702304,1.0,True,0,0,16.303930817610063,obs
2024-10-06 02:00:00+00:00,0.0016771488469601678,0.0016771488469601678,1.0,True,0,0,16.30560796645702,obs
2024-10-06 03:00:00+00:00,0.004088050314465409,0.004088050314465409,1.0,True,0,0,16.309696016771486,obs
2024-10-06 04:00:00+00:00,0.00031446540880503143,0.00031446540880503143,1.0,True,0,0,16.310010482180292,obs
2024-10-06 05:00:00+00:00,0.008857442348008384,0.008857442348008384,1.0,True,0,0,16.318867924528302,obs
2024-10-06 06:00:00+00:00,0.016666666666666666,0.016666666666666666,1.0,True,0,0,16.335534591194968,obs
2024-10-06 07:00:00+00:00,0.24538784067085953,0.24538784067085953,1.0,True,0,0,16.580922431865826,obs
2024-10-06 08:00:00+00:00,0.020859538784067086,0.020859538784067086,1.0,True,0,0,16.601781970649892,obs
2024-10-06 09:00:00+00:00,0.048480083857442346,0.048480083857442346,1.0,True,0,0,16.650262054507333,obs
2024-10-06 10:00:00+00:00,0.6755765199161425,0.6755765199161425,1.0,True,0,0,17.325838574423475,obs
2024-10-06 11:00:00+00:00,0.31205450733752627,0.31205450733752627,1.0,True,0,0,17.637893081761,obs
2024-10-06 12:00:00+00:00,0.22232704402515724,0.22232704402515724,1.0,True,0,0,17.860220125786157,obs
2024-10-06 13:00:00+00:00,0.13244234800838572,0.13244234800838572,1.0,True,0,0,17.992662473794542,obs
2024-10-06 14:00:00+00:00,0.674685534591195,0.674685534591195,1.0,True,0,0,18.667348008385737,obs
2024-10-06 15:00:00+00:00,1.913469601677149,1.913469601677149,1.0,True,0,0,20.580817610062887,obs
2024-10-06 16:00:00+00:00,3.5480083857442346,3.5480083857442346,1.0,True,0,0,24.128825995807123,obs
2024-10-06 17:00:00+00:00,1.3419811320754718,1.3419811320754718,1.0,True,0,0,25.470807127882594,obs
2024-10-06 18:00:00+00:00,0.31252620545073373,0.31252620545073373,1.0,True,0,0,25.783333333333328,obs
2024-10-06 19:00:00+00:00,0.3082285115303983,0.3082285115303983,1.0,True,0,0,26.091561844863726,obs
2024-10-06 20:00:00+00:00,2.4352725366876307,2.4352725366876307,1.0,True,0,0,28.526834381551357,obs
2024-10-06 21:00:00+00:00,7.09433962264151,7.09433962264151,1.0,True,0,0,35.621174004192866,obs
2024-10-06 22:00:00+00:00,5.026729559748428,5.026729559748428,1.0,True,0,0,40.64790356394129,obs
2024-10-06 23:00:00+00:00,1.1392557651991615,1.1392557651991615,1.0,True,0,0,41.78715932914045,obs
2024-10-07 00:00:00+00:00,0.30241090146750527,0.30241090146750527,1.0,True,0,0,42.089570230607954,obs
2024-10-07 01:00:00+00:00,0.08983228511530397,0.08983228511530397,1.0,True,0,0,42.17940251572326,obs
2024-10-07 02:00:00+00:00,0.12216981132075473,0.12216981132075473,1.0,True,0,0,42.30157232704401,obs
2024-10-07 03:00:00+00:00,0.02788259958071279,0.02788259958071279,1.0,True,0,0,42.32945492662473,obs
2024-10-07 04:00:00+00:00,0.11247379454926625,0.11247379454926625,1.0,True,0,0,42.441928721173994,obs
2024-10-07 05:00:00+00:00,0.2348008385744235,0.2348008385744235,1.0,True,0,0,42.676729559748416,obs
2024-10-07 06:00:00+00:00,0.27835429769392034,0.27835429769392034,1.0,True,0,0,42.95508385744234,obs
2024-10-07 07:00:00+00:00,0.15817610062893078,0.15817610062893078,1.0,True,0,0,43.11325995807127,obs
2024-10-07 08:00:00+00:00,0.07227463312368973,0.07227463312368973,1.0,True,0,0,43.18553459119496,obs
2024-10-07 09:00:00+00:00,0.023060796645702306,0.023060796645702306,1.0,True,0,0,43.20859538784066,obs
2024-10-07 10:00:00+00:00,0.03784067085953878,0.03784067085953878,1.0,True,0,0,43.2464360587002,obs
2024-10-07 11:00:00+00:00,0.16472746331236898,0.16472746331236898,1.0,True,0,0,43.411163522012565,obs
2024-10-07 12:00:00+00:00,0.49292452830188677,0.49292452830188677,1.0,True,0,0,43.90408805031445,obs
2024-10-07 13:00:00+00:00,0.10466457023060798,0.10466457023060798,1.0,True,0,0,44.00875262054506,obs
2024-10-07 14:00:00+00:00,0.1139412997903564,0.1139412997903564,1.0,True,0,0,44.122693920335415,obs
2024-10-07 15:00:00+00:00,0.08270440251572328,0.08270440251572328,1.0,True,0,0,44.20539832285114,obs
2024-10-07 16:00:00+00:00,0.0858490566037736,0.0858490566037736,1.0,True,0,0,44.29124737945491,obs
2024-10-07 17:00:00+00:00,0.03941299790356394,0.03941299790356394,1.0,True,0,0,44.33066037735847,obs
2024-10-07 18:00:00+00:00,0.2586477987421384,0.2586477987421384,1.0,True,0,0,44.58930817610061,obs
2024-10-07 19:00:00+00:00,0.020440251572327043,0.020440251572327043,1.0,True,0,0,44.60974842767293,obs
2024-10-07 20:00:00+00:00,0.03212788259958071,0.03212788259958071,1.0,True,0,0,44.641876310272515,obs
2024-10-07 21:00:00+00:00,0.0,0.0,1.0,True,0,0,44.641876310272515,obs
2024-10-07 22:00:00+00:00,0.00110062893081761,0.00110062893081761,1.0,True,0,0,44.64297693920333,obs
2024-10-07 23:00:00+00:00,0.0,0.0,1.0,True,0,0,44.64297693920333,obs
2024-10-08 00:00:00+00:00,0.0,0.0,1.0,True,0,0,44.64297693920333,obs
2024-10-08 01:00:00+00:00,0.00015723270440251572,0.00015723270440251572,1.0,True,0,0,44.64313417190773,obs
2024-10-08 02:00:00+00:00,0.02924528301886792,0.02924528301886792,1.0,True,0,0,44.6723794549266,obs
2024-10-08 03:00:00+00:00,0.021016771488469598,0.021016771488469598,1.0,True,0,0,44.69339622641507,obs
2024-10-08 04:00:00+00:00,0.0038259958071278823,0.0038259958071278823,1.0,True,0,0,44.697222222222194,obs
2024-10-08 05:00:00+00:00,0.009538784067085953,0.009538784067085953,1.0,True,0,0,44.70676100628928,obs
2024-10-08 06:00:00+00:00,0.0,0.0,1.0,True,0,0,44.70676100628928,obs
2024-10-08 07:00:00+00:00,0.003092243186582809,0.003092243186582809,1.0,True,0,0,44.70985324947586,obs
2024-10-08 08:00:00+00:00,0.0016771488469601676,0.0016771488469601676,1.0,True,0,0,44.71153039832282,obs
2024-10-08 09:00:00+00:00,0.0,0.0,1.0,True,0,0,44.71153039832282,obs
2024-10-08 10:00:00+00:00,0.0,0.0,1.0,True,0,0,44.71153039832282,obs
2024-10-08 11:00:00+00:00,0.0,0.0,1.0,True,0,0,44.71153039832282,obs
2024-10-08 12:00:00+00:00,0.0,0.0,1.0,True,0,0,44.71153039832282,obs
2024-10-08 13:00:00+00:00,0.0,0.0,1.0,True,0,0,44.71153039832282,obs
2024-10-08 14:00:00+00:00,0.0,0.0,1.0,True,0,0,44.71153039832282,obs
2024-10-08 15:00:00+00:00,0.0,0.0,1.0,True,0,0,44.71153039832282,obs
2024-10-08 16:00:00+00:00,0.0,0.0,1.0,True,0,0,44.71153039832282,obs
2024-10-08 17:00:00+00:00,0.0008385744234800839,0.0008385744234800839,1.0,True,0,0,44.712368972746305,obs
2024-10-08 18:00:00+00:00,0.00015723270440251572,0.00015723270440251572,1.0,True,0,0,44.71252620545071,obs
2024-10-08 19:00:00+00:00,0.0,0.0,1.0,True,0,0,44.71252620545071,obs
2024-10-08 20:00:00+00:00,0.0,0.0,1.0,True,0,0,44.71252620545071,obs
2024-10-08 21:00:00+00:00,0.0,0.0,1.0,True,0,0,44.71252620545071,obs
2024-10-08 22:00:00+00:00,0.0,0.0,1.0,True,0,0,44.71252620545071,obs
2024-10-08 23:00:00+00:00,0.3380503144654088,0.3380503144654088,1.0,True,0,0,45.05057651991611,obs
2024-10-09 00:00:00+00:00,1.1285639412997905,1.1285639412997905,1.0,True,0,0,46.1791404612159,obs
2024-10-09 01:00:00+00:00,0.7269916142557653,0.7269916142557653,1.0,True,0,0,46.90613207547167,obs
2024-10-09 02:00:00+00:00,1.0250524109014674,1.0250524109014674,1.0,True,0,0,47.931184486373134,obs
2024-10-09 03:00:00+00:00,1.5612159329140463,1.5612159329140463,1.0,True,0,0,49.49240041928718,obs
2024-10-09 04:00:00+00:00,0.1831236897274633,0.1831236897274633,1.0,True,0,0,49.675524109014646,obs
2024-10-09 05:00:00+00:00,0.8244234800838575,0.8244234800838575,1.0,True,0,0,50.499947589098504,obs
2024-10-09 06:00:00+00:00,1.545020964360587,1.545020964360587,1.0,True,0,0,52.04496855345909,obs
2024-10-09 07:00:00+00:00,1.5553459119496855,1.5553459119496855,1.0,True,0,0,53.60031446540878,obs
2024-10-09 08:00:00+00:00,1.7395702306079666,1.7395702306079666,1.0,True,0,0,55.339884696016746,obs
2024-10-09 09:00:00+00:00,0.6942872117400418,0.6942872117400418,1.0,True,0,0,56.034171907756786,obs
2024-10-09 10:00:00+00:00,0.1311320754716981,0.1311320754716981,1.0,True,0,0,56.16530398322848,obs
2024-10-09 11:00:00+00:00,0.0,0.0,1.0,True,0,0,56.16530398322848,obs
2024-10-09 12:00:00+00:00,0.0,0.0,1.0,True,0,0,56.16530398322848,obs
2024-10-09 13:00:00+00:00,0.11441299790356395,0.11441299790356395,1.0,True,0,0,56.27971698113205,obs
2024-10-09 14:00:00+00:00,1.625104821802935,1.625104821802935,1.0,True,0,0,57.90482180293498,obs
2024-10-09 15:00:00+00:00,2.2889412997903564,2.2889412997903564,1.0,True,0,0,60.19376310272534,obs
2024-10-09 16:00:00+00:00,0.859433962264151,0.859433962264151,1.0,True,0,0,61.05319706498949,obs
2024-10-09 17:00:00+00:00,0.27877358490566034,0.27877358490566034,1.0,True,0,0,61.33197064989515,obs
2024-10-09 18:00:00+00:00,0.5751572327044026,0.5751572327044026,1.0,True,0,0,61.90712788259955,obs
2024-10-09 19:00:00+00:00,0.6559224318658281,0.6559224318658281,1.0,True,0,0,62.56305031446538,obs
2024-10-09 20:00:00+00:00,0.4592767295597484,0.4592767295597484,1.0,True,0,0,63.022327044025126,obs
2024-10-09 21:00:00+00:00,0.1357966457023061,0.1357966457023061,1.0,True,0,0,63.15812368972743,obs
2024-10-09 22:00:00+00:00,2.9693920335429773,2.9693920335429773,1.0,True,0,0,66.1275157232704,obs
2024-10-09 23:00:00+00:00,4.336949685534591,4.336949685534591,1.0,True,0,0,70.464465408805,obs
2024-10-10 00:00:00+00:00,1.9447589098532496,1.9447589098532496,1.0,True,0,0,72.40922431865825,obs
2024-10-10 01:00:00+00:00,1.8098008385744235,1.8098008385744235,1.0,True,0,0,74.21902515723266,obs
2024-10-10 02:00:00+00:00,1.520335429769392,1.520335429769392,1.0,True,0,0,75.73936058700205,obs
2024-10-10 03:00:00+00:00,0.9191823899371069,0.9191823899371069,1.0,True,0,0,76.65854297693916,obs
2024-10-10 04:00:00+00:00,4.021645702306079,4.021645702306079,1.0,True,0,0,80.68018867924523,obs
2024-10-10 05:00:00+00:00,5.324895178197066,5.324895178197066,1.0,True,0,0,86.0050838574423,obs
2024-10-10 06:00:00+00:00,3.679874213836478,3.679874213836478,1.0,True,0,0,89.68495807127879,obs
2024-10-10 07:00:00+00:00,0.504979035639413,0.504979035639413,1.0,True,0,0,90.1899371069182,obs
2024-10-10 08:00:00+00:00,0.2656184486373166,0.2656184486373166,1.0,True,0,0,90.4555555555555,obs
2024-10-10 09:00:00+00:00,0.40780922431865824,0.40780922431865824,1.0,True,0,0,90.86336477987416,obs
2024-10-10 10:00:00+00:00,0.08443396226415092,0.08443396226415092,1.0,True,0,0,90.94779874213832,obs
2024-10-10 11:00:00+00:00,0.23139412997903563,0.23139412997903563,1.0,True,0,0,91.17919287211735,obs
2024-10-10 12:00:00+00:00,0.26116352201257864,0.26116352201257864,1.0,True,0,0,91.44035639412994,obs
2024-10-10 13:00:00+00:00,0.6015723270440253,0.6015723270440253,1.0,True,0,0,92.04192872117396,obs
2024-10-10 14:00:00+00:00,0.2672431865828092,0.2672431865828092,1.0,True,0,0,92.30917190775676,obs
2024-10-10 15:00:00+00:00,0.004350104821802935,0.004350104821802935,1.0,True,0,0,92.31352201257856,obs
2024-10-10 16:00:00+00:00,0.006865828092243187,0.006865828092243187,1.0,True,0,0,92.3203878406708,obs
2024-10-10 17:00:00+00:00,0.11614255765199162,0.11614255765199162,1.0,True,0,0,92.4365303983228,obs
2024-10-10 18:00:00+00:00,0.03977987421383648,0.03977987421383648,1.0,True,0,0,92.47631027253664,obs
2024-10-10 19:00:00+00:00,0.0,0.0,1.0,True,0,0,92.47631027253664,obs
2024-10-10 20:00:00+00:00,0.0,0.0,1.0,True,0,0,92.47631027253664,obs
2024-10-10 21:00:00+00:00,0.0,0.0,1.0,True,0,0,92.47631027253664,obs
2024-10-10 22:00:00+00:00,0.0,0.0,1.0,True,0,0,92.47631027253664,obs
2024-10-10 23:00:00+00:00,0.0,0.0,1.0,True,0,0,92.47631027253664,obs
2024-10-11 00:00:00+00:00,0.0,0.0,1.0,True,0,0,92.47631027253664,obs
2024-10-11 01:00:00+00:00,0.0008909853249475891,0.0008909853249475891,1.0,True,0,0,92.47720125786158,obs
2024-10-11 02:00:00+00:00,0.0009433962264150942,0.0009433962264150942,1.0,True,0,0,92.478144654088,obs
2024-10-11 03:00:00+00:00,0.0210167714884696,0.0210167714884696,1.0,True,0,0,92.49916142557647,obs
2024-10-11 04:00:00+00:00,0.013679245283018868,0.013679245283018868,1.0,True,0,0,92.51284067085949,obs
2024-10-11 05:00:00+00:00,0.034381551362683435,0.034381551362683435,1.0,True,0,0,92.54722222222217,obs
2024-10-11 06:00:00+00:00,0.07133123689727465,0.07133123689727465,1.0,True,0,0,92.61855345911945,obs
2024-10-11 07:00:00+00:00,0.000681341719077568,0.000681341719077568,1.0,True,0,0,92.61923480083853,obs
2024-10-11 08:00:00+00:00,0.0,0.0,1.0,True,0,0,92.61923480083853,obs
2024-10-11 09:00:00+00:00,0.0,0.0,1.0,True,0,0,92.61923480083853,obs
2024-10-11 10:00:00+00:00,0.0,0.0,1.0,True,0,0,92.61923480083853,obs
2024-10-11 11:00:00+00:00,0.0030922431865828093,0.0030922431865828093,1.0,True,0,0,92.62232704402511,obs
2024-10-11 12:00:00+00:00,0.0,0.0,1.0,True,0,0,92.62232704402511,obs
2024-10-11 13:00:00+00:00,0.0,0.0,1.0,True,0,0,92.62232704402511,obs
2024-10-11 14:00:00+00:00,0.0,0.0,1.0,True,0,0,92.62232704402511,obs
2024-10-11 15:00:00+00:00,0.0,0.0,1.0,True,0,0,92.62232704402511,obs
2024-10-11 16:00:00+00:00,0.0,0.0,1.0,True,0,0,92.62232704402511,obs
2024-10-11 17:00:00+00:00,0.0,0.0,1.0,True,0,0,92.62232704402511,obs
2024-10-11 18:00:00+00:00,0.0,0.0,1.0,True,0,0,92.62232704402511,obs
2024-10-11 19:00:00+00:00,0.0,0.0,1.0,True,0,0,92.62232704402511,obs
2024-10-11 20:00:00+00:00,0.0,0.0,1.0,True,0,0,92.62232704402511,obs
2024-10-11 21:00:00+00:00,0.0,0.0,1.0,True,0,0,92.62232704402511,obs
2024-10-11 22:00:00+00:00,0.0,0.0,1.0,True,0,0,92.62232704402511,obs
2024-10-11 23:00:00+00:00,0.0,0.0,1.0,True,0,0,92.62232704402511,obs
2024-10-12 00:00:00+00:00,0.0,0.0,1.0,True,0,0,92.62232704402511,obs
2024-10-12 01:00:00+00:00,0.0,0.0,1.0,True,0,0,92.62232704402511,obs
2024-10-12 02:00:00+00:00,0.0,0.0,1.0,True,0,0,92.62232704402511,obs
2024-10-12 03:00:00+00:00,0.0,0.0,1.0,True,0,0,92.62232704402511,obs
2024-10-12 04:00:00+00:00,0.0,0.0,1.0,True,0,0,92.62232704402511,obs
2024-10-12 05:00:00+00:00,0.0,0.0,1.0,True,0,0,92.62232704402511,obs
2024-10-12 06:00:00+00:00,0.00015723270440251572,0.00015723270440251572,1.0,True,0,0,92.62248427672951,obs
2024-10-12 07:00:00+00:00,0.0,0.0,1.0,True,0,0,92.62248427672951,obs
2024-10-12 08:00:00+00:00,0.0,0.0,1.0,True,0,0,92.62248427672951,obs
2024-10-12 09:00:00+00:00,0.0,0.0,1.0,True,0,0,92.62248427672951,obs
2024-10-12 10:00:00+00:00,0.00015723270440251572,0.00015723270440251572,1.0,True,0,0,92.6226415094339,obs
2024-10-12 11:00:00+00:00,0.0,0.0,1.0,True,0,0,92.6226415094339,obs
2024-10-12 12:00:00+00:00,0.0,0.0,1.0,True,0,0,92.6226415094339,obs
2024-10-12 13:00:00+00:00,0.0,0.0,1.0,True,0,0,92.6226415094339,obs
2024-10-12 14:00:00+00:00,0.0,0.0,1.0,True,0,0,92.6226415094339,obs
2024-10-12 15:00:00+00:00,0.0,0.0,1.0,True,0,0,92.6226415094339,obs
2024-10-12 16:00:00+00:00,0.0,0.0,1.0,True,0,0,92.6226415094339,obs
2024-10-12 17:00:00+00:00,0.0,0.0,1.0,True,0,0,92.6226415094339,obs
2024-10-12 18:00:00+00:00,0.0,0.0,1.0,True,0,0,92.6226415094339,obs
2024-10-12 19:00:00+00:00,0.0,0.0,1.0,True,0,0,92.6226415094339,obs
2024-10-12 20:00:00+00:00,0.0,0.0,1.0,True,0,0,92.6226415094339,obs
2024-10-12 21:00:00+00:00,0.0,0.0,1.0,True,0,0,92.6226415094339,obs
2024-10-12 22:00:00+00:00,0.0,0.0,1.0,True,0,0,92.6226415094339,obs
2024-10-12 23:00:00+00:00,0.0,0.0,1.0,True,0,0,92.6226415094339,obs
2024-10-13 00:00:00+00:00,0.0,0.0,1.0,True,0,0,92.6226415094339,obs
2024-10-13 01:00:00+00:00,0.0,0.0,1.0,True,0,0,92.6226415094339,obs
2024-10-13 02:00:00+00:00,0.0,0.0,1.0,True,0,0,92.6226415094339,obs
2024-10-13 03:00:00+00:00,0.0,0.0,1.0,True,0,0,92.6226415094339,obs
2024-10-13 04:00:00+00:00,0.0,0.0,1.0,True,0,0,92.6226415094339,obs
2024-10-13 05:00:00+00:00,0.0,0.0,1.0,True,0,0,92.6226415094339,obs
2024-10-13 06:00:00+00:00,0.0,0.0,1.0,True,0,0,92.6226415094339,obs
2024-10-13 07:00:00+00:00,0.0,0.0,1.0,True,0,0,92.6226415094339,obs
2024-10-13 08:00:00+00:00,0.0,0.0,1.0,True,0,0,92.6226415094339,obs
2024-10-13 09:00:00+00:00,0.0,0.0,1.0,True,0,0,92.6226415094339,obs
2024-10-13 10:00:00+00:00,0.0,0.0,1.0,True,0,0,92.6226415094339,obs
2024-10-13 11:00:00+00:00,0.0,0.0,1.0,True,0,0,92.6226415094339,obs
2024-10-13 12:00:00+00:00,0.0,0.0,1.0,True,0,0,92.6226415094339,obs
2024-10-13 13:00:00+00:00,0.0,0.0,1.0,True,0,0,92.6226415094339,obs
2024-10-13 14:00:00+00:00,0.0,0.0,1.0,True,0,0,92.6226415094339,obs
2024-10-13 15:00:00+00:00,0.0,0.0,1.0,True,0,0,92.6226415094339,obs
2024-10-13 16:00:00+00:00,0.0,0.0,1.0,True,0,0,92.6226415094339,obs
2024-10-13 17:00:00+00:00,0.0,0.0,1.0,True,0,0,92.6226415094339,obs
2024-10-13 18:00:00+00:00,0.0,0.0,1.0,True,0,0,92.6226415094339,obs
2024-10-13 19:00:00+00:00,0.0,0.0,1.0,True,0,0,92.6226415094339,obs
2024-10-13 20:00:00+00:00,0.0,0.0,1.0,True,0,0,92.6226415094339,obs
2024-10-13 21:00:00+00:00,0.0,0.0,1.0,True,0,0,92.6226415094339,obs
2024-10-13 22:00:00+00:00,0.0,0.0,1.0,True,0,0,92.6226415094339,obs
2024-10-13 23:00:00+00:00,0.0,0.0,1.0,True,0,0,92.6226415094339,obs
2024-10-14 00:00:00+00:00,0.0,0.0,1.0,True,0,0,92.6226415094339,obs
2024-10-14 01:00:00+00:00,0.0,0.0,1.0,True,0,0,92.6226415094339,obs
2024-10-14 02:00:00+00:00,0.0,0.0,1.0,True,0,0,92.6226415094339,obs
2024-10-14 03:00:00+00:00,0.0,0.0,1.0,True,0,0,92.6226415094339,obs
2024-10-14 04:00:00+00:00,0.0,0.0,1.0,True,0,0,92.6226415094339,obs
2024-10-14 05:00:00+00:00,0.0,0.0,1.0,True,0,0,92.6226415094339,obs
2024-10-14 06:00:00+00:00,0.0,0.0,1.0,True,0,0,92.6226415094339,obs
2024-10-14 07:00:00+00:00,0.0,0.0,1.0,True,0,0,92.6226415094339,obs
2024-10-14 08:00:00+00:00,0.0,0.0,1.0,True,0,0,92.6226415094339,obs
2024-10-14 09:00:00+00:00,0.0,0.0,1.0,True,0,0,92.6226415094339,obs
2024-10-14 10:00:00+00:00,0.0,0.0,1.0,True,0,0,92.6226415094339,obs
2024-10-14 11:00:00+00:00,0.0,0.0,1.0,True,0,0,92.6226415094339,obs
2024-10-14 12:00:00+00:00,0.0,0.0,1.0,True,0,0,92.6226415094339,obs
2024-10-14 13:00:00+00:00,0.0,0.0,1.0,True,0,0,92.6226415094339,obs
2024-10-14 14:00:00+00:00,0.0,0.0,1.0,True,0,0,92.6226415094339,obs
2024-10-14 15:00:00+00:00,0.0,0.0,1.0,True,0,0,92.6226415094339,obs
2024-10-14 16:00:00+00:00,0.0,0.0,1.0,True,0,0,92.6226415094339,obs
2024-10-14 17:00:00+00:00,0.0,0.0,1.0,True,0,0,92.6226415094339,obs
2024-10-14 18:00:00+00:00,0.0,0.0,1.0,True,0,0,92.6226415094339,obs
2024-10-14 19:00:00+00:00,0.0,0.0,1.0,True,0,0,92.6226415094339,obs
2024-10-14 20:00:00+00:00,0.0,0.0,1.0,True,0,0,92.6226415094339,obs
2024-10-14 21:00:00+00:00,0.0,0.0,1.0,True,0,0,92.6226415094339,obs
2024-10-14 22:00:00+00:00,0.0,0.0,1.0,True,0,0,92.6226415094339,obs
2024-10-14 23:00:00+00:00,0.0,0.0,1.0,True,0,0,92.6226415094339,obs
2024-10-15 00:00:00+00:00,0.0,0.0,1.0,True,0,0,92.6226415094339,obs
2024-10-15 01:00:00+00:00,0.0,0.0,1.0,True,0,0,92.6226415094339,obs
2024-10-15 02:00:00+00:00,0.0,0.0,1.0,True,0,0,92.6226415094339,obs
2024-10-15 03:00:00+00:00,0.0,0.0,1.0,True,0,0,92.6226415094339,obs
2024-10-15 04:00:00+00:00,0.0,0.0,1.0,True,0,0,92.6226415094339,obs
2024-10-15 05:00:00+00:00,0.0,0.0,1.0,True,0,0,92.6226415094339,obs
2024-10-15 06:00:00+00:00,0.0,0.0,1.0,True,0,0,92.6226415094339,obs
2024-10-15 07:00:00+00:00,0.0,0.0,1.0,True,0,0,92.6226415094339,obs
2024-10-15 08:00:00+00:00,0.0021488469601677147,0.0021488469601677147,1.0,True,0,0,92.62479035639407,obs
2024-10-15 09:00:00+00:00,0.0,0.0,1.0,True,0,0,92.62479035639407,obs
2024-10-15 10:00:00+00:00,0.00015723270440251572,0.00015723270440251572,1.0,True,0,0,92.62494758909847,obs
2024-10-15 11:00:00+00:00,0.0,0.0,1.0,True,0,0,92.62494758909847,obs
2024-10-15 12:00:00+00:00,0.0,0.0,1.0,True,0,0,92.62494758909847,obs
2024-10-15 13:00:00+00:00,0.0,0.0,1.0,True,0,0,92.62494758909847,obs
2024-10-15 14:00:00+00:00,0.0,0.0,1.0,True,0,0,92.62494758909847,obs
2024-10-15 15:00:00+00:00,0.0,0.0,1.0,True,0,0,92.62494758909847,obs
2024-10-15 16:00:00+00:00,0.0,0.0,1.0,True,0,0,92.62494758909847,obs
2024-10-15 17:00:00+00:00,0.0,0.0,1.0,True,0,0,92.62494758909847,obs
2024-10-15 18:00:00+00:00,0.0,0.0,1.0,True,0,0,92.62494758909847,obs
2024-10-15 19:00:00+00:00,0.0,0.0,1.0,True,0,0,92.62494758909847,obs
2024-10-15 20:00:00+00:00,0.0,0.0,1.0,True,0,0,92.62494758909847,obs
2024-10-15 21:00:00+00:00,0.0,0.0,1.0,True,0,0,92.62494758909847,obs
2024-10-15 22:00:00+00:00,0.0,0.0,1.0,True,0,0,92.62494758909847,obs
2024-10-15 23:00:00+00:00,0.0,0.0,1.0,True,0,0,92.62494758909847,obs
2024-10-16 00:00:00+00:00,0.0,0.0,1.0,True,0,0,92.62494758909847,obs
2024-10-16 01:00:00+00:00,0.0,0.0,1.0,True,0,0,92.62494758909847,obs
2024-10-16 02:00:00+00:00,0.0,0.0,1.0,True,0,0,92.62494758909847,obs
2024-10-16 03:00:00+00:00,0.0,0.0,1.0,True,0,0,92.62494758909847,obs
2024-10-16 04:00:00+00:00,0.0,0.0,1.0,True,0,0,92.62494758909847,obs
2024-10-16 05:00:00+00:00,0.0,0.0,1.0,True,0,0,92.62494758909847,obs
2024-10-16 06:00:00+00:00,0.0,0.0,1.0,True,0,0,92.62494758909847,obs
2024-10-16 07:00:00+00:00,0.0,0.0,1.0,True,0,0,92.62494758909847,obs
2024-10-16 08:00:00+00:00,0.0,0.0,1.0,True,0,0,92.62494758909847,obs
2024-10-16 09:00:00+00:00,0.0,0.0,1.0,True,0,0,92.62494758909847,obs
2024-10-16 10:00:00+00:00,0.0,0.0,1.0,True,0,0,92.62494758909847,obs
2024-10-16 11:00:00+00:00,0.0,0.0,1.0,True,0,0,92.62494758909847,obs
2024-10-16 12:00:00+00:00,0.0,0.0,1.0,True,0,0,92.62494758909847,obs
2024-10-16 13:00:00+00:00,0.0,0.0,1.0,True,0,0,92.62494758909847,obs
2024-10-16 14:00:00+00:00,0.0,0.0,1.0,True,0,0,92.62494758909847,obs
2024-10-16 15:00:00+00:00,0.0,0.0,1.0,True,0,0,92.62494758909847,obs
2024-10-16 16:00:00+00:00,0.0,0.0,1.0,True,0,0,92.62494758909847,obs
2024-10-16 17:00:00+00:00,0.0,0.0,1.0,True,0,0,92.62494758909847,obs
2024-10-16 18:00:00+00:00,0.0,0.0,1.0,True,0,0,92.62494758909847,obs
2024-10-16 19:00:00+00:00,0.0,0.0,1.0,True,0,0,92.62494758909847,obs
2024-10-16 20:00:00+00:00,0.0,0.0,1.0,True,0,0,92.62494758909847,obs
2024-10-16 21:00:00+00:00,0.0,0.0,1.0,True,0,0,92.62494758909847,obs
2024-10-16 22:00:00+00:00,0.0,0.0,1.0,True,0,0,92.62494758909847,obs
2024-10-16 23:00:00+00:00,0.0,0.0,1.0,True,0,0,92.62494758909847,obs
2024-10-17 00:00:00+00:00,0.0,0.0,1.0,True,0,0,92.62494758909847,obs
2024-10-17 01:00:00+00:00,0.0,0.0,1.0,True,0,0,92.62494758909847,obs
2024-10-17 02:00:00+00:00,0.0,0.0,1.0,True,0,0,92.62494758909847,obs
2024-10-17 03:00:00+00:00,0.0,0.0,1.0,True,0,0,92.62494758909847,obs
2024-10-17 04:00:00+00:00,0.0,0.0,1.0,True,0,0,92.62494758909847,obs
2024-10-17 05:00:00+00:00,0.0,0.0,1.0,True,0,0,92.62494758909847,obs
2024-10-17 06:00:00+00:00,0.0,0.0,1.0,True,0,0,92.62494758909847,obs
2024-10-17 07:00:00+00:00,0.0,0.0,1.0,True,0,0,92.62494758909847,obs
2024-10-17 08:00:00+00:00,0.0,0.0,1.0,True,0,0,92.62494758909847,obs
2024-10-17 09:00:00+00:00,0.0,0.0,1.0,True,0,0,92.62494758909847,obs
2024-10-17 10:00:00+00:00,0.0,0.0,1.0,True,0,0,92.62494758909847,obs
2024-10-17 11:00:00+00:00,0.0,0.0,1.0,True,0,0,92.62494758909847,obs
2024-10-17 12:00:00+00:00,0.0,0.0,1.0,True,0,0,92.62494758909847,obs
2024-10-17 13:00:00+00:00,0.0,0.0,1.0,True,0,0,92.62494758909847,obs
2024-10-17 14:00:00+00:00,0.0,0.0,1.0,True,0,0,92.62494758909847,obs
2024-10-17 15:00:00+00:00,0.0,0.0,1.0,True,0,0,92.62494758909847,obs
2024-10-17 16:00:00+00:00,0.0,0.0,1.0,True,0,0,92.62494758909847,obs
2024-10-17 17:00:00+00:00,0.0,0.0,1.0,True,0,0,92.62494758909847,obs
2024-10-17 18:00:00+00:00,0.0,0.0,1.0,True,0,0,92.62494758909847,obs
2024-10-17 19:00:00+00:00,0.0,0.0,1.0,True,0,0,92.62494758909847,obs
2024-10-17 20:00:00+00:00,0.0,0.0,1.0,True,0,0,92.62494758909847,obs
2024-10-17 21:00:00+00:00,0.0,0.0,1.0,True,0,0,92.62494758909847,obs
2024-10-17 22:00:00+00:00,0.0,0.0,1.0,True,0,0,92.62494758909847,obs
2024-10-17 23:00:00+00:00,0.0,0.0,1.0,True,0,0,92.62494758909847,obs
2024-10-18 00:00:00+00:00,0.0,0.0,1.0,True,0,0,92.62494758909847,obs
2024-10-18 01:00:00+00:00,0.0,0.0,1.0,True,0,0,92.62494758909847,obs
2024-10-18 02:00:00+00:00,0.0,0.0,1.0,True,0,0,92.62494758909847,obs
2024-10-18 03:00:00+00:00,0.0,0.0,1.0,True,0,0,92.62494758909847,obs
2024-10-18 04:00:00+00:00,0.0,0.0,1.0,True,0,0,92.62494758909847,obs
2024-10-18 05:00:00+00:00,0.0,0.0,1.0,True,0,0,92.62494758909847,obs
2024-10-18 06:00:00+00:00,0.0,0.0,1.0,True,0,0,92.62494758909847,obs
2024-10-18 07:00:00+00:00,0.0,0.0,1.0,True,0,0,92.62494758909847,obs
2024-10-18 08:00:00+00:00,0.0,0.0,1.0,True,0,0,92.62494758909847,obs
2024-10-18 09:00:00+00:00,0.0,0.0,1.0,True,0,0,92.62494758909847,obs
2024-10-18 10:00:00+00:00,0.0,0.0,1.0,True,0,0,92.62494758909847,obs
2024-10-18 11:00:00+00:00,0.0,0.0,1.0,True,0,0,92.62494758909847,obs
2024-10-18 12:00:00+00:00,0.0,0.0,1.0,True,0,0,92.62494758909847,obs
2024-10-18 13:00:00+00:00,0.0,0.0,1.0,True,0,0,92.62494758909847,obs
2024-10-18 14:00:00+00:00,0.0,0.0,1.0,True,0,0,92.62494758909847,obs
2024-10-18 15:00:00+00:00,0.0,0.0,1.0,True,0,0,92.62494758909847,obs
2024-10-18 16:00:00+00:00,0.0,0.0,1.0,True,0,0,92.62494758909847,obs
2024-10-18 17:00:00+00:00,0.0,0.0,1.0,True,0,0,92.62494758909847,obs
2024-10-18 18:00:00+00:00,0.0,0.0,1.0,True,0,0,92.62494758909847,obs
2024-10-18 19:00:00+00:00,0.0,0.0,1.0,True,0,0,92.62494758909847,obs
2024-10-18 20:00:00+00:00,0.0005765199161425577,0.0005765199161425577,1.0,True,0,0,92.6255241090146,obs
2024-10-18 21:00:00+00:00,0.009905660377358492,0.009905660377358492,1.0,True,0,0,92.63542976939196,obs
2024-10-18 22:00:00+00:00,0.0076519916142557655,0.0076519916142557655,1.0,True,0,0,92.64308176100621,obs
2024-10-18 23:00:00+00:00,0.016561844863731655,0.016561844863731655,1.0,True,0,0,92.65964360586995,obs
2024-10-19 00:00:00+00:00,0.008280922431865827,0.008280922431865827,1.0,True,0,0,92.66792452830181,obs
2024-10-19 01:00:00+00:00,0.0006813417190775681,0.0006813417190775681,1.0,True,0,0,92.66860587002088,obs
2024-10-19 02:00:00+00:00,0.0,0.0,1.0,True,0,0,92.66860587002088,obs
2024-10-19 03:00:00+00:00,0.0,0.0,1.0,True,0,0,92.66860587002088,obs
2024-10-19 04:00:00+00:00,0.0,0.0,1.0,True,0,0,92.66860587002088,obs
2024-10-19 05:00:00+00:00,0.0,0.0,1.0,True,0,0,92.66860587002088,obs
2024-10-19 06:00:00+00:00,0.0,0.0,1.0,True,0,0,92.66860587002088,obs
2024-10-19 07:00:00+00:00,0.0,0.0,1.0,True,0,0,92.66860587002088,obs
2024-10-19 08:00:00+00:00,0.0,0.0,1.0,True,0,0,92.66860587002088,obs
2024-10-19 09:00:00+00:00,0.0,0.0,1.0,True,0,0,92.66860587002088,obs
2024-10-19 10:00:00+00:00,0.0,0.0,1.0,True,0,0,92.66860587002088,obs
2024-10-19 11:00:00+00:00,0.0,0.0,1.0,True,0,0,92.66860587002088,obs
2024-10-19 12:00:00+00:00,0.0,0.0,1.0,True,0,0,92.66860587002088,obs
2024-10-19 13:00:00+00:00,0.0,0.0,1.0,True,0,0,92.66860587002088,obs
2024-10-19 14:00:00+00:00,0.0,0.0,1.0,True,0,0,92.66860587002088,obs
2024-10-19 15:00:00+00:00,0.0038784067085953877,0.0038784067085953877,1.0,True,0,0,92.67248427672948,obs
2024-10-19 16:00:00+00:00,0.0,0.0,1.0,True,0,0,92.67248427672948,obs
2024-10-19 17:00:00+00:00,0.0,0.0,1.0,True,0,0,92.67248427672948,obs
2024-10-19 18:00:00+00:00,0.0,0.0,1.0,True,0,0,92.67248427672948,obs
2024-10-19 19:00:00+00:00,0.0,0.0,1.0,True,0,0,92.67248427672948,obs
2024-10-19 20:00:00+00:00,0.0,0.0,1.0,True,0,0,92.67248427672948,obs
2024-10-19 21:00:00+00:00,0.0,0.0,1.0,True,0,0,92.67248427672948,obs
2024-10-19 22:00:00+00:00,0.0,0.0,1.0,True,0,0,92.67248427672948,obs
2024-10-19 23:00:00+00:00,0.0,0.0,1.0,True,0,0,92.67248427672948,obs
2024-10-20 00:00:00+00:00,0.0,0.0,1.0,True,0,0,92.67248427672948,obs
