hour_end_utc,n_records,n_valid,n_expected,coverage,discharge_m3s_hourly_mean,hourly_min,hourly_max,official_est_frac,discharge_m3s_filled,interp,unfillable,partial,obs_frac,source_class,station,units,sign_convention,segment
2016-10-01 01:00:00+00:00,4,4,4,1.0,-1194.9709261824,-2106.7733864448,-495.54481536,0.0,-1194.9709261824,False,False,False,1.0,obs,2246500,m3/s,"positive = downstream (seaward), negative = upstream (flood-tide reversal); negative values kept as-is",spinup
2016-10-01 02:00:00+00:00,4,4,4,1.0,-3546.685035648,-4105.94275584,-2860.001505792,0.0,-3546.685035648,False,False,False,1.0,obs,2246500,m3/s,"positive = downstream (seaward), negative = upstream (flood-tide reversal); negative values kept as-is",spinup
2016-10-01 03:00:00+00:00,4,4,4,1.0,-4382.0320101120005,-4559.012301312,-4105.94275584,0.0,-4382.0320101120005,False,False,False,1.0,obs,2246500,m3/s,"positive = downstream (seaward), negative = upstream (flood-tide reversal); negative values kept as-is",spinup
2016-10-01 04:00:00+00:00,4,4,4,1.0,-4438.665703296,-4643.9628410880005,-4247.5269888,0.0,-4438.665703296,False,False,False,1.0,obs,2246500,m3/s,"positive = downstream (seaward), negative = upstream (flood-tide reversal); negative values kept as-is",spinup
2016-10-01 05:00:00+00:00,4,4,4,1.0,-3617.477152128,-4190.893295616,-2944.952045568,0.0,-3617.477152128,False,False,False,1.0,obs,2246500,m3/s,"positive = downstream (seaward), negative = upstream (flood-tide reversal); negative values kept as-is",spinup
2016-10-01 06:00:00+00:00,4,4,4,1.0,-1147.61100025728,-2149.2486563328,-150.36245540352002,0.0,-1147.61100025728,False,False,False,1.0,obs,2246500,m3/s,"positive = downstream (seaward), negative = upstream (flood-tide reversal); negative values kept as-is",spinup
2016-10-01 07:00:00+00:00,4,4,4,1.0,1486.63444608,291.6635198976,2438.0804915712,0.0,1486.63444608,False,False,False,1.0,obs,2246500,m3/s,"positive = downstream (seaward), negative = upstream (flood-tide reversal); negative values kept as-is",spinup
2016-10-01 08:00:00+00:00,4,4,4,1.0,3362.6255328,3086.536278528,3511.288977408,0.0,3362.6255328,False,False,False,1.0,obs,2246500,m3/s,"positive = downstream (seaward), negative = upstream (flood-tide reversal); negative values kept as-is",spinup
2016-10-01 09:00:00+00:00,4,4,4,1.0,3766.140596736,3482.972130816,3992.675369472,0.0,3766.140596736,False,False,False,1.0,obs,2246500,m3/s,"positive = downstream (seaward), negative = upstream (flood-tide reversal); negative values kept as-is",spinup
2016-10-01 10:00:00+00:00,4,4,4,1.0,4006.833792768,3879.407983104,4190.893295616,0.0,4006.833792768,False,False,False,1.0,obs,2246500,m3/s,"positive = downstream (seaward), negative = upstream (flood-tide reversal); negative values kept as-is",spinup
2016-10-01 11:00:00+00:00,4,4,4,1.0,3433.41764928,3058.219431936,3879.407983104,0.0,3433.41764928,False,False,False,1.0,obs,2246500,m3/s,"positive = downstream (seaward), negative = upstream (flood-tide reversal); negative values kept as-is",spinup
2016-10-01 12:00:00+00:00,4,4,4,1.0,1661.4909737856,506.8715539968,2500.3775540736,0.0,1661.4909737856,False,False,False,1.0,obs,2246500,m3/s,"positive = downstream (seaward), negative = upstream (flood-tide reversal); negative values kept as-is",spinup
2016-10-01 13:00:00+00:00,4,4,4,1.0,-892.4762124633601,-2075.6248551936,255.70112472576,0.0,-892.4762124633601,False,False,False,1.0,obs,2246500,m3/s,"positive = downstream (seaward), negative = upstream (flood-tide reversal); negative values kept as-is",spinup
2016-10-01 14:00:00+00:00,4,4,4,1.0,-3616.7692309632,-4275.843835392,-2800.5361279488,0.0,-3616.7692309632,False,False,False,1.0,obs,2246500,m3/s,"positive = downstream (seaward), negative = upstream (flood-tide reversal); negative values kept as-is",spinup
2016-10-01 15:00:00+00:00,4,4,4,1.0,-4290.002258688,-4587.329147904,-4105.94275584,0.0,-4290.002258688,False,False,False,1.0,obs,2246500,m3/s,"positive = downstream (seaward), negative = upstream (flood-tide reversal); negative values kept as-is",spinup
2016-10-01 16:00:00+00:00,4,4,4,1.0,-4580.249936256,-4672.27968768,-4417.428068352,0.0,-4580.249936256,False,False,False,1.0,obs,2246500,m3/s,"positive = downstream (seaward), negative = upstream (flood-tide reversal); negative values kept as-is",spinup
2016-10-01 17:00:00+00:00,4,4,4,1.0,-4098.863544192,-4445.744914944,-3822.77428992,0.0,-4098.863544192,False,False,False,1.0,obs,2246500,m3/s,"positive = downstream (seaward), negative = upstream (flood-tide reversal); negative values kept as-is",spinup
2016-10-01 18:00:00+00:00,4,4,4,1.0,-2451.5309937024003,-3341.387897856,-1251.6046193664,0.0,-2451.5309937024003,False,False,False,1.0,obs,2246500,m3/s,"positive = downstream (seaward), negative = upstream (flood-tide reversal); negative values kept as-is",spinup
2016-10-01 19:00:00+00:00,4,4,4,1.0,18.40595028480004,-940.1193068544,1124.1788097024,0.0,18.40595028480004,False,False,False,1.0,obs,2246500,m3/s,"positive = downstream (seaward), negative = upstream (flood-tide reversal); negative values kept as-is",spinup
2016-10-01 20:00:00+00:00,4,4,4,1.0,2372.2438232448,1574.4166705152,3114.85312512,0.0,2372.2438232448,False,False,False,1.0,obs,2246500,m3/s,"positive = downstream (seaward), negative = upstream (flood-tide reversal); negative values kept as-is",spinup
2016-10-01 21:00:00+00:00,4,4,4,1.0,3631.635575424,3313.0710512640003,3992.675369472,0.0,3631.635575424,False,False,False,1.0,obs,2246500,m3/s,"positive = downstream (seaward), negative = upstream (flood-tide reversal); negative values kept as-is",spinup
2016-10-01 22:00:00+00:00,4,4,4,1.0,3900.645618048,3652.873210368,4020.992216064,0.0,3900.645618048,False,False,False,1.0,obs,2246500,m3/s,"positive = downstream (seaward), negative = upstream (flood-tide reversal); negative values kept as-is",spinup
2016-10-01 23:00:00+00:00,4,4,4,1.0,3709.506903552,3511.288977408,3964.35852288,0.0,3709.506903552,False,False,False,1.0,obs,2246500,m3/s,"positive = downstream (seaward), negative = upstream (flood-tide reversal); negative values kept as-is",spinup
2016-10-02 00:00:00+00:00,4,4,4,1.0,2697.8875590528,1696.1791108608,3454.6552842240003,0.0,2697.8875590528,False,False,False,1.0,obs,2246500,m3/s,"positive = downstream (seaward), negative = upstream (flood-tide reversal); negative values kept as-is",spinup
2016-10-02 01:00:00+00:00,4,4,4,1.0,318.13977146112,-639.9607329792,1398.8522216448,0.0,318.13977146112,False,False,False,1.0,obs,2246500,m3/s,"positive = downstream (seaward), negative = upstream (flood-tide reversal); negative values kept as-is",spinup
2016-10-02 02:00:00+00:00,4,4,4,1.0,-2523.738952512,-3086.536278528,-1648.0404716544,0.0,-2523.738952512,False,False,False,1.0,obs,2246500,m3/s,"positive = downstream (seaward), negative = upstream (flood-tide reversal); negative values kept as-is",spinup
2016-10-02 03:00:00+00:00,4,4,4,1.0,-3971.437734528,-4360.794375168,-3681.19005696,0.0,-3971.437734528,False,False,False,1.0,obs,2246500,m3/s,"positive = downstream (seaward), negative = upstream (flood-tide reversal); negative values kept as-is",spinup
2016-10-02 04:00:00+00:00,4,4,4,1.0,-4728.913380864,-4983.765000192,-4502.378608128,0.0,-4728.913380864,False,False,False,1.0,obs,2246500,m3/s,"positive = downstream (seaward), negative = upstream (flood-tide reversal); negative values kept as-is",spinup
2016-10-02 05:00:00+00:00,4,4,4,1.0,-4566.09151296,-4898.814460416,-4190.893295616,0.0,-4566.09151296,False,False,False,1.0,obs,2246500,m3/s,"positive = downstream (seaward), negative = upstream (flood-tide reversal); negative values kept as-is",spinup
2016-10-02 06:00:00+00:00,4,4,4,1.0,-3019.283767872,-3567.922670592,-2251.189304064,0.0,-3019.283767872,False,False,False,1.0,obs,2246500,m3/s,"positive = downstream (seaward), negative = upstream (flood-tide reversal); negative values kept as-is",spinup
2016-10-02 07:00:00+00:00,4,4,4,1.0,-858.7083729024,-1985.0109460992,345.4655284224,0.0,-858.7083729024,False,False,False,1.0,obs,2246500,m3/s,"positive = downstream (seaward), negative = upstream (flood-tide reversal); negative values kept as-is",spinup
2016-10-02 08:00:00+00:00,4,4,4,1.0,2069.2535647104,1418.6740142592,2860.001505792,0.0,2069.2535647104,False,False,False,1.0,obs,2246500,m3/s,"positive = downstream (seaward), negative = upstream (flood-tide reversal); negative values kept as-is",spinup
2016-10-02 09:00:00+00:00,4,4,4,1.0,3631.635575424,3199.803664896,3964.35852288,0.0,3631.635575424,False,False,False,1.0,obs,2246500,m3/s,"positive = downstream (seaward), negative = upstream (flood-tide reversal); negative values kept as-is",spinup
2016-10-02 10:00:00+00:00,4,4,4,1.0,3943.120887936,3822.77428992,4105.94275584,0.0,3943.120887936,False,False,False,1.0,obs,2246500,m3/s,"positive = downstream (seaward), negative = upstream (flood-tide reversal); negative values kept as-is",spinup
2016-10-02 11:00:00+00:00,4,4,4,1.0,3815.695078272,3624.556363776,3964.35852288,0.0,3815.695078272,False,False,False,1.0,obs,2246500,m3/s,"positive = downstream (seaward), negative = upstream (flood-tide reversal); negative values kept as-is",spinup
2016-10-02 12:00:00+00:00,4,4,4,1.0,2962.650074688,2486.2191307776,3369.704744448,0.0,2962.650074688,False,False,False,1.0,obs,2246500,m3/s,"positive = downstream (seaward), negative = upstream (flood-tide reversal); negative values kept as-is",spinup
2016-10-02 13:00:00+00:00,4,4,4,1.0,982.0282398105602,91.18024602624,1874.5752443904,0.0,982.0282398105602,False,False,False,1.0,obs,2246500,m3/s,"positive = downstream (seaward), negative = upstream (flood-tide reversal); negative values kept as-is",spinup
2016-10-02 14:00:00+00:00,4,4,4,1.0,-1510.7037656832,-2234.1991961088,-498.3765000192,0.0,-1510.7037656832,False,False,False,1.0,obs,2246500,m3/s,"positive = downstream (seaward), negative = upstream (flood-tide reversal); negative values kept as-is",spinup
2016-10-02 15:00:00+00:00,4,4,4,1.0,-3440.496860928,-3879.407983104,-2944.952045568,0.0,-3440.496860928,False,False,False,1.0,obs,2246500,m3/s,"positive = downstream (seaward), negative = upstream (flood-tide reversal); negative values kept as-is",spinup
2016-10-02 16:00:00+00:00,4,4,4,1.0,-4488.220184832,-4728.913380864,-4077.625909248,0.0,-4488.220184832,False,False,False,1.0,obs,2246500,m3/s,"positive = downstream (seaward), negative = upstream (flood-tide reversal); negative values kept as-is",spinup
2016-10-02 17:00:00+00:00,4,4,4,1.0,-4969.606576896,-5181.982926336,-4728.913380864,0.0,-4969.606576896,False,False,False,1.0,obs,2246500,m3/s,"positive = downstream (seaward), negative = upstream (flood-tide reversal); negative values kept as-is",spinup
2016-10-02 18:00:00+00:00,4,4,4,1.0,-4056.388274304,-4785.5470740480005,-3058.219431936,0.0,-4056.388274304,False,False,False,1.0,obs,2246500,m3/s,"positive = downstream (seaward), negative = upstream (flood-tide reversal); negative values kept as-is",spinup
2016-10-02 19:00:00+00:00,4,4,4,1.0,-2123.7634944,-2916.635198976,-1149.6639716352,0.0,-2123.7634944,False,False,False,1.0,obs,2246500,m3/s,"positive = downstream (seaward), negative = upstream (flood-tide reversal); negative values kept as-is",spinup
2016-10-02 20:00:00+00:00,4,4,4,1.0,480.89084724864006,-455.9012301312,1565.9216165376,0.0,480.89084724864006,False,False,False,1.0,obs,2246500,m3/s,"positive = downstream (seaward), negative = upstream (flood-tide reversal); negative values kept as-is",spinup
2016-10-02 21:00:00+00:00,4,4,4,1.0,2490.4666577664,1854.753451776,3256.43735808,0.0,2490.4666577664,False,False,False,1.0,obs,2246500,m3/s,"positive = downstream (seaward), negative = upstream (flood-tide reversal); negative values kept as-is",spinup
2016-10-02 22:00:00+00:00,4,4,4,1.0,3603.318728832,3256.43735808,3879.407983104,0.0,3603.318728832,False,False,False,1.0,obs,2246500,m3/s,"positive = downstream (seaward), negative = upstream (flood-tide reversal); negative values kept as-is",spinup
2016-10-02 23:00:00+00:00,4,4,4,1.0,3978.516946176,3907.724829696,4077.625909248,0.0,3978.516946176,False,False,False,1.0,obs,2246500,m3/s,"positive = downstream (seaward), negative = upstream (flood-tide reversal); negative values kept as-is",spinup
2016-10-03 00:00:00+00:00,4,4,4,1.0,3482.972130816001,3143.169971712,3737.823750144,0.0,3482.972130816001,False,False,False,1.0,obs,2246500,m3/s,"positive = downstream (seaward), negative = upstream (flood-tide reversal); negative values kept as-is",spinup
2016-10-03 01:00:00+00:00,4,4,4,1.0,1918.466356608,1166.6540795904,2658.9518949888,0.0,1918.466356608,False,False,False,1.0,obs,2246500,m3/s,"positive = downstream (seaward), negative = upstream (flood-tide reversal); negative values kept as-is",spinup
2016-10-03 02:00:00+00:00,4,4,4,1.0,-752.59099029888,-1696.1791108608,104.48916392448,0.0,-752.59099029888,False,False,False,1.0,obs,2246500,m3/s,"positive = downstream (seaward), negative = upstream (flood-tide reversal); negative values kept as-is",spinup
2016-10-03 03:00:00+00:00,4,4,4,1.0,-3042.6451663104003,-3624.556363776,-2593.8231478272,0.0,-3042.6451663104003,False,False,False,1.0,obs,2246500,m3/s,"positive = downstream (seaward), negative = upstream (flood-tide reversal); negative values kept as-is",spinup
2016-10-03 04:00:00+00:00,4,4,4,1.0,-4162.576449024,-4332.477528576,-3737.823750144,0.0,-4162.576449024,False,False,False,1.0,obs,2246500,m3/s,"positive = downstream (seaward), negative = upstream (flood-tide reversal); negative values kept as-is",spinup
2016-10-03 05:00:00+00:00,4,4,4,1.0,-4615.645994496,-4898.814460416,-4190.893295616,0.0,-4615.645994496,False,False,False,1.0,obs,2246500,m3/s,"positive = downstream (seaward), negative = upstream (flood-tide reversal); negative values kept as-is",spinup
2016-10-03 06:00:00+00:00,4,4,4,1.0,-4254.606200448,-4813.86392064,-3511.288977408,0.0,-4254.606200448,False,False,False,1.0,obs,2246500,m3/s,"positive = downstream (seaward), negative = upstream (flood-tide reversal); negative values kept as-is",spinup
2016-10-03 07:00:00+00:00,4,4,4,1.0,-2325.521026368,-3199.803664896,-1333.7234744832,0.0,-2325.521026368,False,False,False,1.0,obs,2246500,m3/s,"positive = downstream (seaward), negative = upstream (flood-tide reversal); negative values kept as-is",spinup
2016-10-03 08:00:00+00:00,4,4,4,1.0,486.05867175168,-560.6735625216,1458.317599488,0.0,486.05867175168,False,False,False,1.0,obs,2246500,m3/s,"positive = downstream (seaward), negative = upstream (flood-tide reversal); negative values kept as-is",spinup
2016-10-03 09:00:00+00:00,4,4,4,1.0,2801.9519702784,2137.921917696,3199.803664896,0.0,2801.9519702784,False,False,False,1.0,obs,2246500,m3/s,"positive = downstream (seaward), negative = upstream (flood-tide reversal); negative values kept as-is",spinup
2016-10-03 10:00:00+00:00,4,4,4,1.0,3695.348480256,3482.972130816,3879.407983104,0.0,3695.348480256,False,False,False,1.0,obs,2246500,m3/s,"positive = downstream (seaward), negative = upstream (flood-tide reversal); negative values kept as-is",spinup
2016-10-03 11:00:00+00:00,4,4,4,1.0,3872.328771456,3737.823750144,3992.675369472,0.0,3872.328771456,False,False,False,1.0,obs,2246500,m3/s,"positive = downstream (seaward), negative = upstream (flood-tide reversal); negative values kept as-is",spinup
2016-10-03 12:00:00+00:00,4,4,4,1.0,3433.41764928,3143.169971712,3737.823750144,0.0,3433.41764928,False,False,False,1.0,obs,2246500,m3/s,"positive = downstream (seaward), negative = upstream (flood-tide reversal); negative values kept as-is",spinup
2016-10-03 13:00:00+00:00,4,4,4,1.0,2142.1694446848,1189.307556864,2916.635198976,0.0,2142.1694446848,False,False,False,1.0,obs,2246500,m3/s,"positive = downstream (seaward), negative = upstream (flood-tide reversal); negative values kept as-is",spinup
2016-10-03 14:00:00+00:00,4,4,4,1.0,-281.54024724096,-1384.6937983488,642.7924176384,0.0,-281.54024724096,False,False,False,1.0,obs,2246500,m3/s,"positive = downstream (seaward), negative = upstream (flood-tide reversal); negative values kept as-is",spinup
2016-10-03 15:00:00+00:00,4,4,4,1.0,-2834.5163438592,-3737.823750144,-2072.7931705344,0.0,-2834.5163438592,False,False,False,1.0,obs,2246500,m3/s,"positive = downstream (seaward), negative = upstream (flood-tide reversal); negative values kept as-is",spinup
2016-10-03 16:00:00+00:00,4,4,4,1.0,-4219.210142208,-4559.012301312,-3454.6552842240003,0.0,-4219.210142208,False,False,False,1.0,obs,2246500,m3/s,"positive = downstream (seaward), negative = upstream (flood-tide reversal); negative values kept as-is",spinup
2016-10-03 17:00:00+00:00,4,4,4,1.0,-4155.497237376,-4219.210142208,-4077.625909248,0.0,-4155.497237376,False,False,False,1.0,obs,2246500,m3/s,"positive = downstream (seaward), negative = upstream (flood-tide reversal); negative values kept as-is",spinup
2016-10-03 18:00:00+00:00,4,4,4,1.0,-5111.190809856,-5550.101932032,-4672.27968768,0.0,-5111.190809856,False,False,False,1.0,obs,2246500,m3/s,"positive = downstream (seaward), negative = upstream (flood-tide reversal); negative values kept as-is",spinup
2016-10-03 19:00:00+00:00,4,4,4,1.0,-3497.130554112,-3992.675369472,-2860.001505792,0.0,-3497.130554112,False,False,False,1.0,obs,2246500,m3/s,"positive = downstream (seaward), negative = upstream (flood-tide reversal); negative values kept as-is",spinup
2016-10-03 20:00:00+00:00,4,4,4,1.0,-1560.2582472192,-2355.9616364544,-563.5052471808,0.0,-1560.2582472192,False,False,False,1.0,obs,2246500,m3/s,"positive = downstream (seaward), negative = upstream (flood-tide reversal); negative values kept as-is",spinup
2016-10-03 21:00:00+00:00,4,4,4,1.0,1024.715886048,-49.554481536,1917.0505142784,0.0,1024.715886048,False,False,False,1.0,obs,2246500,m3/s,"positive = downstream (seaward), negative = upstream (flood-tide reversal); negative values kept as-is",spinup
2016-10-03 22:00:00+00:00,4,4,4,1.0,3068.1303282432,2446.5755455488,3454.6552842240003,0.0,3068.1303282432,False,False,False,1.0,obs,2246500,m3/s,"positive = downstream (seaward), negative = upstream (flood-tide reversal); negative values kept as-is",spinup
2016-10-03 23:00:00+00:00,4,4,4,1.0,3716.5861152,3624.556363776,3851.091136512,0.0,3716.5861152,False,False,False,1.0,obs,2246500,m3/s,"positive = downstream (seaward), negative = upstream (flood-tide reversal); negative values kept as-is",spinup
2016-10-04 00:00:00+00:00,4,4,4,1.0,3928.96246464,3822.77428992,4049.309062656,0.0,3928.96246464,False,False,False,1.0,obs,2246500,m3/s,"positive = downstream (seaward), negative = upstream (flood-tide reversal); negative values kept as-is",spinup
2016-10-04 01:00:00+00:00,4,4,4,1.0,2890.4421158784,2120.9318097408,3567.922670592,0.0,2890.4421158784,False,False,False,1.0,obs,2246500,m3/s,"positive = downstream (seaward), negative = upstream (flood-tide reversal); negative values kept as-is",event
2016-10-04 02:00:00+00:00,4,4,4,1.0,520.10967977856,-504.0398693376,1526.2780313088,0.0,520.10967977856,False,False,False,1.0,obs,2246500,m3/s,"positive = downstream (seaward), negative = upstream (flood-tide reversal); negative values kept as-is",event
2016-10-04 03:00:00+00:00,4,4,4,1.0,-2072.0852493696,-3199.803664896,-1061.8817472,0.0,-2072.0852493696,False,False,False,1.0,obs,2246500,m3/s,"positive = downstream (seaward), negative = upstream (flood-tide reversal); negative values kept as-is",event
2016-10-04 04:00:00+00:00,4,4,4,1.0,-3815.695078272001,-4559.012301312,-3341.387897856,0.0,-3815.695078272001,False,False,False,1.0,obs,2246500,m3/s,"positive = downstream (seaward), negative = upstream (flood-tide reversal); negative values kept as-is",event
2016-10-04 05:00:00+00:00,4,4,4,1.0,-4530.69545472,-4700.596534272,-4275.843835392,0.0,-4530.69545472,False,False,False,1.0,obs,2246500,m3/s,"positive = downstream (seaward), negative = upstream (flood-tide reversal); negative values kept as-is",event
2016-10-04 06:00:00+00:00,4,4,4,1.0,-4488.220184832,-4983.765000192,-3652.873210368,0.0,-4488.220184832,False,False,False,1.0,obs,2246500,m3/s,"positive = downstream (seaward), negative = upstream (flood-tide reversal); negative values kept as-is",event
2016-10-04 07:00:00+00:00,4,4,4,1.0,-3688.269268608,-4219.210142208,-2860.001505792,0.0,-3688.269268608,False,False,False,1.0,obs,2246500,m3/s,"positive = downstream (seaward), negative = upstream (flood-tide reversal); negative values kept as-is",event
2016-10-04 08:00:00+00:00,4,4,4,1.0,-1368.4116115584,-2112.4367557632,-639.9607329792,0.0,-1368.4116115584,False,False,False,1.0,obs,2246500,m3/s,"positive = downstream (seaward), negative = upstream (flood-tide reversal); negative values kept as-is",event
2016-10-04 09:00:00+00:00,4,4,4,1.0,866.70788206464,-152.06146619904,1704.6741648384,0.0,866.70788206464,False,False,False,1.0,obs,2246500,m3/s,"positive = downstream (seaward), negative = upstream (flood-tide reversal); negative values kept as-is",event
2016-10-04 10:00:00+00:00,4,4,4,1.0,2923.714410624,2435.248806912,3369.704744448,0.0,2923.714410624,False,False,False,1.0,obs,2246500,m3/s,"positive = downstream (seaward), negative = upstream (flood-tide reversal); negative values kept as-is",event
2016-10-04 11:00:00+00:00,4,4,4,1.0,3383.863167744,3313.0710512640003,3426.338437632,0.0,3383.863167744,False,False,False,1.0,obs,2246500,m3/s,"positive = downstream (seaward), negative = upstream (flood-tide reversal); negative values kept as-is",event
2016-10-04 12:00:00+00:00,4,4,4,1.0,3383.8631677440003,3199.803664896,3596.2395171840003,0.0,3383.8631677440003,False,False,False,1.0,obs,2246500,m3/s,"positive = downstream (seaward), negative = upstream (flood-tide reversal); negative values kept as-is",event
2016-10-04 13:00:00+00:00,4,4,4,1.0,2597.3627536512,2146.4169716736,3086.536278528,0.0,2597.3627536512,False,False,False,1.0,obs,2246500,m3/s,"positive = downstream (seaward), negative = upstream (flood-tide reversal); negative values kept as-is",event
2016-10-04 14:00:00+00:00,4,4,4,1.0,668.34837168768,-385.1091136512,1795.2880739328,0.0,668.34837168768,False,False,False,1.0,obs,2246500,m3/s,"positive = downstream (seaward), negative = upstream (flood-tide reversal); negative values kept as-is",event
2016-10-04 15:00:00+00:00,4,4,4,1.0,-1799.5356009216,-3228.120511488,-489.8814460416,0.0,-1799.5356009216,False,False,False,1.0,obs,2246500,m3/s,"positive = downstream (seaward), negative = upstream (flood-tide reversal); negative values kept as-is",event
2016-10-04 16:00:00+00:00,4,4,4,1.0,-3985.596157824,-4530.69545472,-3454.6552842240003,0.0,-3985.596157824,False,False,False,1.0,obs,2246500,m3/s,"positive = downstream (seaward), negative = upstream (flood-tide reversal); negative values kept as-is",event
2016-10-04 17:00:00+00:00,4,4,4,1.0,-4658.121264384,-4842.180767232,-4530.69545472,0.0,-4658.121264384,False,False,False,1.0,obs,2246500,m3/s,"positive = downstream (seaward), negative = upstream (flood-tide reversal); negative values kept as-is",event
2016-10-04 18:00:00+00:00,4,4,4,1.0,-4849.259978880001,-5351.8840058880005,-4530.69545472,0.0,-4849.259978880001,False,False,False,1.0,obs,2246500,m3/s,"positive = downstream (seaward), negative = upstream (flood-tide reversal); negative values kept as-is",event
2016-10-04 19:00:00+00:00,4,4,4,1.0,-4282.92304704,-4643.9628410880005,-4049.309062656,0.0,-4282.92304704,False,False,False,1.0,obs,2246500,m3/s,"positive = downstream (seaward), negative = upstream (flood-tide reversal); negative values kept as-is",event
2016-10-04 20:00:00+00:00,4,4,4,1.0,-3353.4225576576,-4020.992216064,-2794.8727586304,0.0,-3353.4225576576,False,False,False,1.0,obs,2246500,m3/s,"positive = downstream (seaward), negative = upstream (flood-tide reversal); negative values kept as-is",event
2016-10-04 21:00:00+00:00,4,4,4,1.0,-1652.995919808,-2477.7240768,-566.33693184,0.0,-1652.995919808,False,False,False,1.0,obs,2246500,m3/s,"positive = downstream (seaward), negative = upstream (flood-tide reversal); negative values kept as-is",event
2016-10-04 22:00:00+00:00,4,4,4,1.0,490.6360900032768,-191.138714496,1421.5056989184,0.0,490.6360900032768,False,False,False,1.0,obs,2246500,m3/s,"positive = downstream (seaward), negative = upstream (flood-tide reversal); negative values kept as-is",event
2016-10-04 23:00:00+00:00,4,4,4,1.0,2187.476399232,1699.01079552,2695.7637955584,0.0,2187.476399232,False,False,False,1.0,obs,2246500,m3/s,"positive = downstream (seaward), negative = upstream (flood-tide reversal); negative values kept as-is",event
2016-10-05 00:00:00+00:00,4,4,4,1.0,2923.714410624,2860.001505792,3086.536278528,0.0,2923.714410624,False,False,False,1.0,obs,2246500,m3/s,"positive = downstream (seaward), negative = upstream (flood-tide reversal); negative values kept as-is",event
2016-10-05 01:00:00+00:00,4,4,4,1.0,2629.927127232,2282.3378353152,2860.001505792,0.0,2629.927127232,False,False,False,1.0,obs,2246500,m3/s,"positive = downstream (seaward), negative = upstream (flood-tide reversal); negative values kept as-is",event
2016-10-05 02:00:00+00:00,4,4,4,1.0,928.65098398464,-218.60605569024,1673.5256335872,0.0,928.65098398464,False,False,False,1.0,obs,2246500,m3/s,"positive = downstream (seaward), negative = upstream (flood-tide reversal); negative values kept as-is",event
2016-10-05 03:00:00+00:00,4,4,4,1.0,-1408.0551967872002,-2324.8131052032,-453.069545472,0.0,-1408.0551967872002,False,False,False,1.0,obs,2246500,m3/s,"positive = downstream (seaward), negative = upstream (flood-tide reversal); negative values kept as-is",event
2016-10-05 04:00:00+00:00,4,4,4,1.0,-3596.239517184,-4162.576449024,-2916.635198976,0.0,-3596.239517184,False,False,False,1.0,obs,2246500,m3/s,"positive = downstream (seaward), negative = upstream (flood-tide reversal); negative values kept as-is",event
2016-10-05 05:00:00+00:00,4,4,4,1.0,-4382.032010112,-4927.1313070080005,-3766.140596736,0.0,-4382.032010112,False,False,False,1.0,obs,2246500,m3/s,"positive = downstream (seaward), negative = upstream (flood-tide reversal); negative values kept as-is",event
2016-10-05 06:00:00+00:00,4,4,4,1.0,-4367.873586816,-4813.86392064,-4105.94275584,0.0,-4367.873586816,False,False,False,1.0,obs,2246500,m3/s,"positive = downstream (seaward), negative = upstream (flood-tide reversal); negative values kept as-is",event
2016-10-05 07:00:00+00:00,4,4,4,1.0,-3858.17034816,-4162.576449024,-3596.2395171840003,0.0,-3858.17034816,False,False,False,1.0,obs,2246500,m3/s,"positive = downstream (seaward), negative = upstream (flood-tide reversal); negative values kept as-is",event
2016-10-05 08:00:00+00:00,4,4,4,1.0,-3128.3036272512,-3624.556363776,-2828.8529745408,0.0,-3128.3036272512,False,False,False,1.0,obs,2246500,m3/s,"positive = downstream (seaward), negative = upstream (flood-tide reversal); negative values kept as-is",event
2016-10-05 09:00:00+00:00,4,4,4,1.0,-1404.5155909632,-2075.6248551936,-532.3567159296,0.0,-1404.5155909632,False,False,False,1.0,obs,2246500,m3/s,"positive = downstream (seaward), negative = upstream (flood-tide reversal); negative values kept as-is",event
2016-10-05 10:00:00+00:00,4,4,4,1.0,426.38091755904,-336.9704744448,1135.5055483392,0.0,426.38091755904,False,False,False,1.0,obs,2246500,m3/s,"positive = downstream (seaward), negative = upstream (flood-tide reversal); negative values kept as-is",event
2016-10-05 11:00:00+00:00,4,4,4,1.0,2170.4862912768003,1611.2285710848,2489.0508154368,0.0,2170.4862912768003,False,False,False,1.0,obs,2246500,m3/s,"positive = downstream (seaward), negative = upstream (flood-tide reversal); negative values kept as-is",event
2016-10-05 12:00:00+00:00,4,4,4,1.0,2826.7292110464005,2752.3974887424,2916.635198976,0.0,2826.7292110464005,False,False,False,1.0,obs,2246500,m3/s,"positive = downstream (seaward), negative = upstream (flood-tide reversal); negative values kept as-is",event
2016-10-05 13:00:00+00:00,4,4,4,1.0,2517.3676620288,2302.1596279296,2627.8033637376,0.0,2517.3676620288,False,False,False,1.0,obs,2246500,m3/s,"positive = downstream (seaward), negative = upstream (flood-tide reversal); negative values kept as-is",event
2016-10-05 14:00:00+00:00,4,4,4,1.0,1494.4215788928002,792.8717045760001,2174.7338182656,0.0,1494.4215788928002,False,False,False,1.0,obs,2246500,m3/s,"positive = downstream (seaward), negative = upstream (flood-tide reversal); negative values kept as-is",event
2016-10-05 15:00:00+00:00,4,4,4,1.0,-476.076983328,-1214.7927187968,131.6733366528,0.0,-476.076983328,False,False,False,1.0,obs,2246500,m3/s,"positive = downstream (seaward), negative = upstream (flood-tide reversal); negative values kept as-is",event
2016-10-05 16:00:00+00:00,4,4,4,1.0,-2761.6004638848,-3709.506903552,-1951.0307301888,0.0,-2761.6004638848,False,False,False,1.0,obs,2246500,m3/s,"positive = downstream (seaward), negative = upstream (flood-tide reversal); negative values kept as-is",event
2016-10-05 17:00:00+00:00,4,4,4,1.0,-4056.388274304,-4587.329147904,-3398.02159104,0.0,-4056.388274304,False,False,False,1.0,obs,2246500,m3/s,"positive = downstream (seaward), negative = upstream (flood-tide reversal); negative values kept as-is",event
2016-10-05 18:00:00+00:00,4,4,4,1.0,-4693.517322624,-4898.814460416,-4332.477528576,0.0,-4693.517322624,False,False,False,1.0,obs,2246500,m3/s,"positive = downstream (seaward), negative = upstream (flood-tide reversal); negative values kept as-is",event
2016-10-05 19:00:00+00:00,4,4,4,1.0,-4438.665703296,-4700.596534272,-4275.843835392,0.0,-4438.665703296,False,False,False,1.0,obs,2246500,m3/s,"positive = downstream (seaward), negative = upstream (flood-tide reversal); negative values kept as-is",event
2016-10-05 20:00:00+00:00,4,4,4,1.0,-3992.675369472,-4275.843835392,-3737.823750144,0.0,-3992.675369472,False,False,False,1.0,obs,2246500,m3/s,"positive = downstream (seaward), negative = upstream (flood-tide reversal); negative values kept as-is",event
2016-10-05 21:00:00+00:00,4,4,4,1.0,-2993.7986059392,-3596.2395171840003,-2375.7834290688,0.0,-2993.7986059392,False,False,False,1.0,obs,2246500,m3/s,"positive = downstream (seaward), negative = upstream (flood-tide reversal); negative values kept as-is",event
2016-10-05 22:00:00+00:00,4,4,4,1.0,-1267.178884992,-2081.288224512,-325.64373580800003,0.0,-1267.178884992,False,False,False,1.0,obs,2246500,m3/s,"positive = downstream (seaward), negative = upstream (flood-tide reversal); negative values kept as-is",event
2016-10-05 23:00:00+00:00,4,4,4,1.0,920.573603494272,-24.380804915712,1633.8820483584,0.0,920.573603494272,False,False,False,1.0,obs,2246500,m3/s,"positive = downstream (seaward), negative = upstream (flood-tide reversal); negative values kept as-is",event
2016-10-06 00:00:00+00:00,4,4,4,1.0,2346.758661312,1962.3574688256,2576.833039872,0.0,2346.758661312,False,False,False,1.0,obs,2246500,m3/s,"positive = downstream (seaward), negative = upstream (flood-tide reversal); negative values kept as-is",event
2016-10-06 01:00:00+00:00,4,4,4,1.0,2720.5410363264,2627.8033637376,2780.7143353344,0.0,2720.5410363264,False,False,False,1.0,obs,2246500,m3/s,"positive = downstream (seaward), negative = upstream (flood-tide reversal); negative values kept as-is",event
2016-10-06 02:00:00+00:00,4,4,4,1.0,2221.4566151424,2010.496108032,2404.1002756608,0.0,2221.4566151424,False,False,False,1.0,obs,2246500,m3/s,"positive = downstream (seaward), negative = upstream (flood-tide reversal); negative values kept as-is",event
2016-10-06 03:00:00+00:00,4,4,4,1.0,891.2019543667201,237.57834290688,1614.060255744,0.0,891.2019543667201,False,False,False,1.0,obs,2246500,m3/s,"positive = downstream (seaward), negative = upstream (flood-tide reversal); negative values kept as-is",event
2016-10-06 04:00:00+00:00,4,4,4,1.0,-1146.69070274304,-2126.5951790592,-129.69115739136,0.0,-1146.69070274304,False,False,False,1.0,obs,2246500,m3/s,"positive = downstream (seaward), negative = upstream (flood-tide reversal); negative values kept as-is",event
2016-10-06 05:00:00+00:00,4,4,4,1.0,-2770.8034390272,-3143.169971712,-2183.2288722432,0.0,-2770.8034390272,False,False,False,1.0,obs,2246500,m3/s,"positive = downstream (seaward), negative = upstream (flood-tide reversal); negative values kept as-is",event
2016-10-06 06:00:00+00:00,4,4,4,1.0,-3652.873210368,-3794.457443328,-3426.338437632,0.0,-3652.873210368,False,False,False,1.0,obs,2246500,m3/s,"positive = downstream (seaward), negative = upstream (flood-tide reversal); negative values kept as-is",event
2016-10-06 07:00:00+00:00,4,4,4,1.0,-3808.615866624,-4077.625909248,-3482.972130816,0.0,-3808.615866624,False,False,False,1.0,obs,2246500,m3/s,"positive = downstream (seaward), negative = upstream (flood-tide reversal); negative values kept as-is",event
2016-10-06 08:00:00+00:00,4,4,4,1.0,-3390.942379392,-3709.506903552,-2973.26889216,0.0,-3390.942379392,False,False,False,1.0,obs,2246500,m3/s,"positive = downstream (seaward), negative = upstream (flood-tide reversal); negative values kept as-is",event
2016-10-06 09:00:00+00:00,4,4,4,1.0,-2324.1051840384,-2809.0311819264,-1885.9019830272,0.0,-2324.1051840384,False,False,False,1.0,obs,2246500,m3/s,"positive = downstream (seaward), negative = upstream (flood-tide reversal); negative values kept as-is",event
2016-10-06 10:00:00+00:00,4,4,4,1.0,-774.7644970227456,-1565.9216165376,1.6367137330176,0.0,-774.7644970227456,False,False,False,1.0,obs,2246500,m3/s,"positive = downstream (seaward), negative = upstream (flood-tide reversal); negative values kept as-is",event
2016-10-06 11:00:00+00:00,4,4,4,1.0,738.2201906534401,197.65158921216,1316.733366528,0.0,738.2201906534401,False,False,False,1.0,obs,2246500,m3/s,"positive = downstream (seaward), negative = upstream (flood-tide reversal); negative values kept as-is",event
2016-10-06 12:00:00+00:00,4,4,4,1.0,2043.7684027776,1458.317599488,2506.040923392,0.0,2043.7684027776,False,False,False,1.0,obs,2246500,m3/s,"positive = downstream (seaward), negative = upstream (flood-tide reversal); negative values kept as-is",event
2016-10-06 13:00:00+00:00,4,4,4,1.0,2473.4765498112,2415.4270142976,2557.0112472576,0.0,2473.4765498112,False,False,False,1.0,obs,2246500,m3/s,"positive = downstream (seaward), negative = upstream (flood-tide reversal); negative values kept as-is",event
2016-10-06 14:00:00+00:00,4,4,4,1.0,1948.1990455296,1642.377102336,2338.9715284992,0.0,1948.1990455296,False,False,False,1.0,obs,2246500,m3/s,"positive = downstream (seaward), negative = upstream (flood-tide reversal); negative values kept as-is",event
2016-10-06 15:00:00+00:00,4,4,4,1.0,521.5255221081601,-77.30499119616,1203.46598016,0.0,521.5255221081601,False,False,False,1.0,obs,2246500,m3/s,"positive = downstream (seaward), negative = upstream (flood-tide reversal); negative values kept as-is",event
2016-10-06 16:00:00+00:00,4,4,4,1.0,-1231.782826752,-2225.7041421312,-339.802159104,0.0,-1231.782826752,False,False,False,1.0,obs,2246500,m3/s,"positive = downstream (seaward), negative = upstream (flood-tide reversal); negative values kept as-is",event
2016-10-06 17:00:00+00:00,4,4,4,1.0,-3234.4918019712004,-3766.140596736,-2602.3182018048,0.0,-3234.4918019712004,False,False,False,1.0,obs,2246500,m3/s,"positive = downstream (seaward), negative = upstream (flood-tide reversal); negative values kept as-is",event
2016-10-06 18:00:00+00:00,4,4,4,1.0,-3971.437734528,-4275.843835392,-3737.823750144,0.0,-3971.437734528,False,False,False,1.0,obs,2246500,m3/s,"positive = downstream (seaward), negative = upstream (flood-tide reversal); negative values kept as-is",event
2016-10-06 19:00:00+00:00,4,4,4,1.0,-4367.873586816,-4559.012301312,-4105.94275584,0.0,-4367.873586816,False,False,False,1.0,obs,2246500,m3/s,"positive = downstream (seaward), negative = upstream (flood-tide reversal); negative values kept as-is",event
2016-10-06 20:00:00+00:00,4,4,4,1.0,-4601.4875712,-4955.4481536,-4162.576449024,0.0,-4601.4875712,False,False,False,1.0,obs,2246500,m3/s,"positive = downstream (seaward), negative = upstream (flood-tide reversal); negative values kept as-is",event
2016-10-06 21:00:00+00:00,4,4,4,1.0,-4162.576449024,-4304.160681984,-4049.309062656,0.0,-4162.576449024,False,False,False,1.0,obs,2246500,m3/s,"positive = downstream (seaward), negative = upstream (flood-tide reversal); negative values kept as-is",event
2016-10-06 22:00:00+00:00,4,4,4,1.0,-3263.5165697280004,-3822.77428992,-2690.10042624,0.0,-3263.5165697280004,False,False,False,1.0,obs,2246500,m3/s,"positive = downstream (seaward), negative = upstream (flood-tide reversal); negative values kept as-is",event
2016-10-06 23:00:00+00:00,4,4,4,1.0,-1302.574943232,-1815.1098665472,-1016.5747926528,0.0,-1302.574943232,False,False,False,1.0,obs,2246500,m3/s,"positive = downstream (seaward), negative = upstream (flood-tide reversal); negative values kept as-is",event
2016-10-07 00:00:00+00:00,4,4,4,1.0,353.04028488576,-419.0893295616,1064.7134318592,0.0,353.04028488576,False,False,False,1.0,obs,2246500,m3/s,"positive = downstream (seaward), negative = upstream (flood-tide reversal); negative values kept as-is",event
2016-10-07 01:00:00+00:00,4,4,4,1.0,1813.6940242176,1404.5155909632,2234.1991961088,0.0,1813.6940242176,False,False,False,1.0,obs,2246500,m3/s,"positive = downstream (seaward), negative = upstream (flood-tide reversal); negative values kept as-is",event
2016-10-07 02:00:00+00:00,4,4,4,1.0,2317.7338935552,2197.3872955392,2406.93196032,0.0,2317.7338935552,False,False,False,1.0,obs,2246500,m3/s,"positive = downstream (seaward), negative = upstream (flood-tide reversal); negative values kept as-is",event
2016-10-07 03:00:00+00:00,4,4,4,1.0,1914.926750784,1472.476022784,2214.3774034944,0.0,1914.926750784,False,False,False,1.0,obs,2246500,m3/s,"positive = downstream (seaward), negative = upstream (flood-tide reversal); negative values kept as-is",event
2016-10-07 04:00:00+00:00,4,4,4,1.0,410.34650317632,-197.08525228032,1240.2778807296,0.0,410.34650317632,False,False,False,1.0,obs,2246500,m3/s,"positive = downstream (seaward), negative = upstream (flood-tide reversal); negative values kept as-is",event
2016-10-07 05:00:00+00:00,4,4,4,1.0,-1287.0006776064,-2092.6149631488,-569.1686164992,0.0,-1287.0006776064,False,False,False,1.0,obs,2246500,m3/s,"positive = downstream (seaward), negative = upstream (flood-tide reversal); negative values kept as-is",event
2016-10-07 06:00:00+00:00,4,4,4,1.0,-2935.0411492608005,-3199.803664896,-2508.8726080512,0.0,-2935.0411492608005,False,False,False,1.0,obs,2246500,m3/s,"positive = downstream (seaward), negative = upstream (flood-tide reversal); negative values kept as-is",event
2016-10-07 07:00:00+00:00,4,4,4,1.0,-3709.506903552,-3992.675369472,-3482.972130816,0.0,-3709.506903552,False,False,False,1.0,obs,2246500,m3/s,"positive = downstream (seaward), negative = upstream (flood-tide reversal); negative values kept as-is",event
2016-10-07 08:00:00+00:00,4,4,4,1.0,-3992.675369472001,-4162.576449024,-3879.407983104,0.0,-3992.675369472001,False,False,False,1.0,obs,2246500,m3/s,"positive = downstream (seaward), negative = upstream (flood-tide reversal); negative values kept as-is",event
2016-10-07 09:00:00+00:00,4,4,4,1.0,-3681.19005696,-3992.675369472,-3256.43735808,0.0,-3681.19005696,False,False,False,1.0,obs,2246500,m3/s,"positive = downstream (seaward), negative = upstream (flood-tide reversal); negative values kept as-is",event
2016-10-07 10:00:00+00:00,4,4,4,1.0,-2734.6994596224,-3228.120511488,-2180.397187584,0.0,-2734.6994596224,False,False,False,1.0,obs,2246500,m3/s,"positive = downstream (seaward), negative = upstream (flood-tide reversal); negative values kept as-is",event
2016-10-07 11:00:00+00:00,4,4,4,1.0,-1576.5404340096,-1735.8226960896,-1268.5947273216,0.0,-1576.5404340096,False,False,False,1.0,obs,2246500,m3/s,"positive = downstream (seaward), negative = upstream (flood-tide reversal); negative values kept as-is",event
2016-10-07 12:00:00+00:00,4,4,4,1.0,-431.2655735961601,-1081.7035398144,80.7030127872,0.0,-431.2655735961601,False,False,False,1.0,obs,2246500,m3/s,"positive = downstream (seaward), negative = upstream (flood-tide reversal); negative values kept as-is",event
2016-10-07 13:00:00+00:00,4,4,4,1.0,260.58578076288,172.7327642112,302.9902585344,0.0,260.58578076288,False,False,False,1.0,obs,2246500,m3/s,"positive = downstream (seaward), negative = upstream (flood-tide reversal); negative values kept as-is",event
2016-10-07 14:00:00+00:00,4,4,4,1.0,128.98323622656,-128.8416519936,236.72883750912,0.0,128.98323622656,False,False,False,1.0,obs,2246500,m3/s,"positive = downstream (seaward), negative = upstream (flood-tide reversal); negative values kept as-is",event
2016-10-07 15:00:00+00:00,4,4,4,1.0,-1400.9759851392,-2302.1596279296,-690.9310568448,0.0,-1400.9759851392,False,False,False,1.0,obs,2246500,m3/s,"positive = downstream (seaward), negative = upstream (flood-tide reversal); negative values kept as-is",event
2016-10-07 16:00:00+00:00,4,4,4,1.0,-3194.1402955776,-3539.605824,-2724.0806421504,0.0,-3194.1402955776,False,False,False,1.0,obs,2246500,m3/s,"positive = downstream (seaward), negative = upstream (flood-tide reversal); negative values kept as-is",event
2016-10-07 17:00:00+00:00,4,4,4,1.0,-4566.09151296,-5097.03238656,-4162.576449024,0.0,-4566.09151296,False,False,False,1.0,obs,2246500,m3/s,"positive = downstream (seaward), negative = upstream (flood-tide reversal); negative values kept as-is",event
2016-10-07 18:00:00+00:00,4,4,4,1.0,-6038.567535744,-6711.092642304,-5804.95355136,0.0,-6038.567535744,False,False,False,1.0,obs,2246500,m3/s,"positive = downstream (seaward), negative = upstream (flood-tide reversal); negative values kept as-is",event
2016-10-07 19:00:00+00:00,4,4,4,1.0,-7298.667209088,-7758.815966208001,-6597.825255936,0.0,-7298.667209088,False,False,False,1.0,obs,2246500,m3/s,"positive = downstream (seaward), negative = upstream (flood-tide reversal); negative values kept as-is",event
2016-10-07 20:00:00+00:00,4,4,4,1.0,-7022.577954816,-7192.479034368001,-6852.676875264,0.0,-7022.577954816,False,False,False,1.0,obs,2246500,m3/s,"positive = downstream (seaward), negative = upstream (flood-tide reversal); negative values kept as-is",event
2016-10-07 21:00:00+00:00,4,4,4,1.0,-7121.686917888,-7277.429574144,-7022.577954816,0.0,-7121.686917888,False,False,False,1.0,obs,2246500,m3/s,"positive = downstream (seaward), negative = upstream (flood-tide reversal); negative values kept as-is",event
2016-10-07 22:00:00+00:00,4,4,4,1.0,-6413.765753088,-6626.142102528001,-6173.072557056,0.0,-6413.765753088,False,False,False,1.0,obs,2246500,m3/s,"positive = downstream (seaward), negative = upstream (flood-tide reversal); negative values kept as-is",event
2016-10-07 23:00:00+00:00,4,4,4,1.0,-5295.250312704,-5606.735625216,-4643.9628410880005,0.0,-5295.250312704,False,False,False,1.0,obs,2246500,m3/s,"positive = downstream (seaward), negative = upstream (flood-tide reversal); negative values kept as-is",event
2016-10-08 00:00:00+00:00,4,4,4,1.0,-3570.7543552512006,-4389.11122176,-2786.3777046528003,0.0,-3570.7543552512006,False,False,False,1.0,obs,2246500,m3/s,"positive = downstream (seaward), negative = upstream (flood-tide reversal); negative values kept as-is",event
2016-10-08 01:00:00+00:00,4,4,4,1.0,-1678.4810817408002,-2290.8328892928,-959.9410994688,0.0,-1678.4810817408002,False,False,False,1.0,obs,2246500,m3/s,"positive = downstream (seaward), negative = upstream (flood-tide reversal); negative values kept as-is",event
2016-10-08 02:00:00+00:00,4,4,4,1.0,969.07328249472,-79.57033892352,1908.5554603008,0.0,969.07328249472,False,False,False,1.0,obs,2246500,m3/s,"positive = downstream (seaward), negative = upstream (flood-tide reversal); negative values kept as-is",event
2016-10-08 03:00:00+00:00,4,4,4,1.0,2802.6598914432,2177.5655029248,3171.4868183040003,0.0,2802.6598914432,False,False,False,1.0,obs,2246500,m3/s,"positive = downstream (seaward), negative = upstream (flood-tide reversal); negative values kept as-is",event
2016-10-08 04:00:00+00:00,4,4,4,1.0,3773.219808384,3511.288977408,4020.992216064,0.0,3773.219808384,False,False,False,1.0,obs,2246500,m3/s,"positive = downstream (seaward), negative = upstream (flood-tide reversal); negative values kept as-is",event
2016-10-08 05:00:00+00:00,4,4,4,1.0,4778.467862400001,4530.69545472,5068.7155399680005,0.0,4778.467862400001,False,False,False,1.0,obs,2246500,m3/s,"positive = downstream (seaward), negative = upstream (flood-tide reversal); negative values kept as-is",event
2016-10-08 06:00:00+00:00,4,4,4,1.0,4466.982549888,4162.576449024,4700.596534272,0.0,4466.982549888,False,False,False,1.0,obs,2246500,m3/s,"positive = downstream (seaward), negative = upstream (flood-tide reversal); negative values kept as-is",event
2016-10-08 07:00:00+00:00,4,4,4,1.0,4141.33881408,4077.625909248,4190.893295616,0.0,4141.33881408,False,False,False,1.0,obs,2246500,m3/s,"positive = downstream (seaward), negative = upstream (flood-tide reversal); negative values kept as-is",event
2016-10-08 08:00:00+00:00,4,4,4,1.0,4162.576449024,4049.309062656,4247.5269888,0.0,4162.576449024,False,False,False,1.0,obs,2246500,m3/s,"positive = downstream (seaward), negative = upstream (flood-tide reversal); negative values kept as-is",event
2016-10-08 09:00:00+00:00,4,4,4,1.0,4020.992216064,3936.041676288,4105.94275584,0.0,4020.992216064,False,False,False,1.0,obs,2246500,m3/s,"positive = downstream (seaward), negative = upstream (flood-tide reversal); negative values kept as-is",event
2016-10-08 10:00:00+00:00,4,4,4,1.0,4134.259602432,4077.625909248,4219.210142208,0.0,4134.259602432,False,False,False,1.0,obs,2246500,m3/s,"positive = downstream (seaward), negative = upstream (flood-tide reversal); negative values kept as-is",event
2016-10-08 11:00:00+00:00,4,4,4,1.0,4346.635951872,4134.259602432,4615.645994496,0.0,4346.635951872,False,False,False,1.0,obs,2246500,m3/s,"positive = downstream (seaward), negative = upstream (flood-tide reversal); negative values kept as-is",event
2016-10-08 12:00:00+00:00,4,4,4,1.0,4665.200476032001,4502.378608128,4813.86392064,0.0,4665.200476032001,False,False,False,1.0,obs,2246500,m3/s,"positive = downstream (seaward), negative = upstream (flood-tide reversal); negative values kept as-is",event
2016-10-08 13:00:00+00:00,4,4,4,1.0,4941.289730304,4898.814460416,4955.4481536,0.0,4941.289730304,False,False,False,1.0,obs,2246500,m3/s,"positive = downstream (seaward), negative = upstream (flood-tide reversal); negative values kept as-is",event
2016-10-08 14:00:00+00:00,4,4,4,1.0,5153.666079744,4927.1313070080005,5266.933466112,0.0,5153.666079744,False,False,False,1.0,obs,2246500,m3/s,"positive = downstream (seaward), negative = upstream (flood-tide reversal); negative values kept as-is",event
2016-10-08 15:00:00+00:00,4,4,4,1.0,5111.190809856,4757.230227456,5408.517699072,0.0,5111.190809856,False,False,False,1.0,obs,2246500,m3/s,"positive = downstream (seaward), negative = upstream (flood-tide reversal); negative values kept as-is",event
2016-10-08 16:00:00+00:00,4,4,4,1.0,5082.873963264,4757.230227456,5295.250312704,0.0,5082.873963264,False,False,False,1.0,obs,2246500,m3/s,"positive = downstream (seaward), negative = upstream (flood-tide reversal); negative values kept as-is",event
2016-10-08 17:00:00+00:00,4,4,4,1.0,5061.636328320001,4955.4481536,5323.567159296,0.0,5061.636328320001,False,False,False,1.0,obs,2246500,m3/s,"positive = downstream (seaward), negative = upstream (flood-tide reversal); negative values kept as-is",event
2016-10-08 18:00:00+00:00,4,4,4,1.0,4240.447777152,3879.407983104,4672.27968768,0.0,4240.447777152,False,False,False,1.0,obs,2246500,m3/s,"positive = downstream (seaward), negative = upstream (flood-tide reversal); negative values kept as-is",event
2016-10-08 19:00:00+00:00,4,4,4,1.0,2515.9518196992003,1625.3869943808,3341.387897856,0.0,2515.9518196992003,False,False,False,1.0,obs,2246500,m3/s,"positive = downstream (seaward), negative = upstream (flood-tide reversal); negative values kept as-is",event
2016-10-08 20:00:00+00:00,4,4,4,1.0,727.7429574144,351.1288977408,914.6341449216,0.0,727.7429574144,False,False,False,1.0,obs,2246500,m3/s,"positive = downstream (seaward), negative = upstream (flood-tide reversal); negative values kept as-is",event
2016-10-08 21:00:00+00:00,4,4,4,1.0,-450.2378608128,-889.1489829888001,-160.27335171072,0.0,-450.2378608128,False,False,False,1.0,obs,2246500,m3/s,"positive = downstream (seaward), negative = upstream (flood-tide reversal); negative values kept as-is",event
2016-10-08 22:00:00+00:00,4,4,4,1.0,-421.9210142208,-940.1193068544,82.1188551168,0.0,-421.9210142208,False,False,False,1.0,obs,2246500,m3/s,"positive = downstream (seaward), negative = upstream (flood-tide reversal); negative values kept as-is",event
2016-10-08 23:00:00+00:00,4,4,4,1.0,1073.9164070016,588.9904091136,1597.0701477888,0.0,1073.9164070016,False,False,False,1.0,obs,2246500,m3/s,"positive = downstream (seaward), negative = upstream (flood-tide reversal); negative values kept as-is",event
2016-10-09 00:00:00+00:00,4,4,4,1.0,3226.7046691584,2457.9022841856,3766.140596736,0.0,3226.7046691584,False,False,False,1.0,obs,2246500,m3/s,"positive = downstream (seaward), negative = upstream (flood-tide reversal); negative values kept as-is",event
2016-10-09 01:00:00+00:00,4,4,4,1.0,4091.784332544,3851.091136512,4332.477528576,0.0,4091.784332544,False,False,False,1.0,obs,2246500,m3/s,"positive = downstream (seaward), negative = upstream (flood-tide reversal); negative values kept as-is",event
2016-10-09 02:00:00+00:00,4,4,4,1.0,4828.022343936,4445.744914944,5125.349233152,0.0,4828.022343936,False,False,False,1.0,obs,2246500,m3/s,"positive = downstream (seaward), negative = upstream (flood-tide reversal); negative values kept as-is",event
2016-10-09 03:00:00+00:00,4,4,4,1.0,5443.913757312001,5238.61661952,5635.0524718080005,0.0,5443.913757312001,False,False,False,1.0,obs,2246500,m3/s,"positive = downstream (seaward), negative = upstream (flood-tide reversal); negative values kept as-is",event
2016-10-09 04:00:00+00:00,4,4,4,1.0,5833.270397952001,5720.003011584,5974.854630912,0.0,5833.270397952001,False,False,False,1.0,obs,2246500,m3/s,"positive = downstream (seaward), negative = upstream (flood-tide reversal); negative values kept as-is",event
2016-10-09 05:00:00+00:00,4,4,4,1.0,5486.389027200001,5266.933466112,5748.319858176,0.0,5486.389027200001,False,False,False,1.0,obs,2246500,m3/s,"positive = downstream (seaward), negative = upstream (flood-tide reversal); negative values kept as-is",event
2016-10-09 06:00:00+00:00,4,4,4,1.0,4551.933089664,4077.625909248,4927.1313070080005,0.0,4551.933089664,False,False,False,1.0,obs,2246500,m3/s,"positive = downstream (seaward), negative = upstream (flood-tide reversal); negative values kept as-is",event
2016-10-09 07:00:00+00:00,4,4,4,1.0,2342.5111343232,1146.832286976,3114.85312512,0.0,2342.5111343232,False,False,False,1.0,obs,2246500,m3/s,"positive = downstream (seaward), negative = upstream (flood-tide reversal); negative values kept as-is",event
2016-10-09 08:00:00+00:00,4,4,4,1.0,-45.30695454719999,-319.9803664896,603.1488324096,0.0,-45.30695454719999,False,False,False,1.0,obs,2246500,m3/s,"positive = downstream (seaward), negative = upstream (flood-tide reversal); negative values kept as-is",event
2016-10-09 09:00:00+00:00,4,4,4,1.0,-1349.2977401088,-1849.0900824576,-962.772784128,0.0,-1349.2977401088,False,False,False,1.0,obs,2246500,m3/s,"positive = downstream (seaward), negative = upstream (flood-tide reversal); negative values kept as-is",event
2016-10-09 10:00:00+00:00,4,4,4,1.0,-1296.2036527488,-1687.6840568832,-945.7826761728,0.0,-1296.2036527488,False,False,False,1.0,obs,2246500,m3/s,"positive = downstream (seaward), negative = upstream (flood-tide reversal); negative values kept as-is",event
2016-10-09 11:00:00+00:00,4,4,4,1.0,-304.7600614464001,-1022.2381619712,410.594275584,0.0,-304.7600614464001,False,False,False,1.0,obs,2246500,m3/s,"positive = downstream (seaward), negative = upstream (flood-tide reversal); negative values kept as-is",event
2016-10-09 12:00:00+00:00,4,4,4,1.0,1581.4958821632,951.4460454912,2537.1894546432,0.0,1581.4958821632,False,False,False,1.0,obs,2246500,m3/s,"positive = downstream (seaward), negative = upstream (flood-tide reversal); negative values kept as-is",event
2016-10-09 13:00:00+00:00,4,4,4,1.0,3454.6552842240003,3114.85312512,3879.407983104,0.0,3454.6552842240003,False,False,False,1.0,obs,2246500,m3/s,"positive = downstream (seaward), negative = upstream (flood-tide reversal); negative values kept as-is",event
2016-10-09 14:00:00+00:00,4,4,4,1.0,4162.576449024,4020.992216064,4275.843835392,0.0,4162.576449024,False,False,False,1.0,obs,2246500,m3/s,"positive = downstream (seaward), negative = upstream (flood-tide reversal); negative values kept as-is",event
2016-10-09 15:00:00+00:00,4,4,4,1.0,4424.50728,4304.160681984,4502.378608128,0.0,4424.50728,False,False,False,1.0,obs,2246500,m3/s,"positive = downstream (seaward), negative = upstream (flood-tide reversal); negative values kept as-is",event
2016-10-09 16:00:00+00:00,4,4,4,1.0,4240.4477771520005,3936.041676288,4502.378608128,0.0,4240.4477771520005,False,False,False,1.0,obs,2246500,m3/s,"positive = downstream (seaward), negative = upstream (flood-tide reversal); negative values kept as-is",event
2016-10-09 17:00:00+00:00,4,4,4,1.0,3674.110845312,3114.85312512,3992.675369472,0.0,3674.110845312,False,False,False,1.0,obs,2246500,m3/s,"positive = downstream (seaward), negative = upstream (flood-tide reversal); negative values kept as-is",event
2016-10-09 18:00:00+00:00,4,4,4,1.0,1885.1940618624003,1059.0500625408,2443.7438608896,0.0,1885.1940618624003,False,False,False,1.0,obs,2246500,m3/s,"positive = downstream (seaward), negative = upstream (flood-tide reversal); negative values kept as-is",event
2016-10-09 19:00:00+00:00,4,4,4,1.0,-42.19210142207999,-611.6438863872,586.1587244544,0.0,-42.19210142207999,False,False,False,1.0,obs,2246500,m3/s,"positive = downstream (seaward), negative = upstream (flood-tide reversal); negative values kept as-is",event
2016-10-09 20:00:00+00:00,4,4,4,1.0,-1786.0850987904,-2412.5953296384,-1067.5451165184,0.0,-1786.0850987904,False,False,False,1.0,obs,2246500,m3/s,"positive = downstream (seaward), negative = upstream (flood-tide reversal); negative values kept as-is",event
2016-10-09 21:00:00+00:00,4,4,4,1.0,-2825.3133687168,-3228.120511488,-2358.7933211136,0.0,-2825.3133687168,False,False,False,1.0,obs,2246500,m3/s,"positive = downstream (seaward), negative = upstream (flood-tide reversal); negative values kept as-is",event
2016-10-09 22:00:00+00:00,4,4,4,1.0,-3093.615490176,-3228.120511488,-3029.9025853440003,0.0,-3093.615490176,False,False,False,1.0,obs,2246500,m3/s,"positive = downstream (seaward), negative = upstream (flood-tide reversal); negative values kept as-is",event
2016-10-09 23:00:00+00:00,4,4,4,1.0,-2928.6698587776,-3313.0710512640003,-1973.6842074624,0.0,-2928.6698587776,False,False,False,1.0,obs,2246500,m3/s,"positive = downstream (seaward), negative = upstream (flood-tide reversal); negative values kept as-is",event
2016-10-10 00:00:00+00:00,4,4,4,1.0,-872.7252119654402,-1463.9809688064,-104.20599545856,0.0,-872.7252119654402,False,False,False,1.0,obs,2246500,m3/s,"positive = downstream (seaward), negative = upstream (flood-tide reversal); negative values kept as-is",event
2016-10-10 01:00:00+00:00,4,4,4,1.0,1068.960958848,291.6635198976,1744.3177500672,0.0,1068.960958848,False,False,False,1.0,obs,2246500,m3/s,"positive = downstream (seaward), negative = upstream (flood-tide reversal); negative values kept as-is",event
2016-10-10 02:00:00+00:00,4,4,4,1.0,3016.4520832128,2432.4171222528003,3426.338437632,0.0,3016.4520832128,False,False,False,1.0,obs,2246500,m3/s,"positive = downstream (seaward), negative = upstream (flood-tide reversal); negative values kept as-is",event
2016-10-10 03:00:00+00:00,4,4,4,1.0,3943.120887936,3681.19005696,4530.69545472,0.0,3943.120887936,False,False,False,1.0,obs,2246500,m3/s,"positive = downstream (seaward), negative = upstream (flood-tide reversal); negative values kept as-is",event
2016-10-10 04:00:00+00:00,4,4,4,1.0,4594.408359552001,4445.744914944,4672.27968768,0.0,4594.408359552001,False,False,False,1.0,obs,2246500,m3/s,"positive = downstream (seaward), negative = upstream (flood-tide reversal); negative values kept as-is",event
2016-10-10 05:00:00+00:00,4,4,4,1.0,4651.042052736,4389.11122176,4983.765000192,0.0,4651.042052736,False,False,False,1.0,obs,2246500,m3/s,"positive = downstream (seaward), negative = upstream (flood-tide reversal); negative values kept as-is",event
2016-10-10 06:00:00+00:00,4,4,4,1.0,4212.130930560001,3737.823750144,4643.9628410880005,0.0,4212.130930560001,False,False,False,1.0,obs,2246500,m3/s,"positive = downstream (seaward), negative = upstream (flood-tide reversal); negative values kept as-is",event
2016-10-10 07:00:00+00:00,4,4,4,1.0,1847.674240128,319.9803664896,3029.9025853440003,0.0,1847.674240128,False,False,False,1.0,obs,2246500,m3/s,"positive = downstream (seaward), negative = upstream (flood-tide reversal); negative values kept as-is",event
2016-10-10 08:00:00+00:00,4,4,4,1.0,-508.6413569088001,-1200.6342955008,68.24360028672,0.0,-508.6413569088001,False,False,False,1.0,obs,2246500,m3/s,"positive = downstream (seaward), negative = upstream (flood-tide reversal); negative values kept as-is",event
2016-10-10 09:00:00+00:00,4,4,4,1.0,-2057.9268260736,-2545.6845086208,-1670.693948928,0.0,-2057.9268260736,False,False,False,1.0,obs,2246500,m3/s,"positive = downstream (seaward), negative = upstream (flood-tide reversal); negative values kept as-is",event
2016-10-10 10:00:00+00:00,4,4,4,1.0,-2862.8331904512,-3058.219431936,-2545.6845086208,0.0,-2862.8331904512,False,False,False,1.0,obs,2246500,m3/s,"positive = downstream (seaward), negative = upstream (flood-tide reversal); negative values kept as-is",event
2016-10-10 11:00:00+00:00,4,4,4,1.0,-2944.9520455680004,-3114.85312512,-2860.001505792,0.0,-2944.9520455680004,False,False,False,1.0,obs,2246500,m3/s,"positive = downstream (seaward), negative = upstream (flood-tide reversal); negative values kept as-is",event
2016-10-10 12:00:00+00:00,4,4,4,1.0,-1955.9861783424,-2656.1202103296,-1563.0899318784,0.0,-1955.9861783424,False,False,False,1.0,obs,2246500,m3/s,"positive = downstream (seaward), negative = upstream (flood-tide reversal); negative values kept as-is",event
2016-10-10 13:00:00+00:00,4,4,4,1.0,-181.064996320896,-925.9608835584,396.435852288,0.0,-181.064996320896,False,False,False,1.0,obs,2246500,m3/s,"positive = downstream (seaward), negative = upstream (flood-tide reversal); negative values kept as-is",event
2016-10-10 14:00:00+00:00,4,4,4,1.0,1757.0603310336,1209.1293494784,2350.298267136,0.0,1757.0603310336,False,False,False,1.0,obs,2246500,m3/s,"positive = downstream (seaward), negative = upstream (flood-tide reversal); negative values kept as-is",event
2016-10-10 15:00:00+00:00,4,4,4,1.0,2927.254016448,2307.822997248,3171.4868183040003,0.0,2927.254016448,False,False,False,1.0,obs,2246500,m3/s,"positive = downstream (seaward), negative = upstream (flood-tide reversal); negative values kept as-is",event
2016-10-10 16:00:00+00:00,4,4,4,1.0,3334.308686208,3143.169971712,3567.922670592,0.0,3334.308686208,False,False,False,1.0,obs,2246500,m3/s,"positive = downstream (seaward), negative = upstream (flood-tide reversal); negative values kept as-is",event
2016-10-10 17:00:00+00:00,4,4,4,1.0,3213.962088192,3143.169971712,3341.387897856,0.0,3213.962088192,False,False,False,1.0,obs,2246500,m3/s,"positive = downstream (seaward), negative = upstream (flood-tide reversal); negative values kept as-is",event
2016-10-10 18:00:00+00:00,4,4,4,1.0,2418.2586989568,1696.1791108608,3171.4868183040003,0.0,2418.2586989568,False,False,False,1.0,obs,2246500,m3/s,"positive = downstream (seaward), negative = upstream (flood-tide reversal); negative values kept as-is",event
2016-10-10 19:00:00+00:00,4,4,4,1.0,740.91029107968,174.43177500672002,1438.4958068736,0.0,740.91029107968,False,False,False,1.0,obs,2246500,m3/s,"positive = downstream (seaward), negative = upstream (flood-tide reversal); negative values kept as-is",event
2016-10-10 20:00:00+00:00,4,4,4,1.0,-1090.9065149568,-1832.0999745024,-679.604318208,0.0,-1090.9065149568,False,False,False,1.0,obs,2246500,m3/s,"positive = downstream (seaward), negative = upstream (flood-tide reversal); negative values kept as-is",event
2016-10-10 21:00:00+00:00,4,4,4,1.0,-2921.5906471296003,-3624.556363776,-2007.6644233728,0.0,-2921.5906471296003,False,False,False,1.0,obs,2246500,m3/s,"positive = downstream (seaward), negative = upstream (flood-tide reversal); negative values kept as-is",event
2016-10-10 22:00:00+00:00,4,4,4,1.0,-3936.041676288,-3964.35852288,-3879.407983104,0.0,-3936.041676288,False,False,False,1.0,obs,2246500,m3/s,"positive = downstream (seaward), negative = upstream (flood-tide reversal); negative values kept as-is",event
2016-10-10 23:00:00+00:00,4,4,4,1.0,-3950.200099584,-4162.576449024,-3681.19005696,0.0,-3950.200099584,False,False,False,1.0,obs,2246500,m3/s,"positive = downstream (seaward), negative = upstream (flood-tide reversal); negative values kept as-is",event
2016-10-11 00:00:00+00:00,4,4,4,1.0,-3263.516569728,-3426.338437632,-3029.9025853440003,0.0,-3263.516569728,False,False,False,1.0,obs,2246500,m3/s,"positive = downstream (seaward), negative = upstream (flood-tide reversal); negative values kept as-is",event
