start,end,minutes,kind,series
2017-09-08 19:45:00+00:00,2017-09-08 20:15:00+00:00,15.0,record gap,acosta_discharge
2017-09-08 20:45:00+00:00,2017-09-08 21:15:00+00:00,15.0,record gap,acosta_discharge
2017-09-08 21:45:00+00:00,2017-09-08 22:15:00+00:00,15.0,record gap,acosta_discharge
2017-09-08 22:45:00+00:00,2017-09-08 23:15:00+00:00,15.0,record gap,acosta_discharge
2017-09-08 23:45:00+00:00,2017-09-09 00:15:00+00:00,15.0,record gap,acosta_discharge
2017-09-09 00:45:00+00:00,2017-09-09 01:15:00+00:00,15.0,record gap,acosta_discharge
2017-09-09 01:45:00+00:00,2017-09-09 02:15:00+00:00,15.0,record gap,acosta_discharge
2017-09-09 02:45:00+00:00,2017-09-09 03:15:00+00:00,15.0,record gap,acosta_discharge
2017-09-09 03:45:00+00:00,2017-09-09 04:15:00+00:00,15.0,record gap,acosta_discharge
2017-09-09 04:45:00+00:00,2017-09-09 05:15:00+00:00,15.0,record gap,acosta_discharge
2017-09-09 05:45:00+00:00,2017-09-09 06:15:00+00:00,15.0,record gap,acosta_discharge
2017-09-09 06:45:00+00:00,2017-09-09 07:15:00+00:00,15.0,record gap,acosta_discharge
2017-09-09 07:45:00+00:00,2017-09-09 08:15:00+00:00,15.0,record gap,acosta_discharge
2017-09-09 08:45:00+00:00,2017-09-09 09:15:00+00:00,15.0,record gap,acosta_discharge
2017-09-09 09:45:00+00:00,2017-09-09 10:15:00+00:00,15.0,record gap,acosta_discharge
2017-09-09 10:45:00+00:00,2017-09-09 11:15:00+00:00,15.0,record gap,acosta_discharge
2017-09-09 11:45:00+00:00,2017-09-09 12:15:00+00:00,15.0,record gap,acosta_discharge
2017-09-09 12:45:00+00:00,2017-09-09 13:15:00+00:00,15.0,record gap,acosta_discharge
2017-09-09 13:45:00+00:00,2017-09-09 14:15:00+00:00,15.0,record gap,acosta_discharge
2017-09-09 14:45:00+00:00,2017-09-09 15:15:00+00:00,15.0,record gap,acosta_discharge
2017-09-09 15:45:00+00:00,2017-09-09 16:15:00+00:00,15.0,record gap,acosta_discharge
2017-09-09 16:45:00+00:00,2017-09-09 17:15:00+00:00,15.0,record gap,acosta_discharge
2017-09-09 17:45:00+00:00,2017-09-09 18:15:00+00:00,15.0,record gap,acosta_discharge
2017-09-09 18:45:00+00:00,2017-09-09 19:15:00+00:00,15.0,record gap,acosta_discharge
2017-09-09 19:45:00+00:00,2017-09-09 20:15:00+00:00,15.0,record gap,acosta_discharge
2017-09-09 20:45:00+00:00,2017-09-09 21:15:00+00:00,15.0,record gap,acosta_discharge
2017-09-09 21:45:00+00:00,2017-09-09 22:15:00+00:00,15.0,record gap,acosta_discharge
2017-09-09 22:45:00+00:00,2017-09-09 23:15:00+00:00,15.0,record gap,acosta_discharge
2017-09-09 23:45:00+00:00,2017-09-10 00:15:00+00:00,15.0,record gap,acosta_discharge
2017-09-10 00:45:00+00:00,2017-09-10 01:15:00+00:00,15.0,record gap,acosta_discharge
2017-09-10 01:45:00+00:00,2017-09-10 02:15:00+00:00,15.0,record gap,acosta_discharge
2017-09-10 02:45:00+00:00,2017-09-10 03:15:00+00:00,15.0,record gap,acosta_discharge
2017-09-10 03:45:00+00:00,2017-09-10 04:15:00+00:00,15.0,record gap,acosta_discharge
2017-09-10 04:45:00+00:00,2017-09-10 05:15:00+00:00,15.0,record gap,acosta_discharge
2017-09-10 05:45:00+00:00,2017-09-10 06:15:00+00:00,15.0,record gap,acosta_discharge
2017-09-10 06:45:00+00:00,2017-09-10 07:15:00+00:00,15.0,record gap,acosta_discharge
2017-09-10 07:45:00+00:00,2017-09-10 08:15:00+00:00,15.0,record gap,acosta_discharge
2017-09-10 08:45:00+00:00,2017-09-10 09:15:00+00:00,15.0,record gap,acosta_discharge
2017-09-10 09:45:00+00:00,2017-09-10 10:15:00+00:00,15.0,record gap,acosta_discharge
2017-09-10 10:45:00+00:00,2017-09-10 11:15:00+00:00,15.0,record gap,acosta_discharge
2017-09-10 11:45:00+00:00,2017-09-10 12:15:00+00:00,15.0,record gap,acosta_discharge
2017-09-10 12:45:00+00:00,2017-09-10 13:15:00+00:00,15.0,record gap,acosta_discharge
2017-09-10 13:45:00+00:00,2017-09-10 14:15:00+00:00,15.0,record gap,acosta_discharge
2017-09-10 14:45:00+00:00,2017-09-10 15:15:00+00:00,15.0,record gap,acosta_discharge
2017-09-10 15:45:00+00:00,2017-09-10 16:15:00+00:00,15.0,record gap,acosta_discharge
2017-09-10 16:45:00+00:00,2017-09-10 17:15:00+00:00,15.0,record gap,acosta_discharge
2017-09-10 17:45:00+00:00,2017-09-10 18:15:00+00:00,15.0,record gap,acosta_discharge
2017-09-10 18:45:00+00:00,2017-09-10 19:15:00+00:00,15.0,record gap,acosta_discharge
2017-09-10 19:45:00+00:00,2017-09-10 20:15:00+00:00,15.0,record gap,acosta_discharge
2017-09-10 20:45:00+00:00,2017-09-10 21:15:00+00:00,15.0,record gap,acosta_discharge
2017-09-10 21:45:00+00:00,2017-09-10 22:15:00+00:00,15.0,record gap,acosta_discharge
2017-09-10 22:45:00+00:00,2017-09-10 23:15:00+00:00,15.0,record gap,acosta_discharge
2017-09-10 23:45:00+00:00,2017-09-11 00:15:00+00:00,15.0,record gap,acosta_discharge
2017-09-11 00:45:00+00:00,2017-09-11 01:15:00+00:00,15.0,record gap,acosta_discharge
2017-09-11 01:45:00+00:00,2017-09-11 02:15:00+00:00,15.0,record gap,acosta_discharge
2017-09-11 02:45:00+00:00,2017-09-11 03:15:00+00:00,15.0,record gap,acosta_discharge
2017-09-11 03:45:00+00:00,2017-09-11 04:15:00+00:00,15.0,record gap,acosta_discharge
2017-09-11 04:45:00+00:00,2017-09-11 05:15:00+00:00,15.0,record gap,acosta_discharge
2017-09-11 05:45:00+00:00,2017-09-11 06:15:00+00:00,15.0,record gap,acosta_discharge
2017-09-11 06:45:00+00:00,2017-09-11 07:15:00+00:00,15.0,record gap,acosta_discharge
2017-09-11 07:45:00+00:00,2017-09-11 08:15:00+00:00,15.0,record gap,acosta_discharge
2017-09-11 08:45:00+00:00,2017-09-11 09:15:00+00:00,15.0,record gap,acosta_discharge
2017-09-11 09:45:00+00:00,2017-09-11 10:15:00+00:00,15.0,record gap,acosta_discharge
2017-09-11 10:45:00+00:00,2017-09-11 11:15:00+00:00,15.0,record gap,acosta_discharge
2017-09-11 11:45:00+00:00,2017-09-11 12:15:00+00:00,15.0,record gap,acosta_discharge
2017-09-11 12:45:00+00:00,2017-09-11 13:15:00+00:00,15.0,record gap,acosta_discharge
2017-09-11 13:45:00+00:00,2017-09-11 14:15:00+00:00,15.0,record gap,acosta_discharge
2017-09-11 14:45:00+00:00,2017-09-11 15:15:00+00:00,15.0,record gap,acosta_discharge
2017-09-11 15:45:00+00:00,2017-09-11 16:15:00+00:00,15.0,record gap,acosta_discharge
2017-09-11 16:45:00+00:00,2017-09-11 17:15:00+00:00,15.0,record gap,acosta_discharge
2017-09-11 17:45:00+00:00,2017-09-11 18:15:00+00:00,15.0,record gap,acosta_discharge
2017-09-11 18:45:00+00:00,2017-09-11 19:15:00+00:00,15.0,record gap,acosta_discharge
2017-09-11 19:45:00+00:00,2017-09-11 20:15:00+00:00,15.0,record gap,acosta_discharge
2017-09-11 20:45:00+00:00,2017-09-11 21:15:00+00:00,15.0,record gap,acosta_discharge
2017-09-11 21:45:00+00:00,2017-09-11 22:15:00+00:00,15.0,record gap,acosta_discharge
2017-09-11 22:45:00+00:00,2017-09-11 23:15:00+00:00,15.0,record gap,acosta_discharge
2017-09-11 23:45:00+00:00,2017-09-12 00:15:00+00:00,15.0,record gap,acosta_discharge
2017-09-12 00:45:00+00:00,2017-09-12 01:15:00+00:00,15.0,record gap,acosta_discharge
2017-09-12 01:45:00+00:00,2017-09-12 02:15:00+00:00,15.0,record gap,acosta_discharge
2017-09-12 02:45:00+00:00,2017-09-12 03:15:00+00:00,15.0,record gap,acosta_discharge
2017-09-12 03:45:00+00:00,2017-09-12 04:15:00+00:00,15.0,record gap,acosta_discharge
2017-09-12 04:45:00+00:00,2017-09-12 05:15:00+00:00,15.0,record gap,acosta_discharge
2017-09-12 05:45:00+00:00,2017-09-12 06:15:00+00:00,15.0,record gap,acosta_discharge
2017-09-12 06:45:00+00:00,2017-09-12 07:15:00+00:00,15.0,record gap,acosta_discharge
2017-09-12 07:45:00+00:00,2017-09-12 08:15:00+00:00,15.0,record gap,acosta_discharge
2017-09-12 08:45:00+00:00,2017-09-12 09:15:00+00:00,15.0,record gap,acosta_discharge
2017-09-12 09:45:00+00:00,2017-09-12 10:15:00+00:00,15.0,record gap,acosta_discharge
2017-09-12 10:45:00+00:00,2017-09-12 11:15:00+00:00,15.0,record gap,acosta_discharge
2017-09-12 11:45:00+00:00,2017-09-12 12:15:00+00:00,15.0,record gap,acosta_discharge
2017-09-12 12:45:00+00:00,2017-09-12 13:15:00+00:00,15.0,record gap,acosta_discharge
2017-09-12 13:45:00+00:00,2017-09-12 14:15:00+00:00,15.0,record gap,acosta_discharge
2017-09-12 14:45:00+00:00,2017-09-12 15:15:00+00:00,15.0,record gap,acosta_discharge
2017-09-12 15:45:00+00:00,2017-09-12 16:15:00+00:00,15.0,record gap,acosta_discharge
