epoch,train_loss,val_loss,best_val_loss,is_best,bad_epochs,train_sec,val_sec,epoch_sec,n_train_samples,n_val_samples,finished_at
1,0.02232778368362536,0.0060203926778878225,0.0060203926778878225,True,0,107.9,16.7,124.7,7200,1320,2026-09-18 01:31:01
2,0.005628301321477112,0.005263124623646339,0.005263124623646339,True,0,107.0,16.5,123.7,7200,1320,2026-09-18 01:33:04
3,0.0047164487874963214,0.0018868513595820828,0.0018868513595820828,True,0,107.2,16.6,123.8,7200,1320,2026-09-18 01:35:09
4,0.002787836535846711,0.0015088159890817197,0.0015088159890817197,True,0,107.0,16.6,123.7,7200,1320,2026-09-18 01:37:12
5,0.0024574906018096955,0.0046505855114171,0.0015088159890817197,False,1,107.1,16.6,123.7,7200,1320,2026-09-18 01:39:16
6,0.0025974089440812045,0.002500761649924133,0.0015088159890817197,False,2,107.2,16.6,123.8,7200,1320,2026-09-18 01:41:20
7,0.00284088197251549,0.001061528556359311,0.001061528556359311,True,0,107.4,16.7,124.1,7200,1320,2026-09-18 01:43:25
8,0.0014621819543471147,0.0027593505618190677,0.001061528556359311,False,1,107.1,16.6,123.7,7200,1320,2026-09-18 01:45:29
9,0.0016304007987491787,0.0009571164126761935,0.0009571164126761935,True,0,106.9,16.6,123.5,7200,1320,2026-09-18 01:47:33
10,0.0014864195927899952,0.0008334848574701358,0.0008334848574701358,True,0,107.1,16.7,123.9,7200,1320,2026-09-18 01:49:37
11,0.0009737011165836723,0.001828454902649603,0.0008334848574701358,False,1,107.2,16.6,123.8,7200,1320,2026-09-18 01:51:41
12,0.0016908356025103584,0.0006609852469850783,0.0006609852469850783,True,0,107.0,16.6,123.7,7200,1320,2026-09-18 01:53:45
13,0.0009518527714923645,0.0008367668421035915,0.0006609852469850783,False,1,107.1,16.6,123.7,7200,1320,2026-09-18 01:55:49
14,0.0009387526379820581,0.0004870823016531314,0.0004870823016531314,True,0,107.1,16.6,123.8,7200,1320,2026-09-18 01:57:53
15,0.0012151801814454504,0.003039902330122211,0.0004870823016531314,False,1,107.2,16.7,123.8,7200,1320,2026-09-18 01:59:57
16,0.0007617341999462547,0.000698568271367218,0.0004870823016531314,False,2,107.2,16.6,123.7,7200,1320,2026-09-18 02:02:01
17,0.0006698267396293684,0.00028774367546606245,0.00028774367546606245,True,0,107.3,16.6,124.0,7200,1320,2026-09-18 02:04:05
18,0.0007854113967591224,0.0004241798561644938,0.00028774367546606245,False,1,107.1,16.6,123.7,7200,1320,2026-09-18 02:06:09
19,0.0005784598264532785,0.002691621983169832,0.00028774367546606245,False,2,107.0,16.7,123.7,7200,1320,2026-09-18 02:08:13
20,0.0006297897160887563,0.00056452977023031,0.00028774367546606245,False,3,107.1,16.6,123.7,7200,1320,2026-09-18 02:10:17
21,0.0006598655785233455,0.0007976227358802024,0.00028774367546606245,False,4,107.0,16.6,123.6,7200,1320,2026-09-18 02:12:21
22,0.0005281007055358108,0.0003498348688784366,0.00028774367546606245,False,5,107.5,16.8,124.3,7200,1320,2026-09-18 02:14:25
23,0.0005372352496164644,0.00026036426865947294,0.00026036426865947294,True,0,107.5,16.7,124.2,7200,1320,2026-09-18 02:16:30
24,0.00048649809004725993,0.0006288839602899371,0.00026036426865947294,False,1,107.4,16.7,124.0,7200,1320,2026-09-18 02:18:34
25,0.00048554372712614067,0.0002243440451848349,0.0002243440451848349,True,0,107.0,16.6,123.7,7200,1320,2026-09-18 02:20:38
26,0.0004916840763487724,0.004818102875442216,0.0002243440451848349,False,1,107.1,16.6,123.7,7200,1320,2026-09-18 02:22:42
27,0.0006145759037220462,0.000394508155648399,0.0002243440451848349,False,2,107.2,16.7,123.8,7200,1320,2026-09-18 02:24:46
28,0.0003900461111091621,0.000455894615063726,0.0002243440451848349,False,3,107.1,16.6,123.7,7200,1320,2026-09-18 02:26:50
29,0.00046231342735053555,0.0001845258815923113,0.0001845258815923113,True,0,107.2,16.7,124.0,7200,1320,2026-09-18 02:28:54
30,0.0004297197297273669,0.00033991254326379435,0.0001845258815923113,False,1,107.8,16.7,124.5,7200,1320,2026-09-18 02:30:59
31,0.00040772110063699076,0.00024820634421440915,0.0001845258815923113,False,2,107.1,16.7,123.8,7200,1320,2026-09-18 02:33:03
32,0.0003615399058212966,0.0034626270192816403,0.0001845258815923113,False,3,107.0,16.6,123.7,7200,1320,2026-09-18 02:35:07
33,0.0005898800163898462,0.0009891859199287313,0.0001845258815923113,False,4,107.3,16.7,124.0,7200,1320,2026-09-18 02:37:11
34,0.0003759721106325742,0.00016439024175545484,0.00016439024175545484,True,0,107.1,16.6,123.9,7200,1320,2026-09-18 02:39:15
35,0.00032731689853891213,0.0002245672339058453,0.00016439024175545484,False,1,107.4,16.7,124.2,7200,1320,2026-09-18 02:41:19
36,0.00034296017040711985,0.00043454234396587266,0.00016439024175545484,False,2,107.4,16.7,124.1,7200,1320,2026-09-18 02:43:24
37,0.000365344424563874,0.00044912460919780035,0.00016439024175545484,False,3,107.2,16.7,123.8,7200,1320,2026-09-18 02:45:28
38,0.00030654083382008443,0.0002502830064975459,0.00016439024175545484,False,4,107.1,16.6,123.7,7200,1320,2026-09-18 02:47:32
39,0.0003349935545540777,0.00048455122741870583,0.00016439024175545484,False,5,107.2,16.7,123.9,7200,1320,2026-09-18 02:49:36
40,0.00028131582813027006,0.00021663814744291205,0.00016439024175545484,False,6,107.3,16.6,123.9,7200,1320,2026-09-18 02:51:40
41,0.0003200301844319458,0.0004959629601657842,0.00016439024175545484,False,7,106.9,16.6,123.4,7200,1320,2026-09-18 02:53:44
42,0.00038954305131078907,0.00046696980434441656,0.00016439024175545484,False,8,107.0,16.6,123.7,7200,1320,2026-09-18 02:55:48
43,0.0002976123803819064,0.00012925092728850856,0.00012925092728850856,True,0,106.9,16.6,123.6,7200,1320,2026-09-18 02:57:51
44,0.00029402835887190626,0.00014595871506378787,0.00012925092728850856,False,1,107.2,16.6,123.8,7200,1320,2026-09-18 02:59:56
45,0.00025991711086438345,0.00011325775882472623,0.00011325775882472623,True,0,107.3,16.7,124.1,7200,1320,2026-09-18 03:02:00
46,0.00026598512833313887,0.0008438185118421009,0.00011325775882472623,False,1,107.3,16.7,124.0,7200,1320,2026-09-18 03:04:04
47,0.000304768580588441,0.00016538170554364722,0.00011325775882472623,False,2,107.4,16.5,124.0,7200,1320,2026-09-18 03:06:08
48,0.00025714054730795194,0.0007425814743548857,0.00011325775882472623,False,3,106.9,16.6,123.5,7200,1320,2026-09-18 03:08:12
49,0.0002614200866163527,0.00022350175162445698,0.00011325775882472623,False,4,107.1,16.6,123.7,7200,1320,2026-09-18 03:10:16
50,0.0002358058730573652,0.0012025557768841585,0.00011325775882472623,False,5,107.0,16.6,123.6,7200,1320,2026-09-18 03:12:20
