hour_end_utc,n_valid,n_records,discharge_m3s_hourly_mean,discharge_m3s_hourly_min,discharge_m3s_hourly_max,contains_estimated,flag_provisional,flag_approved,n_expected,coverage,complete,period,station,units,sign_convention
2017-09-06 01:00:00+00:00,4,4,-2451.5309937024003,-3539.605824,-1461.1492841472,False,False,True,4,1.0,True,spinup,02246500,m3/s,"positive = downstream (seaward), negative = upstream (flood-tide reversal); negative values kept as-is, not clipped at zero"
2017-09-06 02:00:00+00:00,4,4,-4013.913004416,-4332.477528576,-3596.2395171840003,False,False,True,4,1.0,True,spinup,02246500,m3/s,"positive = downstream (seaward), negative = upstream (flood-tide reversal); negative values kept as-is, not clipped at zero"
2017-09-06 03:00:00+00:00,4,4,-4530.69545472,-4643.9628410880005,-4445.744914944,False,False,True,4,1.0,True,spinup,02246500,m3/s,"positive = downstream (seaward), negative = upstream (flood-tide reversal); negative values kept as-is, not clipped at zero"
2017-09-06 04:00:00+00:00,4,4,-4396.190433408,-4757.230227456,-3822.7742899200002,False,False,True,4,1.0,True,spinup,02246500,m3/s,"positive = downstream (seaward), negative = upstream (flood-tide reversal); negative values kept as-is, not clipped at zero"
2017-09-06 05:00:00+00:00,4,4,-3277.6749930240003,-3766.140596736,-2775.050966016,False,False,True,4,1.0,True,spinup,02246500,m3/s,"positive = downstream (seaward), negative = upstream (flood-tide reversal); negative values kept as-is, not clipped at zero"
2017-09-06 06:00:00+00:00,4,4,-1215.57143207808,-2075.6248551936,-99.39213153792001,False,False,True,4,1.0,True,spinup,02246500,m3/s,"positive = downstream (seaward), negative = upstream (flood-tide reversal); negative values kept as-is, not clipped at zero"
2017-09-06 07:00:00+00:00,4,4,2043.7684027776,914.6341449216001,3143.169971712,False,False,True,4,1.0,True,spinup,02246500,m3/s,"positive = downstream (seaward), negative = upstream (flood-tide reversal); negative values kept as-is, not clipped at zero"
2017-09-06 08:00:00+00:00,4,4,3999.75458112,3624.556363776,4219.210142208,False,False,True,4,1.0,True,spinup,02246500,m3/s,"positive = downstream (seaward), negative = upstream (flood-tide reversal); negative values kept as-is, not clipped at zero"
2017-09-06 09:00:00+00:00,4,4,4282.92304704,4077.625909248,4559.012301312,False,False,True,4,1.0,True,spinup,02246500,m3/s,"positive = downstream (seaward), negative = upstream (flood-tide reversal); negative values kept as-is, not clipped at zero"
2017-09-06 10:00:00+00:00,4,4,4431.586491648,4332.477528576,4587.329147904,False,False,True,4,1.0,True,spinup,02246500,m3/s,"positive = downstream (seaward), negative = upstream (flood-tide reversal); negative values kept as-is, not clipped at zero"
2017-09-06 11:00:00+00:00,4,4,4098.863544192,3794.457443328,4445.744914944,False,False,True,4,1.0,True,spinup,02246500,m3/s,"positive = downstream (seaward), negative = upstream (flood-tide reversal); negative values kept as-is, not clipped at zero"
2017-09-06 12:00:00+00:00,4,4,2351.7141094656,1500.792869376,3228.120511488,False,False,True,4,1.0,True,spinup,02246500,m3/s,"positive = downstream (seaward), negative = upstream (flood-tide reversal); negative values kept as-is, not clipped at zero"
2017-09-06 13:00:00+00:00,4,4,-395.09080207488,-1390.3571676672,560.6735625216,False,False,True,4,1.0,True,spinup,02246500,m3/s,"positive = downstream (seaward), negative = upstream (flood-tide reversal); negative values kept as-is, not clipped at zero"
2017-09-06 14:00:00+00:00,4,4,-3016.4520832128,-3822.7742899200002,-2098.2783324672,False,False,True,4,1.0,True,spinup,02246500,m3/s,"positive = downstream (seaward), negative = upstream (flood-tide reversal); negative values kept as-is, not clipped at zero"
2017-09-06 15:00:00+00:00,4,4,-3943.120887936,-4219.210142208,-3737.8237501440003,False,False,True,4,1.0,True,spinup,02246500,m3/s,"positive = downstream (seaward), negative = upstream (flood-tide reversal); negative values kept as-is, not clipped at zero"
2017-09-06 16:00:00+00:00,4,4,-3971.437734528,-4077.625909248,-3907.724829696,False,False,True,4,1.0,True,spinup,02246500,m3/s,"positive = downstream (seaward), negative = upstream (flood-tide reversal); negative values kept as-is, not clipped at zero"
2017-09-06 17:00:00+00:00,4,4,-3560.8434589440003,-3794.457443328,-3058.219431936,False,False,True,4,1.0,True,spinup,02246500,m3/s,"positive = downstream (seaward), negative = upstream (flood-tide reversal); negative values kept as-is, not clipped at zero"
2017-09-06 18:00:00+00:00,4,4,-1189.3075568640002,-2313.4863665664,-28.316846592,False,False,True,4,1.0,True,spinup,02246500,m3/s,"positive = downstream (seaward), negative = upstream (flood-tide reversal); negative values kept as-is, not clipped at zero"
2017-09-06 19:00:00+00:00,4,4,2304.283391424,1291.2482045952,3398.02159104,False,False,True,4,1.0,True,spinup,02246500,m3/s,"positive = downstream (seaward), negative = upstream (flood-tide reversal); negative values kept as-is, not clipped at zero"
2017-09-06 20:00:00+00:00,4,4,3950.200099584,3766.140596736,4077.625909248,False,False,True,4,1.0,True,spinup,02246500,m3/s,"positive = downstream (seaward), negative = upstream (flood-tide reversal); negative values kept as-is, not clipped at zero"
2017-09-06 21:00:00+00:00,4,4,4389.11122176,4190.893295616,4530.69545472,False,False,True,4,1.0,True,spinup,02246500,m3/s,"positive = downstream (seaward), negative = upstream (flood-tide reversal); negative values kept as-is, not clipped at zero"
2017-09-06 22:00:00+00:00,4,4,4580.249936256,4474.061761536,4643.9628410880005,False,False,True,4,1.0,True,spinup,02246500,m3/s,"positive = downstream (seaward), negative = upstream (flood-tide reversal); negative values kept as-is, not clipped at zero"
2017-09-06 23:00:00+00:00,4,4,4205.051718912,3992.675369472,4474.061761536,False,False,True,4,1.0,True,spinup,02246500,m3/s,"positive = downstream (seaward), negative = upstream (flood-tide reversal); negative values kept as-is, not clipped at zero"
2017-09-07 00:00:00+00:00,4,4,2887.6104312192,2021.8228466688001,3567.922670592,False,False,True,4,1.0,True,spinup,02246500,m3/s,"positive = downstream (seaward), negative = upstream (flood-tide reversal); negative values kept as-is, not clipped at zero"
2017-09-07 01:00:00+00:00,4,4,145.83175994880003,-1025.0698466304,1404.5155909632,False,False,True,4,1.0,True,spinup,02246500,m3/s,"positive = downstream (seaward), negative = upstream (flood-tide reversal); negative values kept as-is, not clipped at zero"
2017-09-07 02:00:00+00:00,4,4,-2592.4073054976,-3624.556363776,-1608.3968864256,False,False,True,4,1.0,True,spinup,02246500,m3/s,"positive = downstream (seaward), negative = upstream (flood-tide reversal); negative values kept as-is, not clipped at zero"
2017-09-07 03:00:00+00:00,4,4,-3964.3585228800002,-4219.210142208,-3794.457443328,False,False,True,4,1.0,True,spinup,02246500,m3/s,"positive = downstream (seaward), negative = upstream (flood-tide reversal); negative values kept as-is, not clipped at zero"
2017-09-07 04:00:00+00:00,4,4,-4374.952798464,-4757.230227456,-4077.625909248,False,False,True,4,1.0,True,spinup,02246500,m3/s,"positive = downstream (seaward), negative = upstream (flood-tide reversal); negative values kept as-is, not clipped at zero"
2017-09-07 05:00:00+00:00,4,4,-3943.120887936,-4247.5269888,-3511.288977408,False,False,True,4,1.0,True,spinup,02246500,m3/s,"positive = downstream (seaward), negative = upstream (flood-tide reversal); negative values kept as-is, not clipped at zero"
2017-09-07 06:00:00+00:00,4,4,-2301.4517067648003,-2860.001505792,-1656.5355256320001,False,False,True,4,1.0,True,spinup,02246500,m3/s,"positive = downstream (seaward), negative = upstream (flood-tide reversal); negative values kept as-is, not clipped at zero"
2017-09-07 07:00:00+00:00,4,4,552.32009277696,-730.5746420736,1699.01079552,False,False,True,4,1.0,True,spinup,02246500,m3/s,"positive = downstream (seaward), negative = upstream (flood-tide reversal); negative values kept as-is, not clipped at zero"
2017-09-07 08:00:00+00:00,4,4,3150.24918336,2661.783579648,3624.556363776,False,False,True,4,1.0,True,spinup,02246500,m3/s,"positive = downstream (seaward), negative = upstream (flood-tide reversal); negative values kept as-is, not clipped at zero"
2017-09-07 09:00:00+00:00,4,4,3992.675369472,3879.4079831040003,4190.893295616,False,False,True,4,1.0,True,spinup,02246500,m3/s,"positive = downstream (seaward), negative = upstream (flood-tide reversal); negative values kept as-is, not clipped at zero"
2017-09-07 10:00:00+00:00,4,4,4332.477528576,4247.5269888,4474.061761536,False,False,True,4,1.0,True,spinup,02246500,m3/s,"positive = downstream (seaward), negative = upstream (flood-tide reversal); negative values kept as-is, not clipped at zero"
2017-09-07 11:00:00+00:00,4,4,4183.814083968,3936.041676288,4417.428068352,False,False,True,4,1.0,True,spinup,02246500,m3/s,"positive = downstream (seaward), negative = upstream (flood-tide reversal); negative values kept as-is, not clipped at zero"
2017-09-07 12:00:00+00:00,4,4,3320.150262912,2661.783579648,3964.3585228800002,False,False,True,4,1.0,True,spinup,02246500,m3/s,"positive = downstream (seaward), negative = upstream (flood-tide reversal); negative values kept as-is, not clipped at zero"
2017-09-07 13:00:00+00:00,4,4,901.1836427904001,-382.277428992,2067.129801216,False,False,True,4,1.0,True,spinup,02246500,m3/s,"positive = downstream (seaward), negative = upstream (flood-tide reversal); negative values kept as-is, not clipped at zero"
2017-09-07 14:00:00+00:00,4,4,-2068.5456435456,-3086.536278528,-1127.0104943616,False,False,True,4,1.0,True,spinup,02246500,m3/s,"positive = downstream (seaward), negative = upstream (flood-tide reversal); negative values kept as-is, not clipped at zero"
2017-09-07 15:00:00+00:00,4,4,-4098.8635441920005,-4389.11122176,-3567.922670592,False,False,True,4,1.0,True,spinup,02246500,m3/s,"positive = downstream (seaward), negative = upstream (flood-tide reversal); negative values kept as-is, not clipped at zero"
2017-09-07 16:00:00+00:00,4,4,-4615.645994496,-4898.814460416,-4417.428068352,False,False,True,4,1.0,True,spinup,02246500,m3/s,"positive = downstream (seaward), negative = upstream (flood-tide reversal); negative values kept as-is, not clipped at zero"
2017-09-07 17:00:00+00:00,4,4,-4389.11122176,-4983.765000192,-4049.309062656,False,False,True,4,1.0,True,spinup,02246500,m3/s,"positive = downstream (seaward), negative = upstream (flood-tide reversal); negative values kept as-is, not clipped at zero"
2017-09-07 18:00:00+00:00,4,4,-3194.8482167424,-4020.9922160640003,-2557.0112472576,False,False,True,4,1.0,True,spinup,02246500,m3/s,"positive = downstream (seaward), negative = upstream (flood-tide reversal); negative values kept as-is, not clipped at zero"
2017-09-07 19:00:00+00:00,4,4,-927.3767258880001,-2157.7437103104003,566.33693184,False,False,True,4,1.0,True,spinup,02246500,m3/s,"positive = downstream (seaward), negative = upstream (flood-tide reversal); negative values kept as-is, not clipped at zero"
2017-09-07 20:00:00+00:00,4,4,2060.050589568,1087.3669091328,3086.536278528,False,False,True,4,1.0,True,spinup,02246500,m3/s,"positive = downstream (seaward), negative = upstream (flood-tide reversal); negative values kept as-is, not clipped at zero"
2017-09-07 21:00:00+00:00,4,4,3624.556363776,3341.387897856,3907.724829696,False,False,True,4,1.0,True,spinup,02246500,m3/s,"positive = downstream (seaward), negative = upstream (flood-tide reversal); negative values kept as-is, not clipped at zero"
2017-09-07 22:00:00+00:00,4,4,4035.1506393600002,3822.7742899200002,4247.5269888,False,False,True,4,1.0,True,spinup,02246500,m3/s,"positive = downstream (seaward), negative = upstream (flood-tide reversal); negative values kept as-is, not clipped at zero"
2017-09-07 23:00:00+00:00,4,4,4056.3882743040003,3907.724829696,4275.843835392,False,False,True,4,1.0,True,spinup,02246500,m3/s,"positive = downstream (seaward), negative = upstream (flood-tide reversal); negative values kept as-is, not clipped at zero"
2017-09-08 00:00:00+00:00,4,4,3351.2987941632,2814.6945512448,3737.8237501440003,False,False,True,4,1.0,True,spinup,02246500,m3/s,"positive = downstream (seaward), negative = upstream (flood-tide reversal); negative values kept as-is, not clipped at zero"
2017-09-08 01:00:00+00:00,4,4,969.1440746112,-305.8219431936,2251.189304064,False,False,True,4,1.0,True,spinup,02246500,m3/s,"positive = downstream (seaward), negative = upstream (flood-tide reversal); negative values kept as-is, not clipped at zero"
2017-09-08 02:00:00+00:00,4,4,-1937.5802280576,-2944.952045568,-900.4757216256,False,False,True,4,1.0,True,spinup,02246500,m3/s,"positive = downstream (seaward), negative = upstream (flood-tide reversal); negative values kept as-is, not clipped at zero"
2017-09-08 03:00:00+00:00,4,4,-4169.6556606720005,-4417.428068352,-3822.7742899200002,False,False,True,4,1.0,True,spinup,02246500,m3/s,"positive = downstream (seaward), negative = upstream (flood-tide reversal); negative values kept as-is, not clipped at zero"
2017-09-08 04:00:00+00:00,4,4,-4474.061761536001,-4757.230227456,-4219.210142208,False,False,True,4,1.0,True,spinup,02246500,m3/s,"positive = downstream (seaward), negative = upstream (flood-tide reversal); negative values kept as-is, not clipped at zero"
2017-09-08 05:00:00+00:00,4,4,-4672.27968768,-4870.497613824,-4502.378608128,False,False,True,4,1.0,True,spinup,02246500,m3/s,"positive = downstream (seaward), negative = upstream (flood-tide reversal); negative values kept as-is, not clipped at zero"
2017-09-08 06:00:00+00:00,4,4,-4084.705120896,-4417.428068352,-3737.8237501440003,False,False,True,4,1.0,True,spinup,02246500,m3/s,"positive = downstream (seaward), negative = upstream (flood-tide reversal); negative values kept as-is, not clipped at zero"
2017-09-08 07:00:00+00:00,4,4,-2296.4962586112,-3199.803664896,-1209.1293494784,False,False,True,4,1.0,True,spinup,02246500,m3/s,"positive = downstream (seaward), negative = upstream (flood-tide reversal); negative values kept as-is, not clipped at zero"
2017-09-08 08:00:00+00:00,4,4,699.35531870592,-512.5349233152,1772.6345966592,False,False,True,4,1.0,True,spinup,02246500,m3/s,"positive = downstream (seaward), negative = upstream (flood-tide reversal); negative values kept as-is, not clipped at zero"
2017-09-08 09:00:00+00:00,4,4,3182.105635776,2421.090383616,3766.140596736,False,False,True,4,1.0,True,spinup,02246500,m3/s,"positive = downstream (seaward), negative = upstream (flood-tide reversal); negative values kept as-is, not clipped at zero"
2017-09-08 10:00:00+00:00,4,4,3992.675369472,3851.091136512,4162.576449024,False,False,True,4,1.0,True,spinup,02246500,m3/s,"positive = downstream (seaward), negative = upstream (flood-tide reversal); negative values kept as-is, not clipped at zero"
2017-09-08 11:00:00+00:00,4,4,4240.447777152,3964.3585228800002,4417.428068352,False,False,True,4,1.0,True,spinup,02246500,m3/s,"positive = downstream (seaward), negative = upstream (flood-tide reversal); negative values kept as-is, not clipped at zero"
2017-09-08 12:00:00+00:00,4,4,3836.932713216,3567.922670592,4049.309062656,False,False,True,4,1.0,True,spinup,02246500,m3/s,"positive = downstream (seaward), negative = upstream (flood-tide reversal); negative values kept as-is, not clipped at zero"
2017-09-08 13:00:00+00:00,4,4,2394.1893793536,1574.4166705152,3171.4868183040003,False,False,True,4,1.0,True,spinup,02246500,m3/s,"positive = downstream (seaward), negative = upstream (flood-tide reversal); negative values kept as-is, not clipped at zero"
2017-09-08 14:00:00+00:00,4,4,-615.8914133760001,-1792.4563892736,620.1389403648,False,False,True,4,1.0,True,spinup,02246500,m3/s,"positive = downstream (seaward), negative = upstream (flood-tide reversal); negative values kept as-is, not clipped at zero"
2017-09-08 15:00:00+00:00,4,4,-3320.8581840768,-4077.625909248,-2466.3973381632,False,False,True,4,1.0,True,spinup,02246500,m3/s,"positive = downstream (seaward), negative = upstream (flood-tide reversal); negative values kept as-is, not clipped at zero"
2017-09-08 16:00:00+00:00,4,4,-4580.249936256,-4842.180767232,-4332.477528576,False,False,True,4,1.0,True,spinup,02246500,m3/s,"positive = downstream (seaward), negative = upstream (flood-tide reversal); negative values kept as-is, not clipped at zero"
2017-09-08 17:00:00+00:00,4,4,-4934.210518656,-5380.20085248,-4700.596534272,False,False,True,4,1.0,True,spinup,02246500,m3/s,"positive = downstream (seaward), negative = upstream (flood-tide reversal); negative values kept as-is, not clipped at zero"
2017-09-08 18:00:00+00:00,4,4,-4551.933089664,-4870.497613824,-4190.893295616,False,False,True,4,1.0,True,spinup,02246500,m3/s,"positive = downstream (seaward), negative = upstream (flood-tide reversal); negative values kept as-is, not clipped at zero"
2017-09-08 19:00:00+00:00,4,4,-3702.4276919040003,-4417.428068352,-3086.536278528,False,False,True,4,1.0,True,spinup,02246500,m3/s,"positive = downstream (seaward), negative = upstream (flood-tide reversal); negative values kept as-is, not clipped at zero"
2017-09-08 20:00:00+00:00,4,4,-1685.5602933888001,-2695.7637955584,-883.4856136704,False,False,True,4,1.0,True,spinup,02246500,m3/s,"positive = downstream (seaward), negative = upstream (flood-tide reversal); negative values kept as-is, not clipped at zero"
2017-09-08 21:00:00+00:00,3,3,1699.01079552,1226.1194574336,2171.9021336064,False,False,True,4,0.75,False,spinup,02246500,m3/s,"positive = downstream (seaward), negative = upstream (flood-tide reversal); negative values kept as-is, not clipped at zero"
2017-09-08 22:00:00+00:00,3,3,3398.02159104,3086.536278528,3766.140596736,False,False,True,4,0.75,False,spinup,02246500,m3/s,"positive = downstream (seaward), negative = upstream (flood-tide reversal); negative values kept as-is, not clipped at zero"
2017-09-08 23:00:00+00:00,3,3,3822.7742899200002,3652.873210368,3964.3585228800002,False,False,True,4,0.75,False,spinup,02246500,m3/s,"positive = downstream (seaward), negative = upstream (flood-tide reversal); negative values kept as-is, not clipped at zero"
2017-09-09 00:00:00+00:00,3,3,3718.945852416,3398.02159104,3936.041676288,False,False,True,4,0.75,False,spinup,02246500,m3/s,"positive = downstream (seaward), negative = upstream (flood-tide reversal); negative values kept as-is, not clipped at zero"
2017-09-09 01:00:00+00:00,3,3,2207.7701392896,1741.486065408,2639.1301023744,False,False,True,4,0.75,False,event,02246500,m3/s,"positive = downstream (seaward), negative = upstream (flood-tide reversal); negative values kept as-is, not clipped at zero"
2017-09-09 02:00:00+00:00,3,3,-649.0221238886401,-1243.1095653888,108.73669091328,False,False,True,4,0.75,False,event,02246500,m3/s,"positive = downstream (seaward), negative = upstream (flood-tide reversal); negative values kept as-is, not clipped at zero"
2017-09-09 03:00:00+00:00,3,3,-3151.6650256896005,-3567.922670592,-2517.3676620288,False,False,True,4,0.75,False,event,02246500,m3/s,"positive = downstream (seaward), negative = upstream (flood-tide reversal); negative values kept as-is, not clipped at zero"
2017-09-09 04:00:00+00:00,3,3,-4606.207045632,-4870.497613824,-4190.893295616,False,False,True,4,0.75,False,event,02246500,m3/s,"positive = downstream (seaward), negative = upstream (flood-tide reversal); negative values kept as-is, not clipped at zero"
2017-09-09 05:00:00+00:00,3,3,-5266.933466112,-5295.250312704,-5238.61661952,False,False,True,4,0.75,False,event,02246500,m3/s,"positive = downstream (seaward), negative = upstream (flood-tide reversal); negative values kept as-is, not clipped at zero"
2017-09-09 06:00:00+00:00,3,3,-5030.959744512001,-5295.250312704,-4559.012301312,False,False,True,4,0.75,False,event,02246500,m3/s,"positive = downstream (seaward), negative = upstream (flood-tide reversal); negative values kept as-is, not clipped at zero"
2017-09-09 07:00:00+00:00,3,3,-4304.160681984001,-4530.69545472,-3879.4079831040003,False,False,True,4,0.75,False,event,02246500,m3/s,"positive = downstream (seaward), negative = upstream (flood-tide reversal); negative values kept as-is, not clipped at zero"
2017-09-09 08:00:00+00:00,3,3,-3002.5296336384,-3596.2395171840003,-2409.7636449792,False,False,True,4,0.75,False,event,02246500,m3/s,"positive = downstream (seaward), negative = upstream (flood-tide reversal); negative values kept as-is, not clipped at zero"
2017-09-09 09:00:00+00:00,3,3,141.96179091456,-591.8220937728,962.772784128,False,False,True,4,0.75,False,event,02246500,m3/s,"positive = downstream (seaward), negative = upstream (flood-tide reversal); negative values kept as-is, not clipped at zero"
2017-09-09 10:00:00+00:00,3,3,2372.9517444096,1735.8226960896,2916.635198976,False,False,True,4,0.75,False,event,02246500,m3/s,"positive = downstream (seaward), negative = upstream (flood-tide reversal); negative values kept as-is, not clipped at zero"
2017-09-09 11:00:00+00:00,3,3,3464.0942330880002,3256.43735808,3652.873210368,False,False,True,4,0.75,False,event,02246500,m3/s,"positive = downstream (seaward), negative = upstream (flood-tide reversal); negative values kept as-is, not clipped at zero"
2017-09-09 12:00:00+00:00,3,3,3530.166875136,3426.338437632,3681.19005696,False,False,True,4,0.75,False,event,02246500,m3/s,"positive = downstream (seaward), negative = upstream (flood-tide reversal); negative values kept as-is, not clipped at zero"
2017-09-09 13:00:00+00:00,3,3,2968.549417728,2732.575696128,3341.387897856,False,False,True,4,0.75,False,event,02246500,m3/s,"positive = downstream (seaward), negative = upstream (flood-tide reversal); negative values kept as-is, not clipped at zero"
2017-09-09 14:00:00+00:00,3,3,453.069545472,-540.8517699072,1008.0797386752,False,False,True,4,0.75,False,event,02246500,m3/s,"positive = downstream (seaward), negative = upstream (flood-tide reversal); negative values kept as-is, not clipped at zero"
2017-09-09 15:00:00+00:00,3,3,-2376.7273239552,-3114.85312512,-1571.584985856,False,False,True,4,0.75,False,event,02246500,m3/s,"positive = downstream (seaward), negative = upstream (flood-tide reversal); negative values kept as-is, not clipped at zero"
2017-09-09 16:00:00+00:00,3,3,-4549.573352448,-4842.180767232,-4247.5269888,False,False,True,4,0.75,False,event,02246500,m3/s,"positive = downstream (seaward), negative = upstream (flood-tide reversal); negative values kept as-is, not clipped at zero"
2017-09-09 17:00:00+00:00,3,3,-5106.471335424,-5266.933466112,-4955.4481536,False,False,True,4,0.75,False,event,02246500,m3/s,"positive = downstream (seaward), negative = upstream (flood-tide reversal); negative values kept as-is, not clipped at zero"
2017-09-09 18:00:00+00:00,3,3,-5210.2997729280005,-5521.78508544,-5012.081846784,False,False,True,4,0.75,False,event,02246500,m3/s,"positive = downstream (seaward), negative = upstream (flood-tide reversal); negative values kept as-is, not clipped at zero"
2017-09-09 19:00:00+00:00,3,3,-4455.183863808,-4813.86392064,-4247.5269888,False,False,True,4,0.75,False,event,02246500,m3/s,"positive = downstream (seaward), negative = upstream (flood-tide reversal); negative values kept as-is, not clipped at zero"
2017-09-09 20:00:00+00:00,3,3,-3718.945852416,-3851.091136512,-3454.6552842240003,False,False,True,4,0.75,False,event,02246500,m3/s,"positive = downstream (seaward), negative = upstream (flood-tide reversal); negative values kept as-is, not clipped at zero"
2017-09-09 21:00:00+00:00,3,3,-2165.2948694016,-2704.258849536,-1492.2978153984,False,False,True,4,0.75,False,event,02246500,m3/s,"positive = downstream (seaward), negative = upstream (flood-tide reversal); negative values kept as-is, not clipped at zero"
2017-09-09 22:00:00+00:00,3,3,678.6604233216,-373.78237501440003,1554.5948779008002,False,False,True,4,0.75,False,event,02246500,m3/s,"positive = downstream (seaward), negative = upstream (flood-tide reversal); negative values kept as-is, not clipped at zero"
2017-09-09 23:00:00+00:00,3,3,2900.5889859072,2585.3280938496,3058.219431936,False,False,True,4,0.75,False,event,02246500,m3/s,"positive = downstream (seaward), negative = upstream (flood-tide reversal); negative values kept as-is, not clipped at zero"
2017-09-10 00:00:00+00:00,3,3,3822.7742899200002,3596.2395171840003,3992.675369472,False,False,True,4,0.75,False,event,02246500,m3/s,"positive = downstream (seaward), negative = upstream (flood-tide reversal); negative values kept as-is, not clipped at zero"
2017-09-10 01:00:00+00:00,3,3,3586.8005683200004,3341.387897856,3851.091136512,False,False,True,4,0.75,False,event,02246500,m3/s,"positive = downstream (seaward), negative = upstream (flood-tide reversal); negative values kept as-is, not clipped at zero"
2017-09-10 02:00:00+00:00,3,3,2081.288224512,1444.1591761920001,2766.5559120384,False,False,True,4,0.75,False,event,02246500,m3/s,"positive = downstream (seaward), negative = upstream (flood-tide reversal); negative values kept as-is, not clipped at zero"
2017-09-10 03:00:00+00:00,3,3,-471.9474432,-761.7231733248,-300.15857387520003,False,False,True,4,0.75,False,event,02246500,m3/s,"positive = downstream (seaward), negative = upstream (flood-tide reversal); negative values kept as-is, not clipped at zero"
2017-09-10 04:00:00+00:00,3,3,-3257.3812529664006,-3964.3585228800002,-2721.2489574912,False,False,True,4,0.75,False,event,02246500,m3/s,"positive = downstream (seaward), negative = upstream (flood-tide reversal); negative values kept as-is, not clipped at zero"
2017-09-10 05:00:00+00:00,3,3,-4606.207045632,-4898.814460416,-4219.210142208,False,False,True,4,0.75,False,event,02246500,m3/s,"positive = downstream (seaward), negative = upstream (flood-tide reversal); negative values kept as-is, not clipped at zero"
2017-09-10 06:00:00+00:00,3,3,-4842.180767232,-5012.081846784,-4700.596534272,False,False,True,4,0.75,False,event,02246500,m3/s,"positive = downstream (seaward), negative = upstream (flood-tide reversal); negative values kept as-is, not clipped at zero"
2017-09-10 07:00:00+00:00,3,3,-4568.451250176,-4983.765000192,-4247.5269888,False,False,True,4,0.75,False,event,02246500,m3/s,"positive = downstream (seaward), negative = upstream (flood-tide reversal); negative values kept as-is, not clipped at zero"
2017-09-10 08:00:00+00:00,3,3,-4096.503806976,-4474.061761536,-3652.873210368,False,False,True,4,0.75,False,event,02246500,m3/s,"positive = downstream (seaward), negative = upstream (flood-tide reversal); negative values kept as-is, not clipped at zero"
2017-09-10 09:00:00+00:00,3,3,-2693.8760057856,-3228.120511488,-2103.9417017856,False,False,True,4,0.75,False,event,02246500,m3/s,"positive = downstream (seaward), negative = upstream (flood-tide reversal); negative values kept as-is, not clipped at zero"
2017-09-10 10:00:00+00:00,3,3,-711.6967443456,-1183.6441875456,-286.0001505792,False,False,True,4,0.75,False,event,02246500,m3/s,"positive = downstream (seaward), negative = upstream (flood-tide reversal); negative values kept as-is, not clipped at zero"
2017-09-10 11:00:00+00:00,3,3,1511.1757131264,1044.8916392448,2030.3179006464,False,False,True,4,0.75,False,event,02246500,m3/s,"positive = downstream (seaward), negative = upstream (flood-tide reversal); negative values kept as-is, not clipped at zero"
2017-09-10 12:00:00+00:00,3,3,2566.4501961216,2336.13984384,2817.5262359040003,False,False,True,4,0.75,False,event,02246500,m3/s,"positive = downstream (seaward), negative = upstream (flood-tide reversal); negative values kept as-is, not clipped at zero"
2017-09-10 13:00:00+00:00,3,3,2789.209389312,2701.4271648768,2888.3183523840003,False,False,True,4,0.75,False,event,02246500,m3/s,"positive = downstream (seaward), negative = upstream (flood-tide reversal); negative values kept as-is, not clipped at zero"
2017-09-10 14:00:00+00:00,3,3,2056.7469574656,1577.2483551744,2480.5557614592,False,False,True,4,0.75,False,event,02246500,m3/s,"positive = downstream (seaward), negative = upstream (flood-tide reversal); negative values kept as-is, not clipped at zero"
2017-09-10 15:00:00+00:00,3,3,-856.2070514534399,-1642.377102336,-156.02582472192,False,False,True,4,0.75,False,event,02246500,m3/s,"positive = downstream (seaward), negative = upstream (flood-tide reversal); negative values kept as-is, not clipped at zero"
2017-09-10 16:00:00+00:00,3,3,-3926.602727424,-4445.744914944,-3284.754204672,False,False,True,4,0.75,False,event,02246500,m3/s,"positive = downstream (seaward), negative = upstream (flood-tide reversal); negative values kept as-is, not clipped at zero"
2017-09-10 17:00:00+00:00,3,3,-4379.672272896,-4587.329147904,-4219.210142208,False,False,True,4,0.75,False,event,02246500,m3/s,"positive = downstream (seaward), negative = upstream (flood-tide reversal); negative values kept as-is, not clipped at zero"
2017-09-10 18:00:00+00:00,3,3,-5097.03238656,-5153.666079744,-5040.398693376,False,False,True,4,0.75,False,event,02246500,m3/s,"positive = downstream (seaward), negative = upstream (flood-tide reversal); negative values kept as-is, not clipped at zero"
2017-09-10 19:00:00+00:00,3,3,-5285.81136384,-5493.4682388480005,-5040.398693376,False,False,True,4,0.75,False,event,02246500,m3/s,"positive = downstream (seaward), negative = upstream (flood-tide reversal); negative values kept as-is, not clipped at zero"
2017-09-10 20:00:00+00:00,3,3,-5144.22713088,-5323.567159296,-5040.398693376,False,False,True,4,0.75,False,event,02246500,m3/s,"positive = downstream (seaward), negative = upstream (flood-tide reversal); negative values kept as-is, not clipped at zero"
2017-09-10 21:00:00+00:00,3,3,-4068.186960384,-4332.477528576,-3709.506903552,False,False,True,4,0.75,False,event,02246500,m3/s,"positive = downstream (seaward), negative = upstream (flood-tide reversal); negative values kept as-is, not clipped at zero"
2017-09-10 22:00:00+00:00,3,3,-2585.3280938496005,-2916.635198976,-2370.1200597504003,False,False,True,4,0.75,False,event,02246500,m3/s,"positive = downstream (seaward), negative = upstream (flood-tide reversal); negative values kept as-is, not clipped at zero"
2017-09-10 23:00:00+00:00,3,3,-886.3172983296,-1430.000752896,-540.8517699072,False,False,True,4,0.75,False,event,02246500,m3/s,"positive = downstream (seaward), negative = upstream (flood-tide reversal); negative values kept as-is, not clipped at zero"
2017-09-11 00:00:00+00:00,3,3,862.7199261696,685.2676875264,1087.3669091328,False,False,True,4,0.75,False,event,02246500,m3/s,"positive = downstream (seaward), negative = upstream (flood-tide reversal); negative values kept as-is, not clipped at zero"
2017-09-11 01:00:00+00:00,3,3,1442.2713864192,1237.4461960704,1631.0503636992,False,False,True,4,0.75,False,event,02246500,m3/s,"positive = downstream (seaward), negative = upstream (flood-tide reversal); negative values kept as-is, not clipped at zero"
2017-09-11 02:00:00+00:00,3,3,916.5219346944,707.9211648,1206.2976648192,False,False,True,4,0.75,False,event,02246500,m3/s,"positive = downstream (seaward), negative = upstream (flood-tide reversal); negative values kept as-is, not clipped at zero"
2017-09-11 03:00:00+00:00,3,3,-123.36706165247999,-322.8120511488,156.59216165376,False,False,True,4,0.75,False,event,02246500,m3/s,"positive = downstream (seaward), negative = upstream (flood-tide reversal); negative values kept as-is, not clipped at zero"
2017-09-11 04:00:00+00:00,3,3,-3020.4636364800003,-3936.041676288,-2152.080340992,False,False,True,4,0.75,False,event,02246500,m3/s,"positive = downstream (seaward), negative = upstream (flood-tide reversal); negative values kept as-is, not clipped at zero"
2017-09-11 05:00:00+00:00,3,3,-4710.035483136001,-4927.1313070080005,-4559.012301312,False,False,True,4,0.75,False,event,02246500,m3/s,"positive = downstream (seaward), negative = upstream (flood-tide reversal); negative values kept as-is, not clipped at zero"
2017-09-11 06:00:00+00:00,3,3,-5484.029289984,-5635.0524718080005,-5210.2997729280005,False,False,True,4,0.75,False,event,02246500,m3/s,"positive = downstream (seaward), negative = upstream (flood-tide reversal); negative values kept as-is, not clipped at zero"
2017-09-11 07:00:00+00:00,3,3,-5946.53778432,-6427.924176384,-5691.686164992,False,False,True,4,0.75,False,event,02246500,m3/s,"positive = downstream (seaward), negative = upstream (flood-tide reversal); negative values kept as-is, not clipped at zero"
2017-09-11 08:00:00+00:00,3,3,-5852.14829568,-6003.171477504,-5748.319858176,False,False,True,4,0.75,False,event,02246500,m3/s,"positive = downstream (seaward), negative = upstream (flood-tide reversal); negative values kept as-is, not clipped at zero"
2017-09-11 09:00:00+00:00,3,3,-4993.203949056,-5550.101932032,-4700.596534272,False,False,True,4,0.75,False,event,02246500,m3/s,"positive = downstream (seaward), negative = upstream (flood-tide reversal); negative values kept as-is, not clipped at zero"
2017-09-11 10:00:00+00:00,3,3,-3615.117414912,-3822.7742899200002,-3454.6552842240003,False,False,True,4,0.75,False,event,02246500,m3/s,"positive = downstream (seaward), negative = upstream (flood-tide reversal); negative values kept as-is, not clipped at zero"
2017-09-11 11:00:00+00:00,3,3,-1615.9480455168002,-2551.3478779392,-699.4261108224,False,False,True,4,0.75,False,event,02246500,m3/s,"positive = downstream (seaward), negative = upstream (flood-tide reversal); negative values kept as-is, not clipped at zero"
2017-09-11 12:00:00+00:00,3,3,1431.8885426688,382.277428992,2503.2092387328003,False,False,True,4,0.75,False,event,02246500,m3/s,"positive = downstream (seaward), negative = upstream (flood-tide reversal); negative values kept as-is, not clipped at zero"
2017-09-11 13:00:00+00:00,3,3,3766.140596736,3511.288977408,4020.9922160640003,False,False,True,4,0.75,False,event,02246500,m3/s,"positive = downstream (seaward), negative = upstream (flood-tide reversal); negative values kept as-is, not clipped at zero"
2017-09-11 14:00:00+00:00,3,3,4256.965937664,4049.309062656,4445.744914944,False,False,True,4,0.75,False,event,02246500,m3/s,"positive = downstream (seaward), negative = upstream (flood-tide reversal); negative values kept as-is, not clipped at zero"
2017-09-11 15:00:00+00:00,3,3,4728.913380864,4474.061761536,5068.7155399680005,False,False,True,4,0.75,False,event,02246500,m3/s,"positive = downstream (seaward), negative = upstream (flood-tide reversal); negative values kept as-is, not clipped at zero"
2017-09-11 16:00:00+00:00,3,3,5144.22713088,5097.03238656,5181.982926336,False,False,True,4,0.75,False,event,02246500,m3/s,"positive = downstream (seaward), negative = upstream (flood-tide reversal); negative values kept as-is, not clipped at zero"
2017-09-11 17:00:00+00:00,3,3,4879.936562688,4813.86392064,4927.1313070080005,False,False,True,4,0.75,False,event,02246500,m3/s,"positive = downstream (seaward), negative = upstream (flood-tide reversal); negative values kept as-is, not clipped at zero"
2017-09-11 18:00:00+00:00,3,3,4379.672272896,4020.9922160640003,4700.596534272,False,False,True,4,0.75,False,event,02246500,m3/s,"positive = downstream (seaward), negative = upstream (flood-tide reversal); negative values kept as-is, not clipped at zero"
2017-09-11 19:00:00+00:00,3,3,3454.6552842240003,3256.43735808,3766.140596736,False,False,True,4,0.75,False,event,02246500,m3/s,"positive = downstream (seaward), negative = upstream (flood-tide reversal); negative values kept as-is, not clipped at zero"
2017-09-11 20:00:00+00:00,3,3,2865.6648751104003,2678.7736876032,3029.9025853440003,False,False,True,4,0.75,False,event,02246500,m3/s,"positive = downstream (seaward), negative = upstream (flood-tide reversal); negative values kept as-is, not clipped at zero"
2017-09-11 21:00:00+00:00,3,3,2918.5229887488003,2605.1498864640002,3398.02159104,False,False,True,4,0.75,False,event,02246500,m3/s,"positive = downstream (seaward), negative = upstream (flood-tide reversal); negative values kept as-is, not clipped at zero"
2017-09-11 22:00:00+00:00,3,3,3700.067954688,3482.972130816,3879.4079831040003,False,False,True,4,0.75,False,event,02246500,m3/s,"positive = downstream (seaward), negative = upstream (flood-tide reversal); negative values kept as-is, not clipped at zero"
2017-09-11 23:00:00+00:00,3,3,4492.939659264,4190.893295616,4870.497613824,False,False,True,4,0.75,False,event,02246500,m3/s,"positive = downstream (seaward), negative = upstream (flood-tide reversal); negative values kept as-is, not clipped at zero"
2017-09-12 00:00:00+00:00,3,3,5474.590341120001,5351.8840058880005,5550.101932032,False,False,True,4,0.75,False,event,02246500,m3/s,"positive = downstream (seaward), negative = upstream (flood-tide reversal); negative values kept as-is, not clipped at zero"
2017-09-12 01:00:00+00:00,3,3,6040.927272960001,5804.95355136,6286.339943424,False,False,True,4,0.75,False,event,02246500,m3/s,"positive = downstream (seaward), negative = upstream (flood-tide reversal); negative values kept as-is, not clipped at zero"
2017-09-12 02:00:00+00:00,3,3,6399.607329792,6286.339943424,6541.191562752,False,False,True,4,0.75,False,event,02246500,m3/s,"positive = downstream (seaward), negative = upstream (flood-tide reversal); negative values kept as-is, not clipped at zero"
2017-09-12 03:00:00+00:00,3,3,6380.729432063999,6258.023096832,6569.508409344,False,False,True,4,0.75,False,event,02246500,m3/s,"positive = downstream (seaward), negative = upstream (flood-tide reversal); negative values kept as-is, not clipped at zero"
2017-09-12 04:00:00+00:00,3,3,6088.122017279999,5974.854630912,6314.656790016,False,False,True,4,0.75,False,event,02246500,m3/s,"positive = downstream (seaward), negative = upstream (flood-tide reversal); negative values kept as-is, not clipped at zero"
2017-09-12 05:00:00+00:00,3,3,5568.97982976,5408.517699072,5720.003011584,False,False,True,4,0.75,False,event,02246500,m3/s,"positive = downstream (seaward), negative = upstream (flood-tide reversal); negative values kept as-is, not clipped at zero"
2017-09-12 06:00:00+00:00,3,3,4832.741818368,4587.329147904,5097.03238656,False,False,True,4,0.75,False,event,02246500,m3/s,"positive = downstream (seaward), negative = upstream (flood-tide reversal); negative values kept as-is, not clipped at zero"
2017-09-12 07:00:00+00:00,3,3,3766.140596736,3511.288977408,4049.309062656,False,False,True,4,0.75,False,event,02246500,m3/s,"positive = downstream (seaward), negative = upstream (flood-tide reversal); negative values kept as-is, not clipped at zero"
2017-09-12 08:00:00+00:00,3,3,3256.43735808,3199.803664896,3284.754204672,False,False,True,4,0.75,False,event,02246500,m3/s,"positive = downstream (seaward), negative = upstream (flood-tide reversal); negative values kept as-is, not clipped at zero"
2017-09-12 09:00:00+00:00,3,3,3303.6321024000003,3228.120511488,3426.338437632,False,False,True,4,0.75,False,event,02246500,m3/s,"positive = downstream (seaward), negative = upstream (flood-tide reversal); negative values kept as-is, not clipped at zero"
2017-09-12 10:00:00+00:00,3,3,3832.2132387840006,3596.2395171840003,3992.675369472,False,False,True,4,0.75,False,event,02246500,m3/s,"positive = downstream (seaward), negative = upstream (flood-tide reversal); negative values kept as-is, not clipped at zero"
2017-09-12 11:00:00+00:00,3,3,4474.061761536,4304.160681984,4615.645994496,False,False,True,4,0.75,False,event,02246500,m3/s,"positive = downstream (seaward), negative = upstream (flood-tide reversal); negative values kept as-is, not clipped at zero"
2017-09-12 12:00:00+00:00,3,3,5097.03238656,4927.1313070080005,5238.61661952,False,False,True,4,0.75,False,event,02246500,m3/s,"positive = downstream (seaward), negative = upstream (flood-tide reversal); negative values kept as-is, not clipped at zero"
2017-09-12 13:00:00+00:00,3,3,5587.857727488001,5521.78508544,5663.3693184,False,False,True,4,0.75,False,event,02246500,m3/s,"positive = downstream (seaward), negative = upstream (flood-tide reversal); negative values kept as-is, not clipped at zero"
2017-09-12 14:00:00+00:00,3,3,6069.2441195520005,5974.854630912,6201.389403648001,False,False,True,4,0.75,False,event,02246500,m3/s,"positive = downstream (seaward), negative = upstream (flood-tide reversal); negative values kept as-is, not clipped at zero"
2017-09-12 15:00:00+00:00,3,3,6210.828352512,6144.755710464,6258.023096832,False,False,True,4,0.75,False,event,02246500,m3/s,"positive = downstream (seaward), negative = upstream (flood-tide reversal); negative values kept as-is, not clipped at zero"
2017-09-12 16:00:00+00:00,3,3,5974.854630911999,5748.319858176,6173.072557056,False,False,True,4,0.75,False,event,02246500,m3/s,"positive = downstream (seaward), negative = upstream (flood-tide reversal); negative values kept as-is, not clipped at zero"
2017-09-12 17:00:00+00:00,3,3,5191.421875200001,4842.180767232,5380.20085248,False,False,True,4,0.75,False,event,02246500,m3/s,"positive = downstream (seaward), negative = upstream (flood-tide reversal); negative values kept as-is, not clipped at zero"
2017-09-12 18:00:00+00:00,4,4,4353.71516352,3822.7742899200002,4757.230227456,False,False,True,4,1.0,True,event,02246500,m3/s,"positive = downstream (seaward), negative = upstream (flood-tide reversal); negative values kept as-is, not clipped at zero"
2017-09-12 19:00:00+00:00,4,4,2683.021214592,2038.812954624,3143.169971712,False,False,True,4,1.0,True,event,02246500,m3/s,"positive = downstream (seaward), negative = upstream (flood-tide reversal); negative values kept as-is, not clipped at zero"
2017-09-12 20:00:00+00:00,4,4,436.7873586816,-244.65755455488,1158.1590256128,False,False,True,4,1.0,True,event,02246500,m3/s,"positive = downstream (seaward), negative = upstream (flood-tide reversal); negative values kept as-is, not clipped at zero"
2017-09-12 21:00:00+00:00,4,4,6.279260731775999,-53.8020085248,73.6238011392,False,False,True,4,1.0,True,event,02246500,m3/s,"positive = downstream (seaward), negative = upstream (flood-tide reversal); negative values kept as-is, not clipped at zero"
2017-09-12 22:00:00+00:00,4,4,737.44147737216,191.70505142784,1339.3868438016,False,False,True,4,1.0,True,event,02246500,m3/s,"positive = downstream (seaward), negative = upstream (flood-tide reversal); negative values kept as-is, not clipped at zero"
2017-09-12 23:00:00+00:00,4,4,2972.5609709952005,2092.6149631488,3596.2395171840003,False,False,True,4,1.0,True,event,02246500,m3/s,"positive = downstream (seaward), negative = upstream (flood-tide reversal); negative values kept as-is, not clipped at zero"
2017-09-13 00:00:00+00:00,4,4,4020.992216064,3709.506903552,4275.843835392,False,False,True,4,1.0,True,event,02246500,m3/s,"positive = downstream (seaward), negative = upstream (flood-tide reversal); negative values kept as-is, not clipped at zero"
2017-09-13 01:00:00+00:00,4,4,4622.725206144,4502.378608128,4757.230227456,False,False,True,4,1.0,True,event,02246500,m3/s,"positive = downstream (seaward), negative = upstream (flood-tide reversal); negative values kept as-is, not clipped at zero"
2017-09-13 02:00:00+00:00,4,4,5295.250312704,5153.666079744,5493.4682388480005,False,False,True,4,1.0,True,event,02246500,m3/s,"positive = downstream (seaward), negative = upstream (flood-tide reversal); negative values kept as-is, not clipped at zero"
2017-09-13 03:00:00+00:00,4,4,5408.517699072,5295.250312704,5578.418778624,False,False,True,4,1.0,True,event,02246500,m3/s,"positive = downstream (seaward), negative = upstream (flood-tide reversal); negative values kept as-is, not clipped at zero"
2017-09-13 04:00:00+00:00,4,4,5762.478281472,5408.517699072,5946.53778432,False,False,True,4,1.0,True,event,02246500,m3/s,"positive = downstream (seaward), negative = upstream (flood-tide reversal); negative values kept as-is, not clipped at zero"
2017-09-13 05:00:00+00:00,4,4,5167.82450304,4955.4481536,5408.517699072,False,False,True,4,1.0,True,event,02246500,m3/s,"positive = downstream (seaward), negative = upstream (flood-tide reversal); negative values kept as-is, not clipped at zero"
2017-09-13 06:00:00+00:00,4,4,4304.160681984,3964.3585228800002,4672.27968768,False,False,True,4,1.0,True,event,02246500,m3/s,"positive = downstream (seaward), negative = upstream (flood-tide reversal); negative values kept as-is, not clipped at zero"
2017-09-13 07:00:00+00:00,4,4,3113.4372827904,2497.5458694144,3822.7742899200002,False,False,True,4,1.0,True,event,02246500,m3/s,"positive = downstream (seaward), negative = upstream (flood-tide reversal); negative values kept as-is, not clipped at zero"
2017-09-13 08:00:00+00:00,4,4,1685.5602933888,1027.9015312896,2404.1002756608,False,False,True,4,1.0,True,event,02246500,m3/s,"positive = downstream (seaward), negative = upstream (flood-tide reversal); negative values kept as-is, not clipped at zero"
2017-09-13 09:00:00+00:00,4,4,239.758740094464,21.181001250816,538.020085248,False,False,True,4,1.0,True,event,02246500,m3/s,"positive = downstream (seaward), negative = upstream (flood-tide reversal); negative values kept as-is, not clipped at zero"
2017-09-13 10:00:00+00:00,4,4,643.8401409623041,21.181001250816,1030.7332159488,False,False,True,4,1.0,True,event,02246500,m3/s,"positive = downstream (seaward), negative = upstream (flood-tide reversal); negative values kept as-is, not clipped at zero"
2017-09-13 11:00:00+00:00,4,4,2455.0705995264,1749.9811193856,3341.387897856,False,False,True,4,1.0,True,event,02246500,m3/s,"positive = downstream (seaward), negative = upstream (flood-tide reversal); negative values kept as-is, not clipped at zero"
2017-09-13 12:00:00+00:00,4,4,3780.299020032,3482.972130816,3992.675369472,False,False,True,4,1.0,True,event,02246500,m3/s,"positive = downstream (seaward), negative = upstream (flood-tide reversal); negative values kept as-is, not clipped at zero"
2017-09-13 13:00:00+00:00,4,4,4374.952798464,4247.5269888,4559.012301312,False,False,True,4,1.0,True,event,02246500,m3/s,"positive = downstream (seaward), negative = upstream (flood-tide reversal); negative values kept as-is, not clipped at zero"
2017-09-13 14:00:00+00:00,4,4,4969.606576896,4813.86392064,5153.666079744,False,False,True,4,1.0,True,event,02246500,m3/s,"positive = downstream (seaward), negative = upstream (flood-tide reversal); negative values kept as-is, not clipped at zero"
2017-09-13 15:00:00+00:00,4,4,5366.042429184,5323.567159296,5436.834545664,False,False,True,4,1.0,True,event,02246500,m3/s,"positive = downstream (seaward), negative = upstream (flood-tide reversal); negative values kept as-is, not clipped at zero"
2017-09-13 16:00:00+00:00,4,4,5380.20085248,5266.933466112,5465.151392256,False,False,True,4,1.0,True,event,02246500,m3/s,"positive = downstream (seaward), negative = upstream (flood-tide reversal); negative values kept as-is, not clipped at zero"
2017-09-13 17:00:00+00:00,4,4,4983.765000192,4672.27968768,5181.982926336,False,False,True,4,1.0,True,event,02246500,m3/s,"positive = downstream (seaward), negative = upstream (flood-tide reversal); negative values kept as-is, not clipped at zero"
2017-09-13 18:00:00+00:00,4,4,3886.487194752,3369.704744448,4360.794375168,False,False,True,4,1.0,True,event,02246500,m3/s,"positive = downstream (seaward), negative = upstream (flood-tide reversal); negative values kept as-is, not clipped at zero"
2017-09-13 19:00:00+00:00,4,4,2210.1298765056,1585.7434091520001,2916.635198976,False,False,True,4,1.0,True,event,02246500,m3/s,"positive = downstream (seaward), negative = upstream (flood-tide reversal); negative values kept as-is, not clipped at zero"
2017-09-13 20:00:00+00:00,4,4,76.17231733247999,-693.762741504,957.1094148096,False,False,True,4,1.0,True,event,02246500,m3/s,"positive = downstream (seaward), negative = upstream (flood-tide reversal); negative values kept as-is, not clipped at zero"
2017-09-13 21:00:00+00:00,4,4,-1872.451480896,-2423.9220682752,-1146.832286976,False,False,True,4,1.0,True,event,02246500,m3/s,"positive = downstream (seaward), negative = upstream (flood-tide reversal); negative values kept as-is, not clipped at zero"
2017-09-13 22:00:00+00:00,4,4,-2554.1795625984,-2695.7637955584,-2404.1002756608,False,False,True,4,1.0,True,event,02246500,m3/s,"positive = downstream (seaward), negative = upstream (flood-tide reversal); negative values kept as-is, not clipped at zero"
2017-09-13 23:00:00+00:00,4,4,-1690.5157415424,-2364.456690432,-954.2777301504,False,False,True,4,1.0,True,event,02246500,m3/s,"positive = downstream (seaward), negative = upstream (flood-tide reversal); negative values kept as-is, not clipped at zero"
2017-09-14 00:00:00+00:00,4,4,1183.2902269632,-35.39605824,2466.3973381632,False,False,True,4,1.0,True,event,02246500,m3/s,"positive = downstream (seaward), negative = upstream (flood-tide reversal); negative values kept as-is, not clipped at zero"
2017-09-14 01:00:00+00:00,4,4,3482.972130816,2888.3183523840003,4020.9922160640003,False,False,True,4,1.0,True,event,02246500,m3/s,"positive = downstream (seaward), negative = upstream (flood-tide reversal); negative values kept as-is, not clipped at zero"
2017-09-14 02:00:00+00:00,4,4,4452.8241265920005,4162.576449024,4672.27968768,False,False,True,4,1.0,True,event,02246500,m3/s,"positive = downstream (seaward), negative = upstream (flood-tide reversal); negative values kept as-is, not clipped at zero"
2017-09-14 03:00:00+00:00,4,4,4976.685788544,4785.5470740480005,5238.61661952,False,False,True,4,1.0,True,event,02246500,m3/s,"positive = downstream (seaward), negative = upstream (flood-tide reversal); negative values kept as-is, not clipped at zero"
2017-09-14 04:00:00+00:00,4,4,5167.82450304,5068.7155399680005,5351.8840058880005,False,False,True,4,1.0,True,event,02246500,m3/s,"positive = downstream (seaward), negative = upstream (flood-tide reversal); negative values kept as-is, not clipped at zero"
2017-09-14 05:00:00+00:00,4,4,5231.537407872,5125.349233152,5408.517699072,False,False,True,4,1.0,True,event,02246500,m3/s,"positive = downstream (seaward), negative = upstream (flood-tide reversal); negative values kept as-is, not clipped at zero"
2017-09-14 06:00:00+00:00,4,4,4948.368941952,4700.596534272,5125.349233152,False,False,True,4,1.0,True,event,02246500,m3/s,"positive = downstream (seaward), negative = upstream (flood-tide reversal); negative values kept as-is, not clipped at zero"
2017-09-14 07:00:00+00:00,4,4,3907.724829696,3454.6552842240003,4417.428068352,False,False,True,4,1.0,True,event,02246500,m3/s,"positive = downstream (seaward), negative = upstream (flood-tide reversal); negative values kept as-is, not clipped at zero"
2017-09-14 08:00:00+00:00,4,4,2283.04575648,1701.8424801792,2973.26889216,False,False,True,4,1.0,True,event,02246500,m3/s,"positive = downstream (seaward), negative = upstream (flood-tide reversal); negative values kept as-is, not clipped at zero"
2017-09-14 09:00:00+00:00,4,4,621.16542605376,-21.37921917696,1115.6837557248,False,False,True,4,1.0,True,event,02246500,m3/s,"positive = downstream (seaward), negative = upstream (flood-tide reversal); negative values kept as-is, not clipped at zero"
2017-09-14 10:00:00+00:00,4,4,-430.48686031488,-487.0497613824,-274.95658040832,False,False,True,4,1.0,True,event,02246500,m3/s,"positive = downstream (seaward), negative = upstream (flood-tide reversal); negative values kept as-is, not clipped at zero"
2017-09-14 11:00:00+00:00,4,4,-212.58872578944002,-444.57449149440004,204.44763239424,False,False,True,4,1.0,True,event,02246500,m3/s,"positive = downstream (seaward), negative = upstream (flood-tide reversal); negative values kept as-is, not clipped at zero"
2017-09-14 12:00:00+00:00,4,4,1496.5453423872,730.5746420736,2197.3872955392,False,False,True,4,1.0,True,event,02246500,m3/s,"positive = downstream (seaward), negative = upstream (flood-tide reversal); negative values kept as-is, not clipped at zero"
2017-09-14 13:00:00+00:00,4,4,3246.5264617728,2650.4568410112,3907.724829696,False,False,True,4,1.0,True,event,02246500,m3/s,"positive = downstream (seaward), negative = upstream (flood-tide reversal); negative values kept as-is, not clipped at zero"
2017-09-14 14:00:00+00:00,4,4,4325.398316928,4049.309062656,4587.329147904,False,False,True,4,1.0,True,event,02246500,m3/s,"positive = downstream (seaward), negative = upstream (flood-tide reversal); negative values kept as-is, not clipped at zero"
2017-09-14 15:00:00+00:00,4,4,4778.4678624,4587.329147904,4927.1313070080005,False,False,True,4,1.0,True,event,02246500,m3/s,"positive = downstream (seaward), negative = upstream (flood-tide reversal); negative values kept as-is, not clipped at zero"
2017-09-14 16:00:00+00:00,4,4,5033.319481728,5012.081846784,5068.7155399680005,False,False,True,4,1.0,True,event,02246500,m3/s,"positive = downstream (seaward), negative = upstream (flood-tide reversal); negative values kept as-is, not clipped at zero"
2017-09-14 17:00:00+00:00,4,4,4969.606576896,4813.86392064,5125.349233152,False,False,True,4,1.0,True,event,02246500,m3/s,"positive = downstream (seaward), negative = upstream (flood-tide reversal); negative values kept as-is, not clipped at zero"
2017-09-14 18:00:00+00:00,4,4,4636.88362944,4445.744914944,4757.230227456,False,False,True,4,1.0,True,event,02246500,m3/s,"positive = downstream (seaward), negative = upstream (flood-tide reversal); negative values kept as-is, not clipped at zero"
2017-09-14 19:00:00+00:00,4,4,3448.9919149056004,2752.3974887424,4105.94275584,False,False,True,4,1.0,True,event,02246500,m3/s,"positive = downstream (seaward), negative = upstream (flood-tide reversal); negative values kept as-is, not clipped at zero"
2017-09-14 20:00:00+00:00,4,4,1091.274633962496,-21.181001250816,2095.446647808,False,False,True,4,1.0,True,event,02246500,m3/s,"positive = downstream (seaward), negative = upstream (flood-tide reversal); negative values kept as-is, not clipped at zero"
2017-09-14 21:00:00+00:00,4,4,-1290.5402834304,-2126.5951790592,-441.7428068352,False,False,True,4,1.0,True,event,02246500,m3/s,"positive = downstream (seaward), negative = upstream (flood-tide reversal); negative values kept as-is, not clipped at zero"
2017-09-14 22:00:00+00:00,4,4,-3099.9867806592,-3398.02159104,-2460.7339688448,False,False,True,4,1.0,True,event,02246500,m3/s,"positive = downstream (seaward), negative = upstream (flood-tide reversal); negative values kept as-is, not clipped at zero"
2017-09-14 23:00:00+00:00,4,4,-3808.6158666240003,-3907.724829696,-3737.8237501440003,False,False,True,4,1.0,True,event,02246500,m3/s,"positive = downstream (seaward), negative = upstream (flood-tide reversal); negative values kept as-is, not clipped at zero"
2017-09-15 00:00:00+00:00,4,4,-2857.1698211328003,-3454.6552842240003,-2211.5457188352,False,False,True,4,1.0,True,event,02246500,m3/s,"positive = downstream (seaward), negative = upstream (flood-tide reversal); negative values kept as-is, not clipped at zero"
2017-09-15 01:00:00+00:00,4,4,-420.29279554176003,-1489.4661307392,699.4261108224,False,False,True,4,1.0,True,event,02246500,m3/s,"positive = downstream (seaward), negative = upstream (flood-tide reversal); negative values kept as-is, not clipped at zero"
2017-09-15 02:00:00+00:00,4,4,2406.93196032,1455.4859148288,3143.169971712,False,False,True,4,1.0,True,event,02246500,m3/s,"positive = downstream (seaward), negative = upstream (flood-tide reversal); negative values kept as-is, not clipped at zero"
2017-09-15 03:00:00+00:00,4,4,3971.437734528,3624.556363776,4360.794375168,False,False,True,4,1.0,True,event,02246500,m3/s,"positive = downstream (seaward), negative = upstream (flood-tide reversal); negative values kept as-is, not clipped at zero"
2017-09-15 04:00:00+00:00,4,4,4778.4678624,4615.645994496,4955.4481536,False,False,True,4,1.0,True,event,02246500,m3/s,"positive = downstream (seaward), negative = upstream (flood-tide reversal); negative values kept as-is, not clipped at zero"
2017-09-15 05:00:00+00:00,4,4,5118.270021504,5040.398693376,5181.982926336,False,False,True,4,1.0,True,event,02246500,m3/s,"positive = downstream (seaward), negative = upstream (flood-tide reversal); negative values kept as-is, not clipped at zero"
2017-09-15 06:00:00+00:00,4,4,5089.953174912,4927.1313070080005,5181.982926336,False,False,True,4,1.0,True,event,02246500,m3/s,"positive = downstream (seaward), negative = upstream (flood-tide reversal); negative values kept as-is, not clipped at zero"
2017-09-15 07:00:00+00:00,4,4,4410.348856704,4020.9922160640003,4785.5470740480005,False,False,True,4,1.0,True,event,02246500,m3/s,"positive = downstream (seaward), negative = upstream (flood-tide reversal); negative values kept as-is, not clipped at zero"
2017-09-15 08:00:00+00:00,4,4,3255.7294369152,2743.9024347648,3737.8237501440003,False,False,True,4,1.0,True,event,02246500,m3/s,"positive = downstream (seaward), negative = upstream (flood-tide reversal); negative values kept as-is, not clipped at zero"
2017-09-15 09:00:00+00:00,4,4,1459.0255206528,563.5052471808,2268.1794120192,False,False,True,4,1.0,True,event,02246500,m3/s,"positive = downstream (seaward), negative = upstream (flood-tide reversal); negative values kept as-is, not clipped at zero"
2017-09-15 10:00:00+00:00,4,4,-457.24628034432,-900.4757216256,-132.52284205056,False,False,True,4,1.0,True,event,02246500,m3/s,"positive = downstream (seaward), negative = upstream (flood-tide reversal); negative values kept as-is, not clipped at zero"
2017-09-15 11:00:00+00:00,4,4,-1690.5157415423998,-2126.5951790592,-1260.099673344,False,False,True,4,1.0,True,event,02246500,m3/s,"positive = downstream (seaward), negative = upstream (flood-tide reversal); negative values kept as-is, not clipped at zero"
2017-09-15 12:00:00+00:00,4,4,-1928.3772529152,-2126.5951790592,-1631.0503636992,False,False,True,4,1.0,True,event,02246500,m3/s,"positive = downstream (seaward), negative = upstream (flood-tide reversal); negative values kept as-is, not clipped at zero"
2017-09-15 13:00:00+00:00,4,4,-371.5170272870399,-1240.2778807296,696.5944261632001,False,False,True,4,1.0,True,event,02246500,m3/s,"positive = downstream (seaward), negative = upstream (flood-tide reversal); negative values kept as-is, not clipped at zero"
2017-09-15 14:00:00+00:00,4,4,2309.9467607424003,1546.0998239232001,3058.219431936,False,False,True,4,1.0,True,event,02246500,m3/s,"positive = downstream (seaward), negative = upstream (flood-tide reversal); negative values kept as-is, not clipped at zero"
2017-09-15 15:00:00+00:00,4,4,3978.516946176,3596.2395171840003,4360.794375168,False,False,True,4,1.0,True,event,02246500,m3/s,"positive = downstream (seaward), negative = upstream (flood-tide reversal); negative values kept as-is, not clipped at zero"
2017-09-15 16:00:00+00:00,4,4,4622.725206144,4530.69545472,4757.230227456,False,False,True,4,1.0,True,event,02246500,m3/s,"positive = downstream (seaward), negative = upstream (flood-tide reversal); negative values kept as-is, not clipped at zero"
2017-09-15 17:00:00+00:00,4,4,5054.557116672,4927.1313070080005,5153.666079744,False,False,True,4,1.0,True,event,02246500,m3/s,"positive = downstream (seaward), negative = upstream (flood-tide reversal); negative values kept as-is, not clipped at zero"
2017-09-15 18:00:00+00:00,4,4,4948.368941952001,4813.86392064,5068.7155399680005,False,False,True,4,1.0,True,event,02246500,m3/s,"positive = downstream (seaward), negative = upstream (flood-tide reversal); negative values kept as-is, not clipped at zero"
2017-09-15 19:00:00+00:00,4,4,4374.952798464,3907.724829696,4615.645994496,False,False,True,4,1.0,True,event,02246500,m3/s,"positive = downstream (seaward), negative = upstream (flood-tide reversal); negative values kept as-is, not clipped at zero"
2017-09-15 20:00:00+00:00,4,4,3021.4075313664,2064.2981165568,3794.457443328,False,False,True,4,1.0,True,event,02246500,m3/s,"positive = downstream (seaward), negative = upstream (flood-tide reversal); negative values kept as-is, not clipped at zero"
2017-09-15 21:00:00+00:00,4,4,385.39228211712,-535.1884005888,1359.208636416,False,False,True,4,1.0,True,event,02246500,m3/s,"positive = downstream (seaward), negative = upstream (flood-tide reversal); negative values kept as-is, not clipped at zero"
2017-09-15 22:00:00+00:00,4,4,-1912.0950661248,-2639.1301023744,-1090.198593792,False,False,True,4,1.0,True,event,02246500,m3/s,"positive = downstream (seaward), negative = upstream (flood-tide reversal); negative values kept as-is, not clipped at zero"
2017-09-15 23:00:00+00:00,4,4,-3815.695078272,-4332.477528576,-3482.972130816,False,False,True,4,1.0,True,event,02246500,m3/s,"positive = downstream (seaward), negative = upstream (flood-tide reversal); negative values kept as-is, not clipped at zero"
2017-09-16 00:00:00+00:00,4,4,-4113.021967488,-4445.744914944,-3907.724829696,False,False,True,4,1.0,True,event,02246500,m3/s,"positive = downstream (seaward), negative = upstream (flood-tide reversal); negative values kept as-is, not clipped at zero"
