hour_end_utc,areal_mean_mm,n_valid_cells,n_nocoverage_cells,period
2017-09-06T01:00:00Z,0.0,2280,0,event
2017-09-06T02:00:00Z,0.0001,2280,0,event
2017-09-06T03:00:00Z,0.0,2280,0,event
2017-09-06T04:00:00Z,0.0,2280,0,event
2017-09-06T05:00:00Z,0.0002,2280,0,event
2017-09-06T06:00:00Z,0.0001,2280,0,event
2017-09-06T07:00:00Z,0.0004,2280,0,event
2017-09-06T08:00:00Z,0.0001,2280,0,event
2017-09-06T09:00:00Z,0.0014,2280,0,event
2017-09-06T10:00:00Z,0.0002,2280,0,event
2017-09-06T11:00:00Z,0.0,2280,0,event
2017-09-06T12:00:00Z,0.0,2280,0,event
2017-09-06T13:00:00Z,0.0339,2280,0,event
2017-09-06T14:00:00Z,0.4561,2280,0,event
2017-09-06T15:00:00Z,0.4333,2280,0,event
2017-09-06T16:00:00Z,0.2161,2280,0,event
2017-09-06T17:00:00Z,0.166,2280,0,event
2017-09-06T18:00:00Z,0.0432,2280,0,event
2017-09-06T19:00:00Z,0.0,2280,0,event
2017-09-06T20:00:00Z,0.0122,2280,0,event
2017-09-06T21:00:00Z,0.2395,2280,0,event
2017-09-06T22:00:00Z,0.5678,2280,0,event
2017-09-06T23:00:00Z,0.2754,2280,0,event
2017-09-07T00:00:00Z,0.0079,2280,0,event
2017-09-07T01:00:00Z,0.0,2280,0,event
2017-09-07T02:00:00Z,0.0,2280,0,event
2017-09-07T03:00:00Z,0.0,2280,0,event
2017-09-07T04:00:00Z,0.0,2280,0,event
2017-09-07T05:00:00Z,0.0,2280,0,event
2017-09-07T06:00:00Z,0.0,2280,0,event
2017-09-07T07:00:00Z,0.0,2280,0,event
2017-09-07T08:00:00Z,0.0,2280,0,event
2017-09-07T09:00:00Z,0.0,2280,0,event
2017-09-07T10:00:00Z,0.0,2280,0,event
2017-09-07T11:00:00Z,0.0,2280,0,event
2017-09-07T12:00:00Z,0.0,2280,0,event
2017-09-07T13:00:00Z,0.0,2280,0,event
2017-09-07T14:00:00Z,0.0,2280,0,event
2017-09-07T15:00:00Z,0.0,2280,0,event
2017-09-07T16:00:00Z,0.0,2280,0,event
2017-09-07T17:00:00Z,0.0,2280,0,event
2017-09-07T18:00:00Z,0.0,2280,0,event
2017-09-07T19:00:00Z,0.0,2280,0,event
2017-09-07T20:00:00Z,0.0003,2280,0,event
2017-09-07T21:00:00Z,0.0004,2280,0,event
2017-09-07T22:00:00Z,0.0,2280,0,event
2017-09-07T23:00:00Z,0.0,2280,0,event
2017-09-08T00:00:00Z,0.0,2280,0,event
2017-09-08T01:00:00Z,0.0,2280,0,event
2017-09-08T02:00:00Z,0.0001,2280,0,event
2017-09-08T03:00:00Z,0.0006,2280,0,event
2017-09-08T04:00:00Z,0.0003,2280,0,event
2017-09-08T05:00:00Z,0.0018,2280,0,event
2017-09-08T06:00:00Z,0.0075,2280,0,event
2017-09-08T07:00:00Z,0.0067,2280,0,event
2017-09-08T08:00:00Z,0.0035,2280,0,event
2017-09-08T09:00:00Z,0.0047,2280,0,event
2017-09-08T10:00:00Z,0.0058,2280,0,event
2017-09-08T11:00:00Z,0.0022,2280,0,event
2017-09-08T12:00:00Z,0.0,2280,0,event
2017-09-08T13:00:00Z,0.0,2280,0,event
2017-09-08T14:00:00Z,0.0,2280,0,event
2017-09-08T15:00:00Z,0.0002,2280,0,event
2017-09-08T16:00:00Z,0.0,2280,0,event
2017-09-08T17:00:00Z,0.0002,2280,0,event
2017-09-08T18:00:00Z,0.0005,2280,0,event
2017-09-08T19:00:00Z,0.0361,2280,0,event
2017-09-08T20:00:00Z,0.8037,2280,0,event
2017-09-08T21:00:00Z,1.4545,2280,0,event
2017-09-08T22:00:00Z,0.4787,2280,0,event
2017-09-08T23:00:00Z,0.6218,2280,0,event
2017-09-09T00:00:00Z,0.4967,2280,0,event
2017-09-09T01:00:00Z,0.0155,2280,0,event
2017-09-09T02:00:00Z,0.0027,2280,0,event
2017-09-09T03:00:00Z,0.0,2280,0,event
2017-09-09T04:00:00Z,0.0,2280,0,event
2017-09-09T05:00:00Z,0.0,2280,0,event
2017-09-09T06:00:00Z,0.0,2280,0,event
2017-09-09T07:00:00Z,0.0001,2280,0,event
2017-09-09T08:00:00Z,0.0002,2280,0,event
2017-09-09T09:00:00Z,0.0001,2280,0,event
2017-09-09T10:00:00Z,0.0,2280,0,event
2017-09-09T11:00:00Z,0.0125,2280,0,event
2017-09-09T12:00:00Z,0.0182,2280,0,event
2017-09-09T13:00:00Z,0.0776,2280,0,event
2017-09-09T14:00:00Z,0.1643,2280,0,event
2017-09-09T15:00:00Z,0.7162,2280,0,event
2017-09-09T16:00:00Z,0.1121,2280,0,event
2017-09-09T17:00:00Z,0.5929,2280,0,event
2017-09-09T18:00:00Z,0.7048,2280,0,event
2017-09-09T19:00:00Z,0.6072,2280,0,event
2017-09-09T20:00:00Z,0.5717,2280,0,event
2017-09-09T21:00:00Z,1.0949,2280,0,event
2017-09-09T22:00:00Z,0.9368,2280,0,event
2017-09-09T23:00:00Z,0.8396,2280,0,event
2017-09-10T00:00:00Z,1.7354,2280,0,event
2017-09-10T01:00:00Z,0.4017,2280,0,event
2017-09-10T02:00:00Z,0.0239,2280,0,event
2017-09-10T03:00:00Z,0.015,2280,0,event
2017-09-10T04:00:00Z,0.0682,2280,0,event
2017-09-10T05:00:00Z,0.1325,2280,0,event
2017-09-10T06:00:00Z,0.9128,2280,0,event
2017-09-10T07:00:00Z,3.7975,2280,0,event
2017-09-10T08:00:00Z,2.8628,2280,0,event
2017-09-10T09:00:00Z,3.4371,2280,0,event
2017-09-10T10:00:00Z,6.4665,2280,0,event
2017-09-10T11:00:00Z,4.1217,2280,0,event
2017-09-10T12:00:00Z,5.7128,2280,0,event
2017-09-10T13:00:00Z,2.0319,2280,0,event
2017-09-10T14:00:00Z,5.9992,2280,0,event
2017-09-10T15:00:00Z,2.5712,2280,0,event
2017-09-10T16:00:00Z,0.7579,2280,0,event
2017-09-10T17:00:00Z,4.4768,2280,0,event
2017-09-10T18:00:00Z,5.2545,2280,0,event
2017-09-10T19:00:00Z,4.582,2280,0,event
2017-09-10T20:00:00Z,8.6393,2280,0,event
2017-09-10T21:00:00Z,11.9728,2280,0,event
2017-09-10T22:00:00Z,12.805,2280,0,event
2017-09-10T23:00:00Z,5.844,2280,0,event
2017-09-11T00:00:00Z,8.4189,2280,0,event
2017-09-11T01:00:00Z,10.5,2280,0,event
2017-09-11T02:00:00Z,9.5782,2280,0,event
2017-09-11T03:00:00Z,23.4358,2280,0,event
2017-09-11T04:00:00Z,22.1881,2280,0,event
2017-09-11T05:00:00Z,10.3534,2280,0,event
2017-09-11T06:00:00Z,13.0648,2280,0,event
2017-09-11T07:00:00Z,22.0024,2280,0,event
2017-09-11T08:00:00Z,36.2585,2280,0,event
2017-09-11T09:00:00Z,20.1191,2280,0,event
2017-09-11T10:00:00Z,15.3611,2280,0,event
2017-09-11T11:00:00Z,10.1468,2280,0,event
2017-09-11T12:00:00Z,4.4877,2280,0,event
2017-09-11T13:00:00Z,4.2612,2280,0,event
2017-09-11T14:00:00Z,4.6893,2280,0,event
2017-09-11T15:00:00Z,0.1023,2280,0,event
2017-09-11T16:00:00Z,0.0004,2280,0,event
2017-09-11T17:00:00Z,0.0033,2280,0,event
2017-09-11T18:00:00Z,0.0423,2280,0,event
2017-09-11T19:00:00Z,0.0457,2280,0,event
2017-09-11T20:00:00Z,0.0599,2280,0,event
2017-09-11T21:00:00Z,0.0714,2280,0,event
2017-09-11T22:00:00Z,0.0057,2280,0,event
2017-09-11T23:00:00Z,0.0,2280,0,event
2017-09-12T00:00:00Z,0.0,2280,0,event
2017-09-12T01:00:00Z,0.0,2280,0,event
2017-09-12T02:00:00Z,0.0005,2280,0,event
2017-09-12T03:00:00Z,0.0001,2280,0,event
2017-09-12T04:00:00Z,0.0,2280,0,event
2017-09-12T05:00:00Z,0.0,2280,0,event
2017-09-12T06:00:00Z,0.0,2280,0,event
2017-09-12T07:00:00Z,0.0,2280,0,event
2017-09-12T08:00:00Z,0.0,2280,0,event
2017-09-12T09:00:00Z,0.0099,2280,0,event
2017-09-12T10:00:00Z,0.0028,2280,0,event
2017-09-12T11:00:00Z,0.0,2280,0,event
2017-09-12T12:00:00Z,0.0,2280,0,event
2017-09-12T13:00:00Z,0.0,2280,0,event
2017-09-12T14:00:00Z,0.0,2280,0,event
2017-09-12T15:00:00Z,0.0001,2280,0,event
2017-09-12T16:00:00Z,0.0005,2280,0,event
2017-09-12T17:00:00Z,0.0,2280,0,event
2017-09-12T18:00:00Z,0.0,2280,0,event
2017-09-12T19:00:00Z,0.0,2280,0,event
2017-09-12T20:00:00Z,0.0,2280,0,event
2017-09-12T21:00:00Z,0.0,2280,0,event
2017-09-12T22:00:00Z,0.0,2280,0,event
2017-09-12T23:00:00Z,0.0,2280,0,event
2017-09-13T00:00:00Z,0.0,2280,0,event
2017-09-13T01:00:00Z,0.0,2280,0,event
2017-09-13T02:00:00Z,0.0,2280,0,event
2017-09-13T03:00:00Z,0.0,2280,0,event
2017-09-13T04:00:00Z,0.0,2280,0,event
2017-09-13T05:00:00Z,0.0,2280,0,event
2017-09-13T06:00:00Z,0.0,2280,0,event
2017-09-13T07:00:00Z,0.0,2280,0,event
2017-09-13T08:00:00Z,0.0044,2280,0,event
2017-09-13T09:00:00Z,0.002,2280,0,event
2017-09-13T10:00:00Z,0.0018,2280,0,event
2017-09-13T11:00:00Z,0.0,2280,0,event
2017-09-13T12:00:00Z,0.0,2280,0,event
2017-09-13T13:00:00Z,0.0,2280,0,event
2017-09-13T14:00:00Z,0.0,2280,0,event
2017-09-13T15:00:00Z,0.0,2280,0,event
2017-09-13T16:00:00Z,0.0,2280,0,event
2017-09-13T17:00:00Z,0.0,2280,0,event
2017-09-13T18:00:00Z,0.0,2280,0,event
2017-09-13T19:00:00Z,0.0,2280,0,event
2017-09-13T20:00:00Z,0.0,2280,0,event
2017-09-13T21:00:00Z,0.0,2280,0,event
2017-09-13T22:00:00Z,0.0,2280,0,event
2017-09-13T23:00:00Z,0.0,2280,0,event
2017-09-14T00:00:00Z,0.0,2280,0,event
2017-09-14T01:00:00Z,0.0,2280,0,event
2017-09-14T02:00:00Z,0.0006,2280,0,event
2017-09-14T03:00:00Z,0.002,2280,0,event
2017-09-14T04:00:00Z,0.0,2280,0,event
2017-09-14T05:00:00Z,0.0,2280,0,event
2017-09-14T06:00:00Z,0.0,2280,0,event
2017-09-14T07:00:00Z,0.0,2280,0,event
2017-09-14T08:00:00Z,0.0,2280,0,event
2017-09-14T09:00:00Z,0.0,2280,0,event
2017-09-14T10:00:00Z,0.0,2280,0,event
2017-09-14T11:00:00Z,0.0,2280,0,event
2017-09-14T12:00:00Z,0.0,2280,0,event
2017-09-14T13:00:00Z,0.0,2280,0,event
2017-09-14T14:00:00Z,0.0,2280,0,event
2017-09-14T15:00:00Z,0.0,2280,0,event
2017-09-14T16:00:00Z,0.0,2280,0,event
2017-09-14T17:00:00Z,0.0,2280,0,event
2017-09-14T18:00:00Z,0.0,2280,0,event
2017-09-14T19:00:00Z,0.0,2280,0,event
2017-09-14T20:00:00Z,0.0026,2280,0,event
2017-09-14T21:00:00Z,0.0002,2280,0,event
2017-09-14T22:00:00Z,0.0,2280,0,event
2017-09-14T23:00:00Z,0.0,2280,0,event
2017-09-15T00:00:00Z,0.0005,2280,0,event
2017-09-15T01:00:00Z,0.0,2280,0,event
2017-09-15T02:00:00Z,0.0,2280,0,event
2017-09-15T03:00:00Z,0.0,2280,0,event
2017-09-15T04:00:00Z,0.0003,2280,0,event
2017-09-15T05:00:00Z,0.0004,2280,0,event
2017-09-15T06:00:00Z,0.0014,2280,0,event
2017-09-15T07:00:00Z,0.0014,2280,0,event
2017-09-15T08:00:00Z,0.0027,2280,0,event
2017-09-15T09:00:00Z,0.0017,2280,0,event
2017-09-15T10:00:00Z,0.0044,2280,0,event
2017-09-15T11:00:00Z,0.0002,2280,0,event
2017-09-15T12:00:00Z,0.0,2280,0,event
2017-09-15T13:00:00Z,0.0,2280,0,event
2017-09-15T14:00:00Z,0.0,2280,0,event
2017-09-15T15:00:00Z,0.0,2280,0,event
2017-09-15T16:00:00Z,0.0979,2280,0,event
2017-09-15T17:00:00Z,0.0194,2280,0,event
2017-09-15T18:00:00Z,0.0321,2280,0,event
2017-09-15T19:00:00Z,0.0107,2280,0,event
2017-09-15T20:00:00Z,0.0,2280,0,event
2017-09-15T21:00:00Z,0.0001,2280,0,event
2017-09-15T22:00:00Z,0.0,2280,0,event
2017-09-15T23:00:00Z,0.015,2280,0,event
2017-09-16T00:00:00Z,0.0009,2280,0,event
