event,sid,mae_active,rmse_active,bias_active,mae_land,rmse_land,bias_land,csi_0.1,land_area_km2_sfincs_gt0.1,land_area_km2_pred_gt0.1,csi_0.3,land_area_km2_sfincs_gt0.3,land_area_km2_pred_gt0.3,max_depth_sfincs,max_depth_pred,hmax_source
irma,irma_s005,0.19037628173828125,0.4000783571100533,0.014666873961687088,0.1718418002128601,0.3707082489525189,-0.004902115557342768,0.6740106651698007,414.0,337.6,0.6823774994506702,213.44,196.36,17.479047775268555,19.51116180419922,h_proc max t=73..240
irma,irma_s006,0.18364650011062622,0.3706624061360874,-0.048216402530670166,0.1665075719356537,0.3426001134127101,-0.06269379705190659,0.6693263663324389,414.92,328.0,0.6545475530932595,215.04,155.64000000000001,17.479398727416992,19.194076538085938,h_proc max t=73..240
irma,irma_s024,0.5486968159675598,1.4085931219269436,0.340969055891037,0.5713580846786499,1.4747350731312576,0.3648504912853241,0.7565909824599161,547.64,555.5600000000001,0.6669862575902844,297.08,334.76,17.47988510131836,19.09465980529785,h_proc max t=73..240
irma,irma_s037,0.16583606600761414,0.2932858697842414,-0.012194216251373291,0.14685174822807312,0.26760034834194013,-0.00412393594160676,0.7537188099808061,489.72,477.08,0.745256935837544,256.28000000000003,273.24,17.770488739013672,18.018301010131836,h_proc max t=73..240
irma,irma_s041,0.27028733491897583,0.7021020661753697,0.13796618580818176,0.2634275257587433,0.7197317547975745,0.13224133849143982,0.737870855148342,492.72,499.52000000000004,0.6961936502368006,266.68,304.2,17.770776748657227,19.050052642822266,h_proc max t=73..240
irma,irma_s046,0.17802385985851288,0.3113169956426294,0.00013259997649583966,0.16635668277740479,0.297064228370792,6.117290467955172e-06,0.7743496672716274,548.28,539.52,0.7503605055560268,298.08,324.6,17.770116806030273,18.17621421813965,h_proc max t=73..240
irma,irma_s049,0.3062845468521118,0.7673251958366266,0.13366027176380157,0.30074837803840637,0.7903744866000574,0.13778407871723175,0.7604138599989222,548.6800000000001,555.32,0.7068126520681265,299.16,339.92,17.77029800415039,19.0512752532959,h_proc max t=73..240
irma,irma_s059,0.2451106458902359,0.6816984637156004,0.11260703951120377,0.2432834953069687,0.70622149529598,0.10759001225233078,0.6932950063506919,422.12,388.36,0.6961986511342735,230.68,230.56,18.056840896606445,18.508895874023438,h_proc max t=73..240
irma,irma_s063,0.41435706615448,1.1639039678248961,0.2164876013994217,0.4311203062534332,1.2197595287805012,0.22524087131023407,0.6226568867155664,423.28000000000003,329.68,0.6244541484716157,238.88,213.12,18.05663299560547,19.577136993408203,h_proc max t=73..240
irma,irma_s068,0.2832143008708954,0.7666328418479964,0.17306244373321533,0.28698283433914185,0.7988514055779122,0.1782974898815155,0.742181280564085,496.48,526.32,0.7117101648351648,273.16,321.64,18.0572566986084,18.682723999023438,h_proc max t=73..240
matthew,matthew_s005,0.14126268029212952,0.2428138876996904,-0.022907616570591927,0.12651951611042023,0.22964584929727788,-0.007918684743344784,0.7125229526257804,382.92,347.0,0.7176672384219555,191.64000000000001,206.48000000000002,17.479520797729492,17.1528377532959,h_proc max t=73..240
matthew,matthew_s006,0.1392161101102829,0.2513706291521681,-0.04844402149319649,0.12559400498867035,0.24116628952594865,-0.04149700328707695,0.6743242208438625,381.56,290.32,0.7146603098927294,189.44,183.28,17.479398727416992,17.1324462890625,h_proc max t=73..240
matthew,matthew_s024,0.18052077293395996,0.29524741105043756,-0.040933601558208466,0.1695225089788437,0.289021565014009,-0.028150681406259537,0.6854863268164931,513.28,390.96000000000004,0.704443836116434,268.28000000000003,276.16,17.478771209716797,17.05196189880371,h_proc max t=73..240
matthew,matthew_s037,0.19544585049152374,0.32217864764643517,-0.052390020340681076,0.1666259616613388,0.29273572069743203,-0.017650848254561424,0.7025386673627879,460.6,380.2,0.6904578684109273,245.24,255.0,17.670475006103516,17.088539123535156,h_proc max t=73..240
matthew,matthew_s041,0.18548466265201569,0.3078874048956207,-0.03864670544862747,0.16298681497573853,0.2859865313320121,-0.006789343897253275,0.7337412477133666,463.52,433.16,0.6976059281778453,248.88,263.16,17.67094612121582,17.09546661376953,h_proc max t=73..240
matthew,matthew_s046,0.213470920920372,0.3457356698374798,-0.06506557762622833,0.1851927489042282,0.3190214399651321,-0.027893230319023132,0.7053463673666426,514.8,412.92,0.6967447683777499,271.64,284.56,17.670686721801758,17.16012954711914,h_proc max t=73..240
matthew,matthew_s049,0.2186717838048935,0.3496905994526291,-0.07453235983848572,0.18989422917366028,0.322425797512842,-0.033824317157268524,0.7021661738973028,515.4,410.28000000000003,0.6884968368528914,273.48,281.8,17.671239852905273,17.212373733520508,h_proc max t=73..240
matthew,matthew_s059,0.18248429894447327,0.32114638390637884,-0.03831392154097557,0.1534459888935089,0.28892895308544075,-0.003531921189278364,0.7199317600227466,391.48,373.64,0.7127408993576018,212.20000000000002,224.96,17.91489028930664,17.122201919555664,h_proc max t=73..240
matthew,matthew_s063,0.1637933850288391,0.27663655139452553,-0.06343778967857361,0.13873440027236938,0.24415424643710879,-0.03918023407459259,0.6862233487401223,391.96000000000004,310.08,0.7141718838929995,207.76,191.88,17.914701461791992,17.09270668029785,h_proc max t=73..240
matthew,matthew_s068,0.21060937643051147,0.35203599131173435,-0.050191499292850494,0.17805518209934235,0.31548728013878397,-0.005977841559797525,0.7384942471235618,466.88,442.48,0.6957898658718331,255.0,270.52,17.914657592773438,17.07052230834961,h_proc max t=73..240
ian,ian_s005,0.12223479896783829,0.33048973992041086,0.08112762123346329,0.09292270988225937,0.28961752204759855,0.07272732257843018,0.6393980032782,75.2,162.16,0.7163779246293981,64.36,117.32000000000001,17.345561981201172,18.900983810424805,h_proc max t=73..240
ian,ian_s006,0.11752602458000183,0.3156888152269732,0.07764503359794617,0.08798382431268692,0.2711487114389798,0.06835799664258957,0.6447150804390317,75.16,159.68,0.73,64.36,113.52,17.34557342529297,18.89966583251953,h_proc max t=73..240
ian,ian_s024,0.13096916675567627,0.32648113617541347,0.08171951770782471,0.10325596481561661,0.2857478643679929,0.07246756553649902,0.6504665629860031,112.32000000000001,194.36,0.7066283395333108,72.12,128.88,17.345558166503906,18.928464889526367,h_proc max t=73..240
ian,ian_s037,0.08402690291404724,0.24569375614913913,0.04350797086954117,0.06386210024356842,0.2243717845478593,0.046000510454177856,0.7178683385579937,89.96000000000001,145.72,0.7812911725955204,68.56,107.28,17.452932357788086,18.10231590270996,h_proc max t=73..240
ian,ian_s041,0.11806196719408035,0.30896241196638835,0.07101549208164215,0.09215239435434341,0.2767869296369136,0.0667685940861702,0.6540685375828516,92.28,174.16,0.7297864893244662,71.28,121.36,17.452594757080078,18.72766876220703,h_proc max t=73..240
ian,ian_s046,0.09069167077541351,0.2515604971977766,0.045639559626579285,0.07127294689416885,0.23117417922907935,0.04699574410915375,0.7330712101354303,113.36,159.96,0.7729090909090909,73.28,114.04,17.45286750793457,18.140243530273438,h_proc max t=73..240
ian,ian_s049,0.12291020900011063,0.31135912260500814,0.07098250836133957,0.09789861738681793,0.2795749730921675,0.06661410629749298,0.6803038379530917,115.68,185.96,0.7187237615449202,76.0,130.68,17.452533721923828,18.7906494140625,h_proc max t=73..240
ian,ian_s059,0.09276260435581207,0.27273542049238947,0.04525747895240784,0.07194553315639496,0.2568126258568783,0.05605639889836311,0.6909674461256304,83.48,156.36,0.7588499550763702,71.48,117.32000000000001,17.56385040283203,18.040908813476562,h_proc max t=73..240
ian,ian_s063,0.1205674335360527,0.3202278931315754,0.07769840210676193,0.09652678668498993,0.294818463451519,0.07798036187887192,0.6304733324239531,88.84,186.56,0.7219700790048748,73.8,133.24,17.563823699951172,18.72183609008789,h_proc max t=73..240
ian,ian_s068,0.10787156969308853,0.3005408634826375,0.05805850401520729,0.08898015320301056,0.28917979438813307,0.06926847249269485,0.6582664081971753,95.68,180.64000000000001,0.729103214890017,74.56,131.48,17.563861846923828,18.06126594543457,h_proc max t=73..240
milton,milton_s005,0.22841055691242218,0.8377822306690463,0.18286557495594025,0.195273756980896,0.8395362728842042,0.15770412981510162,0.6493757431629013,99.2,141.96,0.6928734022062686,63.84,120.16,17.1796875,21.489046096801758,h_proc max t=73..240
milton,milton_s006,0.13019169867038727,0.3710942646578864,0.07419515401124954,0.08641736954450607,0.2738852248963707,0.03893277049064636,0.6822489959839357,100.36,115.8,0.754903864828122,64.08,94.64,17.1796875,21.625957489013672,h_proc max t=73..240
milton,milton_s024,0.30130496621131897,0.8931457834220268,0.21228741109371185,0.272207647562027,0.9027163844949294,0.1794530153274536,0.5876308836481065,232.24,214.0,0.649375339489408,110.48,172.64000000000001,17.17973518371582,20.23752784729004,h_proc max t=73..240
milton,milton_s037,0.1492854356765747,0.37236953726004246,0.057380735874176025,0.1274585872888565,0.3500867671866133,0.04299874231219292,0.6046318289786223,180.68,157.04,0.7111074489123269,87.92,124.68,17.290563583374023,18.448223114013672,h_proc max t=73..240
milton,milton_s041,0.14366067945957184,0.34886594854387526,0.047564659267663956,0.12078773975372314,0.3187461057498054,0.03287728130817413,0.597851746931067,182.44,156.32,0.7099348534201955,90.48,126.76,17.29058837890625,18.405874252319336,h_proc max t=73..240
milton,milton_s046,0.19968269765377045,0.5376472548187057,0.09577319025993347,0.1826375424861908,0.5376940555633902,0.08517113327980042,0.6123983111934919,232.76,190.84,0.6948758890985629,110.0,154.32,17.290538787841797,18.186660766601562,h_proc max t=73..240
milton,milton_s049,0.20960506796836853,0.5827116273822481,0.10830988734960556,0.1941455900669098,0.5887252114090331,0.09889326244592667,0.6115744507729862,234.28,196.8,0.6942620610904938,112.2,159.88,17.29056739807129,18.233182907104492,h_proc max t=73..240
milton,milton_s059,0.12634682655334473,0.3493730785580316,0.06627770513296127,0.10122406482696533,0.3184022546533509,0.058665931224823,0.6594815030585494,106.4,146.64000000000001,0.7118907708261321,71.4,122.08,17.401958465576172,18.34485626220703,h_proc max t=73..240
milton,milton_s063,0.12103703618049622,0.3466856966955381,0.06654217839241028,0.09611858427524567,0.31999081335117485,0.05450652912259102,0.6801955265886536,109.72,141.28,0.7353460451977402,73.88,116.56,17.4019718170166,18.455684661865234,h_proc max t=73..240
milton,milton_s068,0.1432807743549347,0.3405435763114078,0.038377948105335236,0.12088055163621902,0.3109635210202706,0.029843255877494812,0.6143913604883202,185.6,161.8,0.7055926278995869,94.64,132.04,17.402013778686523,18.36130142211914,h_proc max t=73..240
dorian,dorian_s005,0.11385586112737656,0.34998709187307203,0.08607643842697144,0.07004167139530182,0.2868043559304204,0.05175254866480827,0.8033620015637216,74.2,92.12,0.8350204609088951,57.56,80.52,17.25449562072754,19.786346435546875,h_proc max t=73..240
dorian,dorian_s006,0.1072966530919075,0.3240709831630341,0.07842084765434265,0.06237991526722908,0.24786162747221327,0.04300392046570778,0.8194527661274216,75.08,86.60000000000001,0.8544973544973545,57.6,76.16,17.254501342773438,19.88333511352539,h_proc max t=73..240
dorian,dorian_s024,0.13531182706356049,0.31966299323695624,0.05836547538638115,0.09522441774606705,0.2491641863069682,0.019034573808312416,0.6440725636338068,159.24,105.68,0.7904817179338364,78.2,89.28,17.254539489746094,19.608976364135742,h_proc max t=73..240
dorian,dorian_s037,0.10489503294229507,0.3135209816809223,0.06894880533218384,0.07092226296663284,0.2582281788370308,0.03856317326426506,0.7689075630252101,104.0,97.44,0.8480825958702065,63.6,84.52,17.348915100097656,19.71541404724121,h_proc max t=73..240
dorian,dorian_s041,0.11540287733078003,0.33155390859946055,0.08008464425802231,0.07909901440143585,0.2805092831871236,0.047904595732688904,0.772836127266507,106.16,105.68,0.8230893651435504,65.52,92.44,17.349000930786133,19.552303314208984,h_proc max t=73..240
dorian,dorian_s046,0.12060482054948807,0.32043032544641487,0.0609944649040699,0.08811779320240021,0.266143906240172,0.029433319345116615,0.6867596341280552,142.48,104.76,0.8104498133961894,74.44,91.52,17.348957061767578,19.739105224609375,h_proc max t=73..240
dorian,dorian_s049,0.12306912988424301,0.3202609121503083,0.06085095927119255,0.08965692669153214,0.2665573296957393,0.029102003201842308,0.6860966542750929,144.6,106.24000000000001,0.8059440559440559,76.28,92.88,17.34896469116211,19.60942268371582,h_proc max t=73..240
dorian,dorian_s059,0.09158456325531006,0.30358199044660916,0.07217082381248474,0.05871187523007393,0.25172994340039656,0.04770052805542946,0.835091083413231,80.88,99.2,0.8542797494780794,64.24,88.32000000000001,17.443851470947266,19.81039810180664,h_proc max t=73..240
dorian,dorian_s063,0.08928128331899643,0.2913666929827584,0.062214743345975876,0.056352756917476654,0.23546841884116715,0.039590947329998016,0.8425818882466282,83.44,96.36,0.870143581081081,66.4,85.16,17.44390869140625,19.772132873535156,h_proc max t=73..240
dorian,dorian_s068,0.10500284284353256,0.3039367084261567,0.06805375963449478,0.07305549830198288,0.2544425510967674,0.04190943390130997,0.7765524261961316,109.24000000000001,106.88,0.8335672749147784,69.08,93.96000000000001,17.443830490112305,19.522449493408203,h_proc max t=73..240
beryl,beryl_s005,0.20538362860679626,0.5233161550782772,0.052706316113471985,0.15302063524723053,0.45889521574735814,0.011177134700119495,0.5046540880503144,186.76,89.0,0.65919941241278,81.88,76.88,16.92137908935547,20.901351928710938,h_proc max t=73..240
beryl,beryl_s006,0.1735241413116455,0.5004737300111115,0.04201299697160721,0.12759263813495636,0.46589436237356247,-0.0013616707874462008,0.5211230648123852,183.76,77.28,0.7149011161151361,80.2,67.4,16.921401977539062,18.4320125579834,h_proc max t=73..240
beryl,beryl_s024,0.2501777410507202,0.5720534002469674,0.055251866579055786,0.20190171897411346,0.5362829362957253,0.01839982345700264,0.5435984308131241,307.8,182.0,0.6285434995112414,143.28,120.48,16.921422958374023,18.433795928955078,h_proc max t=73..240
beryl,beryl_s037,0.1741602122783661,0.3636665486984547,0.02132726088166237,0.1379421502351761,0.32140570868253154,-0.0054278504103422165,0.5761178861788618,260.24,157.44,0.6902949571836346,115.48,108.2,17.02825164794922,18.03075408935547,h_proc max t=73..240
beryl,beryl_s041,0.2170664519071579,0.4911925666582537,0.034368567168712616,0.1714114546775818,0.4385108880573419,-0.0039352974854409695,0.5091076545231273,260.36,126.84,0.6447761194029851,115.32000000000001,100.76,17.02823257446289,19.899885177612305,h_proc max t=73..240
beryl,beryl_s046,0.18974041938781738,0.41426705939747194,0.036058131605386734,0.159654900431633,0.39308304667052696,0.007146097254008055,0.6054469891237068,310.64,212.92000000000002,0.6876839007986549,147.16,131.96,17.028276443481445,18.02658462524414,h_proc max t=73..240
beryl,beryl_s049,0.20116671919822693,0.4252742892958168,0.046209052205085754,0.1640758514404297,0.3909613633583965,0.0075185876339674,0.5988229093464511,312.12,213.20000000000002,0.6802948129606452,148.28,132.36,17.028289794921875,18.48133087158203,h_proc max t=73..240
beryl,beryl_s059,0.15587472915649414,0.35266230054268466,0.007050651125609875,0.11042634397745132,0.2704202086119702,-0.02639397419989109,0.5352963867815353,192.24,82.68,0.7361669538579361,89.60000000000001,70.44,17.13477325439453,19.372093200683594,h_proc max t=73..240
beryl,beryl_s063,0.15872207283973694,0.3693069085540401,0.007053365930914879,0.11313851177692413,0.3059493532130322,-0.024959608912467957,0.524154902214739,190.76,77.28,0.7393162393162394,89.2,66.28,17.13480567932129,18.56081771850586,h_proc max t=73..240
beryl,beryl_s068,0.19309362769126892,0.4220359254503756,0.03510739281773567,0.15636830031871796,0.3820070280766061,0.0007519613136537373,0.5363976916067632,263.24,141.08,0.6716556087023607,119.32000000000001,111.36,17.134750366210938,18.399503707885742,h_proc max t=73..240
