event,sid,mode,mask,mae,rmse,n,csi_0.1,csi_0.3,tp_0.1,fp_0.1,fn_0.1,tp_0.3,fp_0.3,fn_0.3
irma,irma_s005,single,active,0.00692555223419859,0.022690048329566247,4110456,0.9707637623300676,0.9845693240856327,1020064,6206,24515,760312,4260,7656
irma,irma_s005,single,land,0.004323779483137092,0.01374899804242175,3684744,0.9532670564501478,0.9712701681832976,603419,6006,23576,355109,3901,6603
irma,irma_s005,rollout,active,0.12021257495518746,0.34374001597972004,4110456,0.6700527037079202,0.6878101344672847,782775,123650,261804,617236,129425,150732
irma,irma_s005,rollout,land,0.08321023285471121,0.2664767813402824,3684744,0.4917143354722896,0.44550803273845435,367050,119475,259945,214137,118946,147575
irma,irma_s005,persistence,active,0.027788068480115103,0.09594521161303622,4110456,0.9563776711616797,0.9443541851360041,1019424,21343,25155,744594,20501,23374
irma,irma_s005,persistence,land,0.009396600253979653,0.0388854956779226,3684744,0.9358081800293836,0.9106411734308543,604475,18944,22520,343635,15643,18077
irma,irma_s006,single,active,0.00689137206203521,0.02289160255815795,4110456,0.9705609857784778,0.9848242466168015,1005672,5412,25092,751674,3713,7870
irma,irma_s006,single,land,0.004274198994981063,0.013798512578947762,3684744,0.9524948989655652,0.9713055471456925,589120,5203,24179,346488,3378,6858
irma,irma_s006,rollout,active,0.11464021570842749,0.33546243408866305,4110456,0.6522581213134959,0.6800762657643588,740900,105136,289864,585681,101655,173863
irma,irma_s006,rollout,land,0.0790247402533256,0.25527445464049237,3684744,0.45522731823152285,0.4104215324935985,325132,100920,288167,182402,91080,170944
irma,irma_s006,persistence,active,0.027753184120569593,0.09599949437539616,4110456,0.9558402649260931,0.9439366529180455,1005608,21303,25156,736230,20413,23314
irma,irma_s006,persistence,land,0.009401880683569876,0.03883925013113026,3684744,0.9345118801121813,0.908994554094459,590790,18892,22509,335329,15555,18017
irma,irma_s024,single,active,0.008087031394752796,0.024472067784494973,4110456,0.9662192486415201,0.9830229664717902,1119508,8268,30872,824077,5211,9021
irma,irma_s024,single,land,0.00553616680612683,0.015988339505488773,3684744,0.9486397574471475,0.9702159638351614,702740,8066,29981,418296,4848,7993
irma,irma_s024,rollout,active,0.21565688210748393,0.7370864952586725,4110456,0.6632598728214584,0.6537995554798267,909320,220606,241060,694511,229171,138587
irma,irma_s024,rollout,land,0.18771085250427166,0.7350856400213164,3684744,0.5198349563051454,0.45079268122525296,493366,216361,239355,290773,218737,135516
irma,irma_s024,persistence,active,0.029006056064704258,0.09628423912853859,4110456,0.9536039112650455,0.9455996612334565,1121134,25301,29246,808361,21768,24737
irma,irma_s024,persistence,land,0.011076112919920625,0.04009537672597453,3684744,0.9343894576368083,0.9172688806488574,706077,22935,26644,406684,17075,19605
irma,irma_s037,single,active,0.007930439507502331,0.023825181101154287,4110456,0.969681880712268,0.98346927140648,1108071,7737,26908,815952,5675,8040
irma,irma_s037,single,land,0.005137225633076545,0.015547580916565079,3684744,0.9535872967613098,0.970487369554316,690011,7596,25988,408351,5391,7027
irma,irma_s037,rollout,active,0.090779199740856,0.24127040514088793,4110456,0.728323458866972,0.7578987793288695,910054,114540,224925,698622,97796,125370
irma,irma_s037,rollout,land,0.06582995063564796,0.1921770091603279,3684744,0.6030915530822702,0.5939979998551754,500256,113487,215743,303511,95585,111867
irma,irma_s037,persistence,active,0.029537205315541635,0.0978474589663516,4110456,0.9561213004267544,0.9462357577284768,1107678,23533,27301,799837,21291,24155
irma,irma_s037,persistence,land,0.010524124097902052,0.04009238186904837,3684744,0.9372911377297485,0.9168143886623561,691091,21329,24908,396172,16740,19206
irma,irma_s041,single,active,0.0077909429330955005,0.023819044959899706,4110456,0.9687987134362679,0.9834939410730204,1098796,8234,27154,816477,5357,8346
irma,irma_s041,single,land,0.005114056303843632,0.015183159110960806,3684744,0.9518736028068369,0.9704225251537072,680424,8072,26330,407691,5072,7354
irma,irma_s041,rollout,active,0.13688139162662244,0.4143076373988962,4110456,0.6996067338796094,0.7175768918279822,904248,166559,221702,710094,164749,114729
irma,irma_s041,rollout,land,0.10241222829862807,0.3700961412697181,3684744,0.5589794459297608,0.5303356372762068,486311,163244,220443,302618,155571,112427
irma,irma_s041,persistence,active,0.028776578407602466,0.0961883813233698,4110456,0.9569385529132286,0.947127515921458,1099309,22827,26641,800999,20891,23824
irma,irma_s041,persistence,land,0.010711053001578943,0.04050667195671464,3684744,0.9377116501011522,0.9164906674077162,682294,20862,24460,395759,16775,19286
irma,irma_s046,single,active,0.00852107311056243,0.024503138697491877,4110456,0.9678217034938874,0.9824459504555947,1156936,9277,29189,850809,6394,8808
irma,irma_s046,single,land,0.005766435304766084,0.016654269649198604,3684744,0.9518039224781032,0.969551503052511,738735,9131,28276,442927,6099,7811
irma,irma_s046,rollout,active,0.09288285168360882,0.24377869252805892,4110456,0.7388913687764943,0.7568531435098959,973315,131139,212810,744054,123472,115563
irma,irma_s046,rollout,land,0.06848917964178787,0.193465022416072,3684744,0.6261288326802704,0.6047800515221418,561672,130044,205339,345809,121055,104929
irma,irma_s046,persistence,active,0.030141926467525743,0.09762649172536934,4110456,0.954985175549231,0.9465435018060777,1156976,25387,29149,834610,22128,25007
irma,irma_s046,persistence,land,0.011324084268133689,0.04081186052643648,3684744,0.9367305178411663,0.9193710235279047,740226,23212,26785,430615,17642,20123
irma,irma_s049,single,active,0.00863319380653874,0.024955938296136473,4110456,0.9672425996570654,0.9824872151531555,1164297,9284,30147,860311,6323,9012
irma,irma_s049,single,land,0.005913429170723936,0.0166688770684495,3684744,0.9509946695911653,0.9697415784666631,745751,9127,29302,451245,6046,8034
irma,irma_s049,rollout,active,0.15021009834431995,0.44940066090935116,4110456,0.6986562059976853,0.7110041984080244,964075,185455,230369,748531,183457,120792
irma,irma_s049,rollout,land,0.11775052249220028,0.4165367443895447,3684744,0.5701848961434872,0.5372783829252665,545773,182133,229280,340440,174359,118839
irma,irma_s049,persistence,active,0.029553796008277428,0.09701671139660428,4110456,0.956311225104969,0.9483142006301614,1165905,24725,28539,844837,21560,24486
irma,irma_s049,persistence,land,0.011535539977471976,0.0412621824873669,3684744,0.938417186834123,0.9214073269262232,748688,22767,26365,439292,17483,19987
irma,irma_s059,single,active,0.007696576121967977,0.024383494750452067,4110456,0.9704780006858078,0.9839550348636247,1052825,6923,25104,792501,4640,8283
irma,irma_s059,single,land,0.004799303051989501,0.015153933183866247,3684744,0.9531692133559706,0.9702854671280277,633278,6771,24343,381361,4383,7296
irma,irma_s059,rollout,active,0.12519273257030364,0.39262052296756383,4110456,0.6937281480421231,0.7221120569407897,828788,116758,249141,670411,127619,130373
irma,irma_s059,rollout,land,0.09256128105507465,0.3445053084652871,3684744,0.5305396420696428,0.5112842531366981,409514,114261,248107,260190,120238,128467
irma,irma_s059,persistence,active,0.028401255085810432,0.09610703365582499,4110456,0.9602167461839883,0.9491049940381704,1054197,19945,23732,778473,19434,22311
irma,irma_s059,persistence,land,0.010287319994279114,0.04090404269047422,3684744,0.9404480818051093,0.9158078745141478,635694,18327,21927,370393,15787,18264
irma,irma_s063,single,active,0.007871807117476747,0.025438575089437303,4110456,0.9685980551053485,0.9832505596966438,1042258,4800,28990,794493,4168,9366
irma,irma_s063,single,land,0.004960947698300072,0.01563363856261148,3684744,0.9497036094661919,0.9685883503310889,622582,4641,28331,382358,3913,8487
irma,irma_s063,rollout,active,0.16504893252719408,0.565246696468507,4110456,0.6365213127713191,0.6721964512525116,763338,127986,307910,632959,137769,170900
irma,irma_s063,rollout,land,0.13166836522428696,0.5370909105241378,3684744,0.44356828307280266,0.4265165033359336,344484,125707,306429,222532,130898,168313
irma,irma_s063,persistence,active,0.027537668570105117,0.0937421250056928,4110456,0.961266620752016,0.9508616026112485,1048193,19181,23055,782174,18736,21685
irma,irma_s063,persistence,land,0.010413398334117648,0.040921449789259635,3684744,0.9415120103255448,0.9175926541199981,629526,17720,21387,372839,15478,18006
irma,irma_s068,single,active,0.008195271932724738,0.02463804154870301,4110456,0.9683539735585974,0.9838792615525095,1113548,8905,27486,836137,5225,8475
irma,irma_s068,single,land,0.005380196951945644,0.01594794896306141,3684744,0.9513472828128556,0.9713585261212803,693907,8750,26737,424744,4971,7553
irma,irma_s068,rollout,active,0.13791454950496976,0.43896896233099925,4110456,0.7121558808639247,0.7255306998542791,931225,166580,209809,736878,171028,107734
irma,irma_s068,rollout,land,0.10923772791271252,0.4079832620683034,3684744,0.5784263196323498,0.5471997155522161,511765,164110,208879,326264,163946,106033
irma,irma_s068,persistence,active,0.029102545891502064,0.09614239409988416,4110456,0.9586127330623586,0.9500474708612174,1115066,22174,25968,821545,20129,23067
irma,irma_s068,persistence,land,0.011159820609315058,0.04151011727914969,3684744,0.9396379708342159,0.9206908690673,696470,20567,24174,413230,16529,19067
matthew,matthew_s005,single,active,0.006172858125412363,0.020759113430258876,4110456,0.971739208415351,0.9844468570452688,866873,9570,15641,645616,5470,4730
matthew,matthew_s005,single,land,0.0034626970947642497,0.011953736630503196,3684744,0.9493562503295196,0.9655778152173046,450161,8990,15024,241856,4625,3997
matthew,matthew_s005,rollout,active,0.059346297284291576,0.1730204583549764,4110456,0.7474363839800108,0.7917217743946913,762199,137237,120315,587243,91383,63103
matthew,matthew_s005,rollout,land,0.03971808743701055,0.1347059116801994,3684744,0.5810093436785762,0.5680972388955582,349028,135542,116157,189290,87347,56563
matthew,matthew_s005,persistence,active,0.024884545200094588,0.09238553401454912,4110456,0.9523656966503008,0.9380122530098713,859111,19567,23403,628199,19367,22147
matthew,matthew_s005,persistence,land,0.00719040846613089,0.031992340530379554,3684744,0.9213664616877382,0.8825729158250712,444399,17141,20786,229401,14070,16452
matthew,matthew_s006,single,active,0.0060676201245980985,0.020525883554922218,4110456,0.9707882718576267,0.9845902238521652,848999,8913,16634,635744,5035,4915
matthew,matthew_s006,single,land,0.003399134228354806,0.012005309091931371,3684744,0.946642492878148,0.9650804219813146,432325,8348,16020,231904,4230,4161
matthew,matthew_s006,rollout,active,0.056526069583277376,0.17402558556129952,4110456,0.74969586623849,0.8020755419968792,732111,110911,133522,572629,73275,68030
matthew,matthew_s006,rollout,land,0.03723924748910643,0.1431913828251064,3684744,0.5720003299394991,0.5711115184685688,318992,109333,129353,174470,69427,61595
matthew,matthew_s006,persistence,active,0.024757379032277683,0.09228875238961778,4110456,0.9517977539516012,0.9375090928929949,842361,19388,23272,618621,19197,22038
matthew,matthew_s006,persistence,land,0.0071265985930772935,0.03184771224286483,3684744,0.9191483508808125,0.8785336042363255,427688,16964,20657,219658,13963,16407
matthew,matthew_s024,single,active,0.007613018729704198,0.022883822510770528,4110456,0.9597042517473503,0.9822433409108939,982717,11868,29394,718124,6370,6612
matthew,matthew_s024,single,land,0.0050465180086119955,0.014978570928646264,3684744,0.9337712268005328,0.964539116295685,565659,11341,28779,313209,5597,5918
matthew,matthew_s024,rollout,active,0.07234155559626475,0.20178778827731428,4110456,0.7153788917240117,0.7621012335687276,828755,146373,183356,634668,108051,90068
matthew,matthew_s024,rollout,land,0.05304306757810041,0.1680093606738477,3684744,0.5621360129543878,0.556721925714097,415536,144771,178902,235951,104695,83176
matthew,matthew_s024,persistence,active,0.02614340226181718,0.09249546134290816,4110456,0.9500546881712334,0.9411596556328718,984136,23762,27975,701291,20399,23445
matthew,matthew_s024,persistence,land,0.008953630411637823,0.033419518035614666,3684744,0.9238014518802841,0.8998119924318734,568961,21453,25477,301042,15434,18085
matthew,matthew_s037,single,active,0.007287570595877927,0.02172456827528978,4110456,0.9673598031441805,0.9822963380096431,968658,10597,22087,716928,5993,6928
matthew,matthew_s037,single,land,0.004511175102157708,0.013867063783790993,3684744,0.945448572185394,0.9638726518784972,549663,10187,21528,308686,5344,6226
matthew,matthew_s037,rollout,active,0.07458267708010985,0.21072779339489942,4110456,0.7122966957415484,0.7597108483305247,820543,161223,170202,635195,112245,88661
matthew,matthew_s037,rollout,land,0.053748412542363865,0.17473662067508844,3684744,0.5546173543363955,0.5508253323616604,405463,159877,165728,233556,109099,81356
matthew,matthew_s037,persistence,active,0.026350317413080204,0.0932725830927749,4110456,0.953891999027766,0.9423522911062084,965436,21357,25309,700932,19955,22924
matthew,matthew_s037,persistence,land,0.008589331125344121,0.033834044884316086,3684744,0.9278624571194425,0.8987670167132352,547990,19403,23201,296896,15425,18016
matthew,matthew_s041,single,active,0.007100455844345493,0.021442751959194466,4110456,0.9681235242607225,0.9844377071610668,954108,10965,20450,710133,6089,5137
matthew,matthew_s041,single,land,0.004398065406222929,0.013597956565193072,3684744,0.9461838786702651,0.9681685864580091,535348,10512,19937,301661,5405,4513
matthew,matthew_s041,rollout,active,0.06973798192949882,0.19120441124248427,4110456,0.7318618942793441,0.7708737934961961,829826,159298,144732,633501,106526,81769
matthew,matthew_s041,rollout,land,0.050035137278193545,0.15642907794884162,3684744,0.5815038057724387,0.5649167327517843,414839,158105,140446,231517,103651,74657
matthew,matthew_s041,persistence,active,0.026069971008082803,0.0925324777444357,4110456,0.9539689268658246,0.9422611710218753,949636,20900,24922,692545,19712,22725
matthew,matthew_s041,persistence,land,0.008687936601735426,0.03421654462141792,3684744,0.9268328777617215,0.8959749491582345,532345,19085,22940,288133,15412,18041
matthew,matthew_s046,single,active,0.007998361754146012,0.02266466970808437,4110456,0.9627214906554258,0.9831601939854121,1032307,12030,27943,756178,6580,6372
matthew,matthew_s046,single,land,0.005259942880360209,0.01522354345995533,3684744,0.9401368930431103,0.9676734998426968,613146,11643,27399,347568,5935,5676
matthew,matthew_s046,rollout,active,0.08227112606241253,0.23001523811927665,4110456,0.6996172654540365,0.7426102589119555,859682,168539,200568,657620,123002,104930
matthew,matthew_s046,rollout,land,0.061913807648509636,0.19818516589529886,3684744,0.5501426670380343,0.5401894074626455,444419,167280,196126,255710,120127,97534
matthew,matthew_s046,persistence,active,0.02704664944716596,0.09335122863108807,4110456,0.9526191095636386,0.9443932038834951,1032561,23668,27689,739271,20250,23279
matthew,matthew_s046,persistence,land,0.009445882850002606,0.03457957412786732,3684744,0.9284717755451474,0.9071692571156056,614925,21753,25620,334789,15804,18455
matthew,matthew_s049,single,active,0.008023185072106354,0.0227986901509243,4110456,0.9625301856727365,0.9831578155363736,1033537,11923,28311,757879,6613,6370
matthew,matthew_s049,single,land,0.005295328437335131,0.015265829942066834,3684744,0.9398560741832684,0.9675677173536543,614617,11511,27820,349171,5948,5756
matthew,matthew_s049,rollout,active,0.08372810401084455,0.23987086546038794,4110456,0.6990337179434909,0.7449543570344531,857260,164502,204588,657750,118691,106499
matthew,matthew_s049,rollout,land,0.061937906167972595,0.19928792137719986,3684744,0.5489140961396155,0.5433525397287584,442102,162975,200335,255649,115576,99278
matthew,matthew_s049,persistence,active,0.026828387470879143,0.09308521127135887,4110456,0.9532669114177872,0.9449570644447702,1034470,23336,27378,741144,20066,23105
matthew,matthew_s049,persistence,land,0.009526943433858634,0.03485019073244604,3684744,0.9293242685575379,0.9076852526233444,617036,21525,25401,336488,15783,18439
matthew,matthew_s059,single,active,0.006594795135716086,0.021262319800961483,4110456,0.9732321648159745,0.9849470991021254,896704,8916,15747,680235,5031,5365
matthew,matthew_s059,single,land,0.0037178464772586644,0.012745124074030728,3684744,0.9524021645549139,0.9670735128059438,476783,8534,15294,268918,4428,4728
matthew,matthew_s059,rollout,active,0.06610508967861474,0.1888011998023229,4110456,0.7433919073333717,0.7846406575032172,787846,147348,124605,615203,98457,70397
matthew,matthew_s059,rollout,land,0.044822673739342546,0.14870869128441078,3684744,0.5825227815942887,0.5706362347542828,371914,146377,120163,210914,95966,62732
matthew,matthew_s059,persistence,active,0.025621425503034215,0.09241631162254747,4110456,0.9575052001870454,0.9441848965881772,890724,17804,21727,664506,18188,21094
matthew,matthew_s059,persistence,land,0.008160798450312966,0.03468815638791347,3684744,0.9282439505065584,0.8906805308751666,471948,16354,20129,256630,14482,17016
matthew,matthew_s063,single,active,0.006506959876379895,0.021594527446452585,4110456,0.9725028579515177,0.98511794925868,879623,7914,16957,672674,4757,5405
matthew,matthew_s063,single,land,0.0036799956243568073,0.012924940925867935,3684744,0.9503284521550219,0.9666875085556571,460188,7513,16540,261285,4171,4833
matthew,matthew_s063,rollout,active,0.06240160383057257,0.1794742130568841,4110456,0.745385327383713,0.7943795620437957,755372,116818,141208,598565,75421,79514
matthew,matthew_s063,rollout,land,0.04021020524085255,0.13427230159187972,3684744,0.5740738239395955,0.5733703910235417,340009,115546,136719,194333,72813,71785
matthew,matthew_s063,persistence,active,0.025154147283172477,0.09160388769565536,4110456,0.9578926980013832,0.9451377019818333,875353,17252,21227,657503,17590,20576
matthew,matthew_s063,persistence,land,0.00815217176976881,0.034560593258114725,3684744,0.9278175554558576,0.890351065044829,457042,15871,19686,249455,14058,16663
matthew,matthew_s068,single,active,0.007356173271894894,0.021947513682394972,4110456,0.9687818765509709,0.9850974005332309,967785,10632,20554,728250,5689,5328
matthew,matthew_s068,single,land,0.0045422115400011506,0.01408558506649101,3684744,0.9474297832739148,0.969816361419354,547712,10255,20136,316550,5129,4723
matthew,matthew_s068,rollout,active,0.07339089933087715,0.19864258230823123,4110456,0.7306252491123135,0.7665254697769357,841380,163250,146959,648919,112994,84659
matthew,matthew_s068,rollout,land,0.05249386473660043,0.16126083127151916,3684744,0.5825801971872265,0.5659481581274334,425382,162321,142466,244493,110733,76780
matthew,matthew_s068,persistence,active,0.02642711470150757,0.09249633016704328,4110456,0.9561149074451448,0.9458747506323074,964174,20090,24165,711679,18825,21899
matthew,matthew_s068,persistence,land,0.009161999067981385,0.035481681963963646,3684744,0.9296291181389925,0.9015980289886084,545247,18673,22601,303367,15204,17906
ian,ian_s005,single,active,0.004012153225061891,0.020851526829530353,4110456,0.9864793740483546,0.9885402587178185,560414,4764,2917,492211,3856,1850
ian,ian_s005,single,land,0.0012485166826972918,0.007588622426731142,3684744,0.959147240020514,0.9594159635281814,147748,4051,2242,94490,2767,1230
ian,ian_s005,rollout,active,0.07171915658506015,0.25391405549832585,4110456,0.750044005145217,0.7710540474909413,553945,175219,9386,485808,135996,8253
ian,ian_s005,rollout,land,0.0349391491817342,0.16765514411065213,3684744,0.4439107718924591,0.4088555484402159,142146,170223,7844,89384,122900,6336
ian,ian_s005,persistence,active,0.027508797837758146,0.106397244875178,4110456,0.9388345689377816,0.9178613895187681,545676,17896,17655,473186,21470,20875
ian,ian_s005,persistence,land,0.006075770842221332,0.037737969222669386,3684744,0.8268324750739564,0.7379700951517898,135837,14296,14153,81435,14630,14285
ian,ian_s006,single,active,0.00401505977986384,0.02084221271079512,4110456,0.9865880367119899,0.9885882591670635,559941,4701,2911,492053,3799,1881
ian,ian_s006,single,land,0.0012513721007059784,0.007600395964734012,3684744,0.9594363958517901,0.9595838376030998,147285,3990,2237,94353,2726,1248
ian,ian_s006,rollout,active,0.07026309094416776,0.24897666980718972,4110456,0.7570811520113725,0.779035673693036,553873,168738,8979,485957,129859,7977
ian,ian_s006,rollout,land,0.033370930500870616,0.1597150805821023,3684744,0.4535316934569892,0.42160127747970966,142062,163713,7460,89503,116692,6098
ian,ian_s006,persistence,active,0.027511639295615863,0.10639848236832314,4110456,0.938780781370265,0.9178374288181139,545196,17897,17656,473058,21471,20876
ian,ian_s006,persistence,land,0.006076646496676567,0.0377432542552589,3684744,0.8263935096726145,0.7377187491494979,135374,14291,14148,81318,14628,14283
ian,ian_s024,single,active,0.00432815564973205,0.02108602658208406,4110456,0.9830966378228416,0.9877580403449169,595324,6272,3964,503563,4254,1987
ian,ian_s024,single,land,0.001591451086900474,0.00826832403063739,3684744,0.95375384470775,0.9587507365939893,182641,5562,3294,105755,3180,1370
ian,ian_s024,rollout,active,0.073905547219092,0.25258661590995257,4110456,0.7391277288638477,0.7622472179747902,581933,188036,17355,495511,144516,10039
ian,ian_s024,rollout,land,0.038012333760500054,0.17001184639422473,3684744,0.46093377411662695,0.41475587066928143,170103,183105,15832,98979,131519,8146
ian,ian_s024,persistence,active,0.027741605417379484,0.10643569961812285,4110456,0.9400997824341475,0.9193888703360757,580741,18456,18547,484540,21474,21010
ian,ian_s024,persistence,land,0.006337722448459106,0.03789141637140252,3684744,0.8510563064633405,0.761062891584073,170887,14859,15048,92683,14656,14442
ian,ian_s037,single,active,0.004259679841482307,0.019520247565079984,4110456,0.9850573648369964,0.9887188066033781,585129,5635,3241,507103,3918,1868
ian,ian_s037,single,land,0.001416065370865995,0.007847816113618362,3684744,0.9572198191552381,0.9620932119354548,171283,5060,2595,106725,2921,1284
ian,ian_s037,rollout,active,0.04961892077788936,0.184065816050565,4110456,0.8039314240145116,0.832158397366085,572609,123891,15761,495899,86948,13072
ian,ian_s037,rollout,land,0.022686209679695524,0.12160748224688453,3684744,0.5446710432521605,0.5226854950963203,160459,120720,13419,98383,80217,9626
ian,ian_s037,persistence,active,0.02814734279177298,0.10813499414290419,4110456,0.9430561265683589,0.9224498347486499,571161,17279,17209,488713,20828,20258
ian,ian_s037,persistence,land,0.006330006406143819,0.03741340829746168,3684744,0.8516869728209935,0.766010073387156,159940,13914,13938,93837,14492,14172
ian,ian_s041,single,active,0.004397652577201897,0.020995147828561957,4110456,0.985114925105646,0.988568487491704,588154,5515,3372,510909,4032,1876
ian,ian_s041,single,land,0.0015209313525664876,0.00836595528791482,3684744,0.9578301980252513,0.9616448427981233,174032,4899,2763,109866,3061,1321
ian,ian_s041,rollout,active,0.06582127080304473,0.22909539920116956,4110456,0.7557781947901372,0.7853840557602497,577540,172640,13986,501990,126380,10795
ian,ian_s041,rollout,land,0.0339638185346119,0.16025125612303515,3684744,0.47627725086268485,0.4510034383552031,164660,168928,12135,102836,116829,8351
ian,ian_s041,persistence,active,0.027833699062220833,0.10631329248672779,4110456,0.9436480425818534,0.9229471853618955,574408,17184,17118,492504,20836,20281
ian,ian_s041,persistence,land,0.006585046066802741,0.03877405197057342,3684744,0.8529465712863245,0.7682192825040893,162755,14020,14040,96748,14751,14439
ian,ian_s046,single,active,0.004426446333600214,0.01962912231163654,4110456,0.9825501813745635,0.9880647223838298,607273,6747,4038,514593,4301,1915
ian,ian_s046,single,land,0.0016058450545512796,0.008216387817201375,3684744,0.9528959088759262,0.9608833232343634,193415,6169,3392,114176,3313,1335
ian,ian_s046,rollout,active,0.05151094017914314,0.18573404728403792,4110456,0.7947440519689244,0.825796267368248,589441,130363,21870,502208,91642,14300
ian,ian_s046,rollout,land,0.02502823550971248,0.12635527994063864,3684744,0.5473464979944461,0.5221722525253533,177395,127293,19412,104730,85055,10781
ian,ian_s046,persistence,active,0.028277730545589103,0.10815811077136443,4110456,0.9436611656968426,0.9233337365428813,593544,17669,17767,496158,20847,20350
ian,ian_s046,persistence,land,0.006477120065023513,0.037502711024192614,3684744,0.8635347391955134,0.7784998000553692,182306,14309,14501,101233,14525,14278
ian,ian_s049,single,active,0.004566907483166101,0.021028673405488574,4110456,0.9823246149967806,0.9878608567843836,611779,6943,4065,518867,4447,1929
ian,ian_s049,single,land,0.0017160497721313882,0.00873629568003936,3684744,0.9527978517743592,0.9604928406014547,197636,6334,3457,117791,3459,1386
ian,ian_s049,rollout,active,0.06850156953389112,0.23352461525971974,4110456,0.7527163084435073,0.7748479350215235,596895,177144,18949,509041,136160,11755
ian,ian_s049,rollout,land,0.036358945492549824,0.16238246327774888,3684744,0.491162293878096,0.44698663213743284,183928,173382,17165,109775,126412,9402
ian,ian_s049,persistence,active,0.027974684788621994,0.1063465409719728,4110456,0.9443359513754588,0.9238082754724714,598166,17581,17678,500402,20877,20394
ian,ian_s049,persistence,land,0.0067365586701884856,0.03886432793204082,3684744,0.8652613898413611,0.7809110790980273,186482,14428,14611,104621,14796,14556
ian,ian_s059,single,active,0.00457407860055551,0.021325953156089608,4110456,0.986554497126049,0.9885651873906364,584940,4914,3058,518627,3998,2001
ian,ian_s059,single,land,0.0015321053553856115,0.008740598639774822,3684744,0.9612741435138011,0.9622887300420869,169811,4393,2448,115236,3069,1447
ian,ian_s059,rollout,active,0.05404368456930326,0.20091873430225204,4110456,0.785719953051001,0.8228028526752372,574366,143008,13632,505679,93953,14949
ian,ian_s059,rollout,land,0.02631751266166659,0.14193908015598866,3684744,0.5146627190935076,0.5144313717844993,160969,140507,11290,105550,88495,11133
ian,ian_s059,persistence,active,0.027952540423738875,0.10629037040989807,4110456,0.9464737267154754,0.9264605001617898,571920,16266,16078,501053,20197,19575
ian,ian_s059,persistence,land,0.0068344962745376615,0.039580523364881895,3684744,0.8561818691025034,0.7792408454670695,158969,13413,13290,102379,14700,14304
ian,ian_s063,single,active,0.0047328058576408556,0.0225920721988882,4110456,0.9863353455940849,0.9883657921815556,590156,4959,3217,523483,4065,2097
ian,ian_s063,single,land,0.0016835002860782187,0.009622321430118354,3684744,0.960840475653804,0.9613778873897835,174774,4470,2653,119282,3220,1572
ian,ian_s063,rollout,active,0.061306409039532356,0.22060320467286673,4110456,0.7589665005707232,0.8023735890870619,580472,171446,12901,512675,113368,12905
ian,ian_s063,rollout,land,0.0323044533419418,0.15988998527877313,3684744,0.48154688225840425,0.4872843584500026,166895,169154,10532,111516,107998,9338
ian,ian_s063,persistence,active,0.02759492917270006,0.10422673141680887,4110456,0.9473689391751765,0.9273996400860568,577410,16115,15963,506069,20106,19511
ian,ian_s063,persistence,land,0.007077679616277277,0.0406621891536113,3684744,0.859515302647709,0.7836491703751731,164066,13455,13361,106360,14870,14494
ian,ian_s068,single,active,0.004699025770346405,0.02142826618062715,4110456,0.9851992228975665,0.9883665398808906,599409,5647,3358,523602,4136,2027
ian,ian_s068,single,land,0.0016696353154893528,0.008975219641688893,3684744,0.9590762889173406,0.9625100112125581,184275,5115,2748,120179,3199,1482
ian,ian_s068,rollout,active,0.057661732816261746,0.2093711526086454,4110456,0.7673219962750788,0.8088280456029152,586267,161276,16500,510948,106085,14681
ian,ian_s068,rollout,land,0.030123384674077765,0.15348224320104467,3684744,0.49986984363882475,0.4984446115130261,172824,158715,14199,110720,100470,10941
ian,ian_s068,persistence,active,0.028049611846593176,0.10630700233751374,4110456,0.9470294399322989,0.9270548403231096,586394,16426,16373,506006,20192,19623
ian,ian_s068,persistence,land,0.006943948310927435,0.03963644629560685,3684744,0.8646134519132984,0.7868850054633588,173438,13573,13585,107302,14702,14359
milton,milton_s005,single,active,0.004335676009851462,0.017174094755374757,4110456,0.9788360365017259,0.9862630295817096,628678,7550,6043,513774,3101,4055
milton,milton_s005,single,land,0.0018080936707373701,0.00865200982199738,3684744,0.9441835502482222,0.950956325627792,211110,7071,5409,109631,2452,3202
milton,milton_s005,rollout,active,0.10562011702594554,0.43799153234791416,4110456,0.7165401848347366,0.7285847659081246,559246,145760,75475,481502,143044,36327
milton,milton_s005,rollout,land,0.06139477990194163,0.38676514241872284,3684744,0.4014447134334867,0.3385734589758546,143604,141199,72915,82423,130609,30410
milton,milton_s005,persistence,active,0.024573127120810927,0.09500510969617082,4110456,0.9486972949790248,0.9263418886848056,617157,15810,17564,497277,18989,20552
milton,milton_s005,persistence,land,0.006055581494433535,0.03628200117630439,3684744,0.8762576415036915,0.7737611954444217,201534,13475,14985,97969,13781,14864
milton,milton_s006,single,active,0.004321374638847855,0.017133177013129743,4110456,0.9797170615305949,0.9871168651422969,626532,6987,5984,513513,2738,3964
milton,milton_s006,single,land,0.0017877610749976796,0.00862316116510242,3684744,0.9463295128810075,0.9546255737247168,208977,6506,5346,109402,2096,3104
milton,milton_s006,rollout,active,0.08215680632513765,0.2850323997267295,4110456,0.7472965786208119,0.7633561932444272,556446,112096,76070,480077,111426,37400
milton,milton_s006,rollout,land,0.03558990885798308,0.16107843640315478,3684744,0.4372411779142629,0.3830054613829204,140744,107568,73579,81070,99162,31436
milton,milton_s006,persistence,active,0.024581624885414172,0.09499670396445226,4110456,0.9484398063388699,0.9262782335408034,614920,15833,17596,496914,18986,20563
milton,milton_s006,persistence,land,0.006063081273420894,0.03628602041198336,3684744,0.8748727042876707,0.7731908962764694,199310,13493,15013,97637,13772,14869
milton,milton_s024,single,active,0.00553716318213843,0.01815856513782964,4110456,0.9741774752557546,0.9854571434051286,849700,8647,13876,616569,3907,5192
milton,milton_s024,single,land,0.0031721934286683146,0.010732218006955297,3684744,0.95279345621307,0.9653700901195686,432149,8248,13163,212421,3376,4244
milton,milton_s024,rollout,active,0.13192474873833948,0.4415399774019143,4110456,0.6491821020006913,0.6770901978336101,687441,195358,176135,547638,187050,74123
milton,milton_s024,rollout,land,0.08339713525552929,0.3573496034144403,3684744,0.4279581082695609,0.3796107094540163,272231,190804,173081,148435,174354,68230
milton,milton_s024,persistence,active,0.025640222839631417,0.09519067579671522,4110456,0.9549765397690034,0.9361131606327536,842211,18342,21365,600115,19310,21646
milton,milton_s024,persistence,land,0.007254013207057261,0.03698245168326815,3684744,0.9245521053487238,0.8694876038787165,426519,16013,18793,200676,14133,15989
milton,milton_s037,single,active,0.0051745442179955215,0.017811157141175253,4110456,0.9744223659311514,0.9857556735876388,779610,9081,11383,587952,3978,4518
milton,milton_s037,single,land,0.0027272019482561067,0.00993608830913508,3684744,0.9487886417754322,0.9619539814736127,360997,8721,10764,181109,3508,3655
milton,milton_s037,rollout,active,0.08709251935794958,0.2714868224295124,4110456,0.6688480713108352,0.7273308658690876,627740,147546,163253,524295,128378,68175
milton,milton_s037,rollout,land,0.05301266773892569,0.2032811489886108,3684744,0.4085367747546279,0.4004695114311526,210452,143375,161309,121460,118530,63304
milton,milton_s037,persistence,active,0.02551835945938845,0.0954153337665235,4110456,0.9565199080405098,0.93685708157809,772210,16319,18783,572222,18319,20248
milton,milton_s037,persistence,land,0.006830941181056269,0.03591439292051468,3684744,0.9204945257081864,0.8551978950339738,355298,14225,16463,169661,13624,15103
milton,milton_s041,single,active,0.005192641168492012,0.017702635181659827,4110456,0.974877671789991,0.9857334151368901,776415,8776,11232,589647,3886,4648
milton,milton_s041,single,land,0.002764968522066933,0.010227673922121648,3684744,0.9492865683539259,0.9615600330165718,357264,8422,10664,181731,3389,3876
milton,milton_s041,rollout,active,0.0826039738656733,0.2573195268393506,4110456,0.6696822993172132,0.7378587515565703,619576,137532,168071,523209,114796,71086
milton,milton_s041,rollout,land,0.04775436909592634,0.18082333433888093,3684744,0.40233188504006057,0.4120258078701636,201866,133812,166062,119930,105467,65677
milton,milton_s041,persistence,active,0.025314287666623848,0.09452001804008996,4110456,0.9564075675984979,0.9368342533681108,768857,16254,18790,573959,18363,20336
milton,milton_s041,persistence,land,0.007129833532024205,0.03755855916122697,3684744,0.9187374445467481,0.8524455446040679,351237,14376,16691,170120,13960,15487
milton,milton_s046,single,active,0.005715413345411069,0.01864033551257269,4110456,0.9742855807910007,0.9854849779569527,875797,8922,14193,637526,4279,5111
milton,milton_s046,single,land,0.003275322413002097,0.010792054048173046,3684744,0.9538321274482805,0.9664321835420498,457187,8582,13547,230669,3807,4205
milton,milton_s046,rollout,active,0.09156280349430818,0.2933022842991261,4110456,0.6766091460650314,0.7324126182899364,701461,146740,188529,560656,122855,81981
milton,milton_s046,rollout,land,0.060051975456096814,0.2350013098536673,3684744,0.4633973686137623,0.4528307795675965,284760,143771,185974,159055,116372,75819
milton,milton_s046,persistence,active,0.025956835369968685,0.09548852713985573,4110456,0.9583115701040448,0.9406055454385954,869662,17504,20328,621887,18519,20750
milton,milton_s046,persistence,land,0.007325121967428402,0.036207873603132955,3684744,0.9312312429677199,0.8815996333034454,452719,15417,18015,219260,13833,15614
milton,milton_s049,single,active,0.005742585855285885,0.018515804121547855,4110456,0.974222676435195,0.9852321160097288,880822,8984,14322,642861,4345,5291
milton,milton_s049,single,land,0.003335345027531085,0.011018091667826415,3684744,0.9537767383822066,0.9658316785686388,461668,8641,13733,234926,3853,4458
milton,milton_s049,rollout,active,0.09544423112666818,0.3102463835069275,4110456,0.675239975026062,0.7273184014727314,710553,157153,184591,568923,134068,79229
milton,milton_s049,rollout,land,0.06383610876359389,0.2575911640739733,3684744,0.4653422881905173,0.45214049415335567,292946,154127,182455,165648,126980,73736
milton,milton_s049,persistence,active,0.025740379002353996,0.09455555317422328,4110456,0.9586136237871126,0.9409438071467998,874826,17451,20318,627331,18552,20821
milton,milton_s049,persistence,land,0.007613605055568311,0.0378324212530945,3684744,0.9311263457613863,0.8810836606875226,457170,15585,18231,223397,14164,15987
milton,milton_s059,single,active,0.004612460139002826,0.017179772472662322,4110456,0.9792714121901738,0.9870934676921633,655018,7543,6322,546986,3294,3858
milton,milton_s059,single,land,0.002034316242949985,0.009357006634866835,3684744,0.9471215369027003,0.9578844339290492,234620,7230,5869,136033,2819,3162
milton,milton_s059,rollout,active,0.0762999287670273,0.25847435898616306,4110456,0.7327860549007981,0.7628524391094775,593161,148120,68179,513878,122783,36966
milton,milton_s059,rollout,land,0.04015966746943614,0.17770044376024224,3684744,0.45179744918335485,0.4227689574251471,174214,145113,66275,107552,115204,31643
milton,milton_s059,persistence,active,0.02478181556985405,0.0937843810240504,4110456,0.9557556843249133,0.9363398773330048,645569,14114,15771,532033,17361,18811
milton,milton_s059,persistence,land,0.006790427850957895,0.03793974607098613,3684744,0.8945559282657911,0.8149408438906921,226413,12612,14076,124536,13621,14659
milton,milton_s063,single,active,0.004697283357977801,0.017789331237344497,4110456,0.9800505058016235,0.9881757571750478,658984,6970,6444,552996,2845,3772
milton,milton_s063,single,land,0.002097847968500322,0.009815201674732403,3684744,0.9491883446854811,0.9622286205531979,238158,6696,6053,141030,2396,3140
milton,milton_s063,rollout,active,0.07400763443277339,0.25635631724163016,4110456,0.7480679053320668,0.7768471334239339,596160,131505,69268,518467,110631,38301
milton,milton_s063,rollout,land,0.03947399398709924,0.18611049096124857,3684744,0.4736716625815352,0.44787466279644766,176824,129094,67387,111403,104567,32767
milton,milton_s063,persistence,active,0.024574328325738068,0.09289264640678661,4110456,0.9567235569243634,0.9371755475190056,649865,13833,15563,537980,17276,18788
milton,milton_s063,persistence,land,0.007069743600233829,0.039256152768846926,3684744,0.8963610090867663,0.8182819522694182,230138,12536,14073,129264,13800,14906
milton,milton_s068,single,active,0.005385895939830033,0.017996199359941976,4110456,0.975286457206107,0.986240820692084,788602,8627,11356,604897,4057,4382
milton,milton_s068,single,land,0.002898839232454141,0.01062684956716974,3684744,0.9503925748886285,0.9638473998549126,368222,8355,10865,193982,3655,3621
milton,milton_s068,rollout,active,0.08427334461188735,0.2620102658729567,4110456,0.6758595052733317,0.7413641925941629,636342,141572,163616,538587,117202,70692
milton,milton_s068,rollout,land,0.049586747071166955,0.18627695542377334,3684744,0.4197699239841207,0.42966472303207,217296,138568,161791,132048,109725,65555
milton,milton_s068,persistence,active,0.02539008521803907,0.09391335010355635,4110456,0.9589735728738733,0.941216922352791,781995,15492,17963,589903,17466,19376
milton,milton_s068,persistence,land,0.007468611625393786,0.0383274105928961,3684744,0.923008039076015,0.8629481016012416,362816,13993,16271,182372,13733,15231
dorian,dorian_s005,single,active,0.003971493293566456,0.016898985248669472,4110456,0.9838368636759294,0.9858327025139373,550440,3324,5719,471439,3306,3469
dorian,dorian_s005,single,land,0.0011499546709944435,0.0077010172800980395,3684744,0.9533553340784487,0.9507795226486763,144154,2341,4712,83854,2073,2268
dorian,dorian_s005,rollout,active,0.08117238087453071,0.3086274506616458,4110456,0.8143927346987222,0.7834709793302675,535179,100992,20980,463228,116343,11680
dorian,dorian_s005,rollout,land,0.029493640704754524,0.17525927373534667,3684744,0.548544936226477,0.43258279623894424,130269,88615,18597,77521,93083,8601
dorian,dorian_s005,persistence,active,0.02965365947233105,0.1184538359128785,4110456,0.9317038676644075,0.9101021662298268,536258,19408,19901,452440,22223,22468
dorian,dorian_s005,persistence,land,0.005499261575227479,0.036203087948181875,3684744,0.8246734112562617,0.7256887356137467,134336,14030,14530,72386,13626,13736
dorian,dorian_s006,single,active,0.00396753378381255,0.016868027873201276,4110456,0.9839077750516944,0.9860204077363645,551010,3330,5682,471371,3233,3450
dorian,dorian_s006,single,land,0.0011656748417003325,0.007722396731439486,3684744,0.9536805752361117,0.9517120680054095,144701,2347,4681,83744,1995,2254
dorian,dorian_s006,rollout,active,0.0788617491587308,0.29433682988088883,4110456,0.8217324681944781,0.7903203810342064,535196,94610,21496,463613,111793,11208
dorian,dorian_s006,rollout,land,0.02792766946631842,0.16454037253253323,3684744,0.5611643442251307,0.4444635596767996,129955,82199,19427,77506,88383,8492
dorian,dorian_s006,persistence,active,0.029659082000269555,0.11847081188594297,4110456,0.9317457507082153,0.9101744601313029,536775,19404,19917,452374,22198,22447
dorian,dorian_s006,persistence,land,0.005508603302902454,0.03620303456656272,3684744,0.8251493194947616,0.7255323207276305,134836,14026,14546,72271,13613,13727
dorian,dorian_s024,single,active,0.004917890249737498,0.017731080002707234,4110456,0.9727306975836894,0.9853840191616208,653248,6271,12042,507255,3584,3940
dorian,dorian_s024,single,land,0.0022616304679171743,0.0096259132263496,3684744,0.9379193419016882,0.9585939635626879,246730,5321,11010,119228,2411,2739
dorian,dorian_s024,rollout,active,0.08711479486704152,0.2945757877342416,4110456,0.7301760878586286,0.7594771366461996,559550,101032,105740,477942,118109,33253
dorian,dorian_s024,rollout,land,0.03767657434274946,0.16870606105116834,3684744,0.44462821845052536,0.4212138264407155,154037,88700,103703,91320,94835,30647
dorian,dorian_s024,persistence,active,0.03049248824218043,0.11860344151017375,4110456,0.9366065327021235,0.9152325056094895,642794,21011,22496,488250,22276,22945
dorian,dorian_s024,persistence,land,0.006463904149447018,0.03678560993443667,3684744,0.8797447290946661,0.7931397755987594,240553,15695,17187,107660,13772,14307
dorian,dorian_s037,single,active,0.004415043914835726,0.01709171295271161,4110456,0.9791972298217094,0.9850640614410657,592712,4556,8036,489830,3668,3759
dorian,dorian_s037,single,land,0.001644832085010519,0.008619039962887463,3684744,0.9455955769260249,0.9512139257901969,185054,3593,7054,99672,2537,2575
dorian,dorian_s037,rollout,active,0.07928325804971517,0.2867774877333392,4110456,0.7913884903007026,0.7868482552985736,552625,97550,48123,478436,114452,15153
dorian,dorian_s037,rollout,land,0.03215256439796089,0.1725201054776924,3684744,0.5238671391121482,0.45835240627684143,145480,85596,46628,89117,92182,13130
dorian,dorian_s037,persistence,active,0.030276683794328414,0.11843615745859704,4110456,0.9360483301463641,0.9145499940830814,580569,19486,20179,471424,21882,22165
dorian,dorian_s037,persistence,land,0.006073683477061093,0.036860961259276875,3684744,0.8560013938159098,0.7612520581719123,176873,14519,15235,88306,13754,13941
dorian,dorian_s041,single,active,0.004425981151787052,0.017338385491157307,4110456,0.9797188950670395,0.9847742292404553,593258,4320,7961,491295,3793,3803
dorian,dorian_s041,single,land,0.001640965980480937,0.008620248480212096,3684744,0.9467644816878207,0.9502197438684372,185065,3398,7008,100538,2659,2608
dorian,dorian_s041,rollout,active,0.08235523321500096,0.292551991321229,4110456,0.7866958784369825,0.7775971824984343,558724,108997,42495,481765,124458,13333
dorian,dorian_s041,rollout,land,0.034121078017903005,0.1791341409843463,3684744,0.5222241800460895,0.4475960296847819,151151,97364,40922,91857,102077,11289
dorian,dorian_s041,persistence,active,0.03019322476022125,0.1182351025233911,4110456,0.9358085904275883,0.9144765724872984,580935,19565,20284,472842,21965,22256
dorian,dorian_s041,persistence,land,0.00620256634941939,0.037608749295290275,3684744,0.8542542232711551,0.7599204146635129,176635,14698,15438,88992,13961,14154
dorian,dorian_s046,single,active,0.004837820533171989,0.017445757756419232,4110456,0.9756574700299852,0.9852939473592793,646857,5450,10689,510534,3716,3904
dorian,dorian_s046,single,land,0.0021225764609172984,0.009354800416619433,3684744,0.9439012934317978,0.9578106457034081,239144,4518,9695,120256,2603,2694
dorian,dorian_s046,rollout,active,0.08548912365197438,0.29299494164141027,4110456,0.7450347230002148,0.7663525477049457,565272,101173,92274,486230,120035,28208
dorian,dorian_s046,rollout,land,0.03808352255950481,0.17993883628377277,3684744,0.4676909052702611,0.438795522022172,158022,89038,90817,96657,97328,26293
dorian,dorian_s046,persistence,active,0.030653284346675892,0.1184945158120361,4110456,0.9386578650723859,0.917493921448709,636181,20210,21365,492063,21874,22375
dorian,dorian_s046,persistence,land,0.006501459230444503,0.03713094717632197,3684744,0.8799697084437713,0.7954990930899304,232400,15261,16439,108767,13778,14183
dorian,dorian_s049,single,active,0.004859309177011018,0.017823478155392078,4110456,0.9756797120088465,0.985338054770464,649389,5462,10725,512832,3738,3893
dorian,dorian_s049,single,land,0.0021339807735795214,0.009365275662988141,3684744,0.9438958619529015,0.9583032150601841,241172,4569,9766,121969,2614,2693
dorian,dorian_s049,rollout,active,0.08602082408861693,0.29080509961842815,4110456,0.7449254019317927,0.7649652950275273,567546,101769,92568,488119,121368,28606
dorian,dorian_s049,rollout,land,0.0385326082015467,0.17908324582935214,3684744,0.46853155058566076,0.4377864508736752,159721,89959,91217,97812,98762,26850
dorian,dorian_s049,persistence,active,0.030563693845646323,0.11832035219070222,4110456,0.9386737684341719,0.917600451484031,638668,20280,21446,494282,21943,22443
dorian,dorian_s049,persistence,land,0.006623975056001177,0.03784891969949455,3684744,0.8796890016818837,0.7954802830413238,234321,15430,16617,110283,13975,14379
dorian,dorian_s059,single,active,0.00422955991303033,0.01758146143206585,4110456,0.9843389568880037,0.9857094788115734,568817,3029,6021,492147,3344,3791
dorian,dorian_s059,single,land,0.0012806543143244822,0.00815131676704689,3684744,0.9566773347103716,0.9535909362876609,159326,2146,5069,98813,2212,2597
dorian,dorian_s059,rollout,active,0.0790478066788697,0.28675416976903095,4110456,0.8189221049908426,0.7891293382659424,557134,105488,17704,486559,120639,9379
dorian,dorian_s059,rollout,land,0.03115459182849609,0.17311398539981526,3684744,0.5715416974084218,0.46718306351183064,147959,94482,16436,93787,99340,7623
dorian,dorian_s059,persistence,active,0.030103077371464382,0.11784647057630711,4110456,0.9368236400341066,0.9162976102145551,555943,18596,18895,474217,21598,21721
dorian,dorian_s059,persistence,land,0.006217771569578511,0.038597502011099974,3684744,0.8395817464940185,0.7551921462025262,149909,14157,14486,87233,14101,14177
dorian,dorian_s063,single,active,0.004218811789829401,0.017533179396767386,4110456,0.9844171891052833,0.9860241482624374,572034,3121,5934,494640,3240,3771
dorian,dorian_s063,single,land,0.0013169485218138628,0.00823245806098605,3684744,0.957089783647457,0.9548193056860123,162042,2253,5012,100637,2152,2610
dorian,dorian_s063,rollout,active,0.07859836597204788,0.28370922294348705,4110456,0.8261588620952629,0.793942626856642,558989,98644,18979,488185,116476,10226
dorian,dorian_s063,rollout,land,0.03069613689580606,0.1686195293608965,3684744,0.5849541874296736,0.4762609260125904,149199,88007,17855,94644,95476,8603
dorian,dorian_s063,persistence,active,0.029996084604116915,0.11752367645118267,4110456,0.937025427848271,0.9164772661721102,559020,18622,18948,476625,21651,21786
dorian,dorian_s063,persistence,land,0.006356512445301492,0.03927459248287082,3684744,0.8405243247416426,0.7559720284479532,152419,14284,14635,88863,14301,14384
dorian,dorian_s068,single,active,0.004583062929179877,0.01772502000555433,4110456,0.9799633092037902,0.9849222229647655,602014,4058,8251,501091,3667,4004
dorian,dorian_s068,single,land,0.0017168313414378312,0.008872828431066461,3684744,0.948286822354837,0.9524736874717843,192433,3178,7316,107600,2560,2809
dorian,dorian_s068,rollout,active,0.08199697004419948,0.2844219547015539,4110456,0.78980289677796,0.7795584260013373,568200,109155,42065,491984,126011,13111
dorian,dorian_s068,rollout,land,0.0344487148394841,0.1728342824122427,3684744,0.5335918483826023,0.46050256772849063,158933,98106,40816,98997,104567,11412
dorian,dorian_s068,persistence,active,0.03040085075110888,0.11788033112494253,4110456,0.9382867874523936,0.9174523376480371,590538,19114,19727,483246,21631,21849
dorian,dorian_s068,persistence,land,0.006558961953157397,0.03879438533387371,3684744,0.859932104119452,0.7712549469780285,184409,14697,15340,96076,14162,14333
beryl,beryl_s005,single,active,0.005473577722429093,0.02012251490347086,4110456,0.9658038898604138,0.9785122840204418,616349,8142,13681,459344,5886,4201
beryl,beryl_s005,single,land,0.002419868701784303,0.010045500212872023,3684744,0.9255512897269823,0.9337208937589527,221067,5629,12153,89302,3389,2950
beryl,beryl_s005,rollout,active,0.08969378184561519,0.3243710418355051,4110456,0.6572847246913768,0.700524071538817,475090,92777,154940,401677,109850,61868
beryl,beryl_s005,rollout,land,0.0353308593147855,0.1751111282426353,3684744,0.27101393667041696,0.21354093113025469,83346,74314,149874,36290,77692,55962
beryl,beryl_s005,persistence,active,0.024945979609683207,0.10224449400396661,4110456,0.9337619658632499,0.9181810075421537,606921,19944,23109,442768,18678,20777
beryl,beryl_s005,persistence,land,0.004235691666266367,0.02535929889221447,3684744,0.8803414644037553,0.8096372913535321,217079,13365,16141,81877,8876,10375
beryl,beryl_s006,single,active,0.005365437918414648,0.020047802761563607,4110456,0.9662308376572873,0.9787419711402758,605018,8154,12991,454241,5838,4028
beryl,beryl_s006,single,land,0.0022762703820977796,0.00976468871682388,3684744,0.9244530788817522,0.9316186390074529,209849,5661,11488,84250,3392,2792
beryl,beryl_s006,rollout,active,0.0762672757596724,0.28977173215219404,4110456,0.6836214153391215,0.7374822916647576,473455,74560,144554,402405,87378,55864
beryl,beryl_s006,rollout,land,0.029400013525362957,0.17023970085780854,3684744,0.294154900852291,0.2539242592428648,82211,58145,139126,37287,59801,49755
beryl,beryl_s006,persistence,active,0.024853813740494973,0.10219942402224041,4110456,0.933046863119808,0.9172812847229501,595171,19870,22838,437534,18721,20735
beryl,beryl_s006,persistence,land,0.004103088852644851,0.025261383195833546,3684744,0.8760417243922297,0.7998540678584458,205508,13250,15829,76734,8893,10308
beryl,beryl_s024,single,active,0.0064047857083861254,0.021146802672316892,4110456,0.9591241502906874,0.9767352948204462,736944,8881,22526,531386,5797,6860
beryl,beryl_s024,single,land,0.003520764858427071,0.012335353177268128,3684744,0.9251283359199488,0.9461312438785504,340969,6662,20933,160356,3547,5583
beryl,beryl_s024,rollout,active,0.09162172335624076,0.31284074011812946,4110456,0.6485207058815223,0.687697012541401,551133,90361,208337,438728,99721,99518
beryl,beryl_s024,rollout,land,0.0470580563059469,0.20490802546577405,3684744,0.36484046030824374,0.30476420274902655,159598,75544,202304,73258,74437,92681
beryl,beryl_s024,persistence,active,0.025977616975464524,0.10237109244022116,4110456,0.9349415811598443,0.9244858191309523,731948,23411,27522,515705,19583,22541
beryl,beryl_s024,persistence,land,0.00540849670458789,0.02677450451389676,3684744,0.9005719534307968,0.8743814063548765,341206,16975,20696,153718,9863,12221
beryl,beryl_s037,single,active,0.006183724088337158,0.020430551361740084,4110456,0.9643661025266291,0.9782087131116393,723209,8619,18104,517401,5744,5782
beryl,beryl_s037,single,land,0.003267409719474406,0.011583582997489041,3684744,0.9332202640769789,0.9455827726149088,325189,6645,16625,143061,3678,4555
beryl,beryl_s037,rollout,active,0.07930871143007004,0.26751334662590265,4110456,0.6768868524111883,0.7252222373957093,559139,84732,182174,446090,91925,77093
beryl,beryl_s037,rollout,land,0.03820218327921831,0.15456331025254677,3684744,0.3999941857788997,0.3548434772166748,165110,70967,176704,76830,68902,70786
beryl,beryl_s037,persistence,active,0.02603214255608137,0.10205113225846953,4110456,0.9378067367080214,0.9237958329877717,715615,21760,25698,501247,19412,21936
beryl,beryl_s037,persistence,land,0.005268554719303431,0.02645199295009958,3684744,0.9027194896760115,0.8603170173224152,322650,15606,19164,135635,10041,11981
beryl,beryl_s041,single,active,0.006109682253775494,0.02057835944033842,4110456,0.9633660625778064,0.9780650132840565,706524,7996,18871,510235,5890,5553
beryl,beryl_s041,single,land,0.0032284340852444565,0.011642763825097166,3684744,0.9295020982056724,0.9439114493832486,308327,5953,17432,135675,3676,4386
beryl,beryl_s041,rollout,active,0.09435477627056463,0.31991438985032533,4110456,0.6471153740577035,0.6899885119556921,530423,94278,194972,433043,111821,82745
beryl,beryl_s041,rollout,land,0.045508003744629204,0.19951100099942717,3684744,0.33533117724436007,0.2799281972704272,135620,78677,190139,62845,84443,77216
beryl,beryl_s041,persistence,active,0.02591133783271248,0.10243380315769798,4110456,0.9368772943548495,0.9228930747094218,699793,21547,25602,493877,19352,21911
beryl,beryl_s041,persistence,land,0.005304586415976253,0.027198924332415445,3684744,0.8983994514414314,0.8527143142609738,306586,15499,19173,128018,10069,12043
beryl,beryl_s046,single,active,0.006592502963022838,0.02084458378926827,4110456,0.9608987470452068,0.97743848953041,784545,9436,22489,562726,5686,7303
beryl,beryl_s046,single,land,0.003759945208371328,0.012563319266516026,3684744,0.9311807677558925,0.9506892170312287,386102,7571,20964,187802,3710,6031
beryl,beryl_s046,rollout,active,0.08428026294406266,0.2734653673686794,4110456,0.6776273193316068,0.7093666023409743,611209,94950,195825,471987,95335,98042
beryl,beryl_s046,rollout,land,0.046825221270460037,0.18881643097619313,3684744,0.44289580292940567,0.38134864881023556,216685,82180,190381,102055,73783,91778
beryl,beryl_s046,persistence,active,0.0265120847449772,0.10208737147951587,4110456,0.9377197533345932,0.9274840993232889,779021,23727,28013,547134,19883,22895
beryl,beryl_s046,persistence,land,0.005842025168505601,0.02719150998527992,3684744,0.9076080558655535,0.8844863177873656,385492,17668,21574,180812,10593,13021
beryl,beryl_s049,single,active,0.006541525878606899,0.021133192208011208,4110456,0.9609594362302794,0.9776259224948215,785445,9486,22424,563529,5752,7145
beryl,beryl_s049,single,land,0.003764865729138849,0.01254371226211316,3684744,0.9312729250705202,0.9513408762881396,386929,7599,20956,188512,3720,5922
beryl,beryl_s049,rollout,active,0.08577942751363839,0.27181087733759945,4110456,0.6760350288554838,0.7058174247545662,611713,96985,196156,471918,97938,98756
beryl,beryl_s049,rollout,land,0.04796294023411125,0.19144228174870723,3684744,0.4406107310573439,0.3749769193840245,216925,84443,190960,101540,76356,92894
beryl,beryl_s049,persistence,active,0.026499831314335927,0.1025309779619691,4110456,0.9376727005129611,0.9274848454062108,779808,23773,28061,547754,19906,22920
beryl,beryl_s049,persistence,land,0.005939079697599073,0.027982828908686915,3684744,0.9073129131838237,0.8840389640781622,386205,17773,21680,181327,10678,13107
beryl,beryl_s059,single,active,0.0054827644692888085,0.019736775568930134,4110456,0.969217246385422,0.9806153288077979,636232,7213,12994,481185,5466,4046
beryl,beryl_s059,single,land,0.0024712566849114893,0.010103612869709466,3684744,0.9331627253052778,0.9424221163220863,236288,5202,11722,103428,3356,2963
beryl,beryl_s059,rollout,active,0.08067743882917126,0.286143219702095,4110456,0.6869308643231419,0.7365798234587172,499611,78083,149615,426574,93897,58657
beryl,beryl_s059,rollout,land,0.03190953742308828,0.14610910408878505,3684744,0.3292325585878513,0.3021280503202406,102471,63232,145539,52644,67853,53747
beryl,beryl_s059,persistence,active,0.025521354869143472,0.10226588370299156,4110456,0.9372783631591148,0.9201597439654814,626669,19379,22557,464043,19076,21188
beryl,beryl_s059,persistence,land,0.004807267691120469,0.02746465908403961,3684744,0.8854005000038226,0.8112958405857992,231619,13588,16391,94619,10236,11772
beryl,beryl_s063,single,active,0.005370838588985018,0.020122279667806272,4110456,0.9693899343815773,0.9809085884642016,626381,7327,12452,477419,5361,3931
beryl,beryl_s063,single,land,0.0023517857728040264,0.00992241445242198,3684744,0.9316729261382355,0.9419111928832913,226240,5332,11260,99317,3264,2861
beryl,beryl_s063,rollout,active,0.06914058774744214,0.25224371948866653,4110456,0.7084115640150835,0.7703202473524536,493143,57292,145690,424287,69443,57063
beryl,beryl_s063,rollout,land,0.026752235874459664,0.12765136408385247,3684744,0.3417140837603817,0.3361711402303709,96688,45450,140812,50899,49230,51279
beryl,beryl_s063,persistence,active,0.025293775952108476,0.10172896336636021,4110456,0.9367534042184655,0.9194977651588565,616528,19321,22305,460193,19133,21157
beryl,beryl_s063,persistence,land,0.004795550777238527,0.028261786540292013,3684744,0.8812338963071519,0.8024890957706692,221284,13607,16216,90337,10393,11841
beryl,beryl_s068,single,active,0.006136328761334509,0.0204075820085894,4110456,0.9648517873240063,0.9794142124217325,716058,7669,18416,521351,5444,5514
beryl,beryl_s068,single,land,0.0032539245348523534,0.011672997687676179,3684744,0.9324045453337703,0.9482392198144874,315825,5810,17086,143223,3433,4385
beryl,beryl_s068,rollout,active,0.08575702276097834,0.28619224091724355,4110456,0.66861183094209,0.7151643129685897,550083,88250,184391,449086,101083,77779
beryl,beryl_s068,rollout,land,0.042592040485037765,0.1807043334310675,3684744,0.37470721978851224,0.33186706199938043,152939,75245,179972,74992,78362,72616
beryl,beryl_s068,persistence,active,0.02618635674180675,0.10238818846895084,4110456,0.938597582440269,0.9240857821692287,709240,21164,25234,504841,19449,22024
beryl,beryl_s068,persistence,land,0.005583055663941647,0.028191834793350103,3684744,0.9005993489830012,0.8524857375713122,313749,15467,19162,134934,10675,12674
