hour_end_utc,n_records,n_valid,n_expected,coverage,water_level_m_navd88_hourly_mean,hourly_min,hourly_max,official_est_frac,water_level_m_navd88_filled,interp,unfillable,partial,obs_frac,source_class,station,datum,units,segment
2012-05-22 01:00:00+00:00,10,10,10,1.0,0.6386000000000001,0.539,0.72,0.0,0.6386000000000001,False,False,False,1.0,obs,8720218,NAVD88,m,spinup
2012-05-22 02:00:00+00:00,10,10,10,1.0,0.7817000000000001,0.734,0.809,0.0,0.7817000000000001,False,False,False,1.0,obs,8720218,NAVD88,m,spinup
2012-05-22 03:00:00+00:00,10,10,10,1.0,0.7899,0.745,0.813,0.0,0.7899,False,False,False,1.0,obs,8720218,NAVD88,m,spinup
2012-05-22 04:00:00+00:00,10,10,10,1.0,0.6353,0.51,0.737,0.0,0.6353,False,False,False,1.0,obs,8720218,NAVD88,m,spinup
2012-05-22 05:00:00+00:00,10,10,10,1.0,0.299,0.121,0.481,0.0,0.299,False,False,False,1.0,obs,8720218,NAVD88,m,spinup
2012-05-22 06:00:00+00:00,10,10,10,1.0,-0.0923,-0.253,0.067,0.0,-0.0923,False,False,False,1.0,obs,8720218,NAVD88,m,spinup
2012-05-22 07:00:00+00:00,10,10,10,1.0,-0.4093999999999999,-0.52,-0.285,0.0,-0.4093999999999999,False,False,False,1.0,obs,8720218,NAVD88,m,spinup
2012-05-22 08:00:00+00:00,10,10,10,1.0,-0.5971,-0.639,-0.546,0.0,-0.5971,False,False,False,1.0,obs,8720218,NAVD88,m,spinup
2012-05-22 09:00:00+00:00,10,10,10,1.0,-0.6232,-0.641,-0.592,0.0,-0.6232,False,False,False,1.0,obs,8720218,NAVD88,m,spinup
2012-05-22 10:00:00+00:00,10,10,10,1.0,-0.5035999999999999,-0.573,-0.406,0.0,-0.5035999999999999,False,False,False,1.0,obs,8720218,NAVD88,m,spinup
2012-05-22 11:00:00+00:00,10,10,10,1.0,-0.2815,-0.38,-0.166,0.0,-0.2815,False,False,False,1.0,obs,8720218,NAVD88,m,spinup
2012-05-22 12:00:00+00:00,10,10,10,1.0,-0.0051999999999999,-0.123,0.119,0.0,-0.0051999999999999,False,False,False,1.0,obs,8720218,NAVD88,m,spinup
2012-05-22 13:00:00+00:00,10,10,10,1.0,0.2406,0.145,0.337,0.0,0.2406,False,False,False,1.0,obs,8720218,NAVD88,m,spinup
2012-05-22 14:00:00+00:00,10,10,10,1.0,0.4044,0.345,0.452,0.0,0.4044,False,False,False,1.0,obs,8720218,NAVD88,m,spinup
2012-05-22 15:00:00+00:00,10,10,10,1.0,0.4472,0.429,0.458,0.0,0.4472,False,False,False,1.0,obs,8720218,NAVD88,m,spinup
2012-05-22 16:00:00+00:00,10,10,10,1.0,0.3285,0.232,0.41,0.0,0.3285,False,False,False,1.0,obs,8720218,NAVD88,m,spinup
2012-05-22 17:00:00+00:00,10,10,10,1.0,0.0399,-0.132,0.19,0.0,0.0399,False,False,False,1.0,obs,8720218,NAVD88,m,spinup
2012-05-22 18:00:00+00:00,10,10,10,1.0,-0.3268999999999999,-0.453,-0.175,0.0,-0.3268999999999999,False,False,False,1.0,obs,8720218,NAVD88,m,spinup
2012-05-22 19:00:00+00:00,10,10,10,1.0,-0.5863,-0.675,-0.5,0.0,-0.5863,False,False,False,1.0,obs,8720218,NAVD88,m,spinup
2012-05-22 20:00:00+00:00,10,10,10,1.0,-0.7196,-0.744,-0.688,0.0,-0.7196,False,False,False,1.0,obs,8720218,NAVD88,m,spinup
2012-05-22 21:00:00+00:00,10,10,10,1.0,-0.7232000000000001,-0.757,-0.676,0.0,-0.7232000000000001,False,False,False,1.0,obs,8720218,NAVD88,m,spinup
2012-05-22 22:00:00+00:00,10,10,10,1.0,-0.5725999999999999,-0.662,-0.455,0.0,-0.5725999999999999,False,False,False,1.0,obs,8720218,NAVD88,m,spinup
2012-05-22 23:00:00+00:00,10,10,10,1.0,-0.2735,-0.424,-0.108,0.0,-0.2735,False,False,False,1.0,obs,8720218,NAVD88,m,spinup
2012-05-23 00:00:00+00:00,10,10,10,1.0,0.0742,-0.066,0.226,0.0,0.0742,False,False,False,1.0,obs,8720218,NAVD88,m,spinup
2012-05-23 01:00:00+00:00,10,10,10,1.0,0.3783999999999999,0.245,0.503,0.0,0.3783999999999999,False,False,False,1.0,obs,8720218,NAVD88,m,spinup
2012-05-23 02:00:00+00:00,10,10,10,1.0,0.6005999999999999,0.512,0.673,0.0,0.6005999999999999,False,False,False,1.0,obs,8720218,NAVD88,m,spinup
2012-05-23 03:00:00+00:00,10,10,10,1.0,0.6607999999999999,0.646,0.674,0.0,0.6607999999999999,False,False,False,1.0,obs,8720218,NAVD88,m,spinup
2012-05-23 04:00:00+00:00,10,10,10,1.0,0.5921,0.527,0.63,0.0,0.5921,False,False,False,1.0,obs,8720218,NAVD88,m,spinup
2012-05-23 05:00:00+00:00,10,10,10,1.0,0.4015000000000001,0.267,0.516,0.0,0.4015000000000001,False,False,False,1.0,obs,8720218,NAVD88,m,spinup
2012-05-23 06:00:00+00:00,10,10,10,1.0,0.0385,-0.151,0.23,0.0,0.0385,False,False,False,1.0,obs,8720218,NAVD88,m,spinup
2012-05-23 07:00:00+00:00,10,10,10,1.0,-0.3411,-0.489,-0.184,0.0,-0.3411,False,False,False,1.0,obs,8720218,NAVD88,m,spinup
2012-05-23 08:00:00+00:00,10,10,10,1.0,-0.6119,-0.669,-0.529,0.0,-0.6119,False,False,False,1.0,obs,8720218,NAVD88,m,spinup
2012-05-23 09:00:00+00:00,10,10,10,1.0,-0.7209999999999999,-0.746,-0.687,0.0,-0.7209999999999999,False,False,False,1.0,obs,8720218,NAVD88,m,spinup
2012-05-23 10:00:00+00:00,10,10,10,1.0,-0.6896000000000001,-0.735,-0.624,0.0,-0.6896000000000001,False,False,False,1.0,obs,8720218,NAVD88,m,spinup
2012-05-23 11:00:00+00:00,10,10,10,1.0,-0.5003,-0.627,-0.371,0.0,-0.5003,False,False,False,1.0,obs,8720218,NAVD88,m,spinup
2012-05-23 12:00:00+00:00,10,10,10,1.0,-0.2586,-0.354,-0.128,0.0,-0.2586,False,False,False,1.0,obs,8720218,NAVD88,m,spinup
2012-05-23 13:00:00+00:00,10,10,10,1.0,0.0523,-0.071,0.195,0.0,0.0523,False,False,False,1.0,obs,8720218,NAVD88,m,spinup
2012-05-23 14:00:00+00:00,10,10,10,1.0,0.2413999999999999,0.093,0.3,0.0,0.2413999999999999,False,False,False,1.0,obs,8720218,NAVD88,m,spinup
2012-05-23 15:00:00+00:00,10,10,10,1.0,0.3794,0.332,0.425,0.0,0.3794,False,False,False,1.0,obs,8720218,NAVD88,m,spinup
2012-05-23 16:00:00+00:00,10,10,10,1.0,0.3844,0.343,0.408,0.0,0.3844,False,False,False,1.0,obs,8720218,NAVD88,m,spinup
2012-05-23 17:00:00+00:00,10,10,10,1.0,0.2163,0.111,0.32,0.0,0.2163,False,False,False,1.0,obs,8720218,NAVD88,m,spinup
2012-05-23 18:00:00+00:00,10,10,10,1.0,-0.0866999999999999,-0.211,0.046,0.0,-0.0866999999999999,False,False,False,1.0,obs,8720218,NAVD88,m,spinup
2012-05-23 19:00:00+00:00,10,10,10,1.0,-0.3854999999999999,-0.513,-0.23,0.0,-0.3854999999999999,False,False,False,1.0,obs,8720218,NAVD88,m,spinup
2012-05-23 20:00:00+00:00,10,10,10,1.0,-0.6025,-0.669,-0.535,0.0,-0.6025,False,False,False,1.0,obs,8720218,NAVD88,m,spinup
2012-05-23 21:00:00+00:00,10,10,10,1.0,-0.718,-0.745,-0.691,0.0,-0.718,False,False,False,1.0,obs,8720218,NAVD88,m,spinup
2012-05-23 22:00:00+00:00,10,10,10,1.0,-0.6541,-0.725,-0.593,0.0,-0.6541,False,False,False,1.0,obs,8720218,NAVD88,m,spinup
2012-05-23 23:00:00+00:00,10,10,10,1.0,-0.4438,-0.563,-0.334,0.0,-0.4438,False,False,False,1.0,obs,8720218,NAVD88,m,spinup
2012-05-24 00:00:00+00:00,10,10,10,1.0,-0.1506,-0.304,0.005,0.0,-0.1506,False,False,False,1.0,obs,8720218,NAVD88,m,spinup
2012-05-24 01:00:00+00:00,10,10,10,1.0,0.155,0.033,0.277,0.0,0.155,False,False,False,1.0,obs,8720218,NAVD88,m,spinup
2012-05-24 02:00:00+00:00,10,10,10,1.0,0.4196,0.308,0.532,0.0,0.4196,False,False,False,1.0,obs,8720218,NAVD88,m,spinup
2012-05-24 03:00:00+00:00,10,10,10,1.0,0.6115999999999999,0.553,0.641,0.0,0.6115999999999999,False,False,False,1.0,obs,8720218,NAVD88,m,spinup
2012-05-24 04:00:00+00:00,10,10,10,1.0,0.6424000000000001,0.614,0.665,0.0,0.6424000000000001,False,False,False,1.0,obs,8720218,NAVD88,m,spinup
2012-05-24 05:00:00+00:00,10,10,10,1.0,0.5248999999999999,0.435,0.601,0.0,0.5248999999999999,False,False,False,1.0,obs,8720218,NAVD88,m,spinup
2012-05-24 06:00:00+00:00,10,10,10,1.0,0.2492,0.08,0.411,0.0,0.2492,False,False,False,1.0,obs,8720218,NAVD88,m,spinup
2012-05-24 07:00:00+00:00,10,10,10,1.0,-0.1471,-0.306,0.037,0.0,-0.1471,False,False,False,1.0,obs,8720218,NAVD88,m,spinup
2012-05-24 08:00:00+00:00,10,10,10,1.0,-0.4481999999999999,-0.568,-0.333,0.0,-0.4481999999999999,False,False,False,1.0,obs,8720218,NAVD88,m,spinup
2012-05-24 09:00:00+00:00,10,10,10,1.0,-0.6474,-0.704,-0.579,0.0,-0.6474,False,False,False,1.0,obs,8720218,NAVD88,m,spinup
2012-05-24 10:00:00+00:00,10,10,10,1.0,-0.7085999999999999,-0.718,-0.678,0.0,-0.7085999999999999,False,False,False,1.0,obs,8720218,NAVD88,m,spinup
2012-05-24 11:00:00+00:00,10,10,10,1.0,-0.6508999999999999,-0.702,-0.576,0.0,-0.6508999999999999,False,False,False,1.0,obs,8720218,NAVD88,m,spinup
2012-05-24 12:00:00+00:00,10,10,10,1.0,-0.4462999999999999,-0.55,-0.337,0.0,-0.4462999999999999,False,False,False,1.0,obs,8720218,NAVD88,m,spinup
2012-05-24 13:00:00+00:00,10,10,10,1.0,-0.1798,-0.317,-0.052,0.0,-0.1798,False,False,False,1.0,obs,8720218,NAVD88,m,spinup
2012-05-24 14:00:00+00:00,10,10,10,1.0,0.0901999999999999,-0.02,0.198,0.0,0.0901999999999999,False,False,False,1.0,obs,8720218,NAVD88,m,spinup
2012-05-24 15:00:00+00:00,10,10,10,1.0,0.3011,0.217,0.383,0.0,0.3011,False,False,False,1.0,obs,8720218,NAVD88,m,spinup
2012-05-24 16:00:00+00:00,10,10,10,1.0,0.4121,0.393,0.423,0.0,0.4121,False,False,False,1.0,obs,8720218,NAVD88,m,spinup
2012-05-24 17:00:00+00:00,10,10,10,1.0,0.3577,0.277,0.411,0.0,0.3577,False,False,False,1.0,obs,8720218,NAVD88,m,spinup
2012-05-24 18:00:00+00:00,10,10,10,1.0,0.1321,-0.01,0.257,0.0,0.1321,False,False,False,1.0,obs,8720218,NAVD88,m,spinup
2012-05-24 19:00:00+00:00,10,10,10,1.0,-0.1877,-0.327,-0.048,0.0,-0.1877,False,False,False,1.0,obs,8720218,NAVD88,m,spinup
2012-05-24 20:00:00+00:00,10,10,10,1.0,-0.4593,-0.552,-0.356,0.0,-0.4593,False,False,False,1.0,obs,8720218,NAVD88,m,spinup
2012-05-24 21:00:00+00:00,10,10,10,1.0,-0.6380999999999999,-0.69,-0.57,0.0,-0.6380999999999999,False,False,False,1.0,obs,8720218,NAVD88,m,spinup
2012-05-24 22:00:00+00:00,10,10,10,1.0,-0.6947,-0.711,-0.687,0.0,-0.6947,False,False,False,1.0,obs,8720218,NAVD88,m,spinup
2012-05-24 23:00:00+00:00,10,10,10,1.0,-0.6131,-0.681,-0.513,0.0,-0.6131,False,False,False,1.0,obs,8720218,NAVD88,m,spinup
2012-05-25 00:00:00+00:00,10,10,10,1.0,-0.3548,-0.504,-0.215,0.0,-0.3548,False,False,False,1.0,obs,8720218,NAVD88,m,spinup
2012-05-25 01:00:00+00:00,10,10,10,1.0,-0.0246999999999999,-0.19,0.131,0.0,-0.0246999999999999,False,False,False,1.0,obs,8720218,NAVD88,m,event
2012-05-25 02:00:00+00:00,10,10,10,1.0,0.2623,0.154,0.38,0.0,0.2623,False,False,False,1.0,obs,8720218,NAVD88,m,event
2012-05-25 03:00:00+00:00,10,10,10,1.0,0.4987999999999999,0.398,0.579,0.0,0.4987999999999999,False,False,False,1.0,obs,8720218,NAVD88,m,event
2012-05-25 04:00:00+00:00,10,10,10,1.0,0.6281000000000001,0.604,0.65,0.0,0.6281000000000001,False,False,False,1.0,obs,8720218,NAVD88,m,event
2012-05-25 05:00:00+00:00,10,10,10,1.0,0.6324000000000001,0.578,0.665,0.0,0.6324000000000001,False,False,False,1.0,obs,8720218,NAVD88,m,event
2012-05-25 06:00:00+00:00,10,10,10,1.0,0.4731000000000001,0.352,0.564,0.0,0.4731000000000001,False,False,False,1.0,obs,8720218,NAVD88,m,event
2012-05-25 07:00:00+00:00,10,10,10,1.0,0.1362,-0.036,0.32,0.0,0.1362,False,False,False,1.0,obs,8720218,NAVD88,m,event
2012-05-25 08:00:00+00:00,10,10,10,1.0,-0.2357,-0.377,-0.069,0.0,-0.2357,False,False,False,1.0,obs,8720218,NAVD88,m,event
2012-05-25 09:00:00+00:00,10,10,10,1.0,-0.5095000000000001,-0.622,-0.396,0.0,-0.5095000000000001,False,False,False,1.0,obs,8720218,NAVD88,m,event
2012-05-25 10:00:00+00:00,10,10,10,1.0,-0.656,-0.682,-0.622,0.0,-0.656,False,False,False,1.0,obs,8720218,NAVD88,m,event
2012-05-25 11:00:00+00:00,10,10,10,1.0,-0.6459,-0.671,-0.602,0.0,-0.6459,False,False,False,1.0,obs,8720218,NAVD88,m,event
2012-05-25 12:00:00+00:00,10,10,10,1.0,-0.5306,-0.595,-0.449,0.0,-0.5306,False,False,False,1.0,obs,8720218,NAVD88,m,event
2012-05-25 13:00:00+00:00,10,10,10,1.0,-0.3329999999999999,-0.426,-0.242,0.0,-0.3329999999999999,False,False,False,1.0,obs,8720218,NAVD88,m,event
2012-05-25 14:00:00+00:00,10,10,10,1.0,-0.0802,-0.213,0.037,0.0,-0.0802,False,False,False,1.0,obs,8720218,NAVD88,m,event
2012-05-25 15:00:00+00:00,10,10,10,1.0,0.1856,0.078,0.283,0.0,0.1856,False,False,False,1.0,obs,8720218,NAVD88,m,event
2012-05-25 16:00:00+00:00,10,10,10,1.0,0.3754,0.311,0.428,0.0,0.3754,False,False,False,1.0,obs,8720218,NAVD88,m,event
2012-05-25 17:00:00+00:00,10,10,10,1.0,0.4332,0.418,0.441,0.0,0.4332,False,False,False,1.0,obs,8720218,NAVD88,m,event
2012-05-25 18:00:00+00:00,10,10,10,1.0,0.3452,0.256,0.411,0.0,0.3452,False,False,False,1.0,obs,8720218,NAVD88,m,event
2012-05-25 19:00:00+00:00,10,10,10,1.0,0.104,-0.045,0.237,0.0,0.104,False,False,False,1.0,obs,8720218,NAVD88,m,event
2012-05-25 20:00:00+00:00,10,10,10,1.0,-0.2121,-0.318,-0.08,0.0,-0.2121,False,False,False,1.0,obs,8720218,NAVD88,m,event
2012-05-25 21:00:00+00:00,10,10,10,1.0,-0.4519999999999999,-0.536,-0.341,0.0,-0.4519999999999999,False,False,False,1.0,obs,8720218,NAVD88,m,event
2012-05-25 22:00:00+00:00,10,10,10,1.0,-0.6158,-0.658,-0.554,0.0,-0.6158,False,False,False,1.0,obs,8720218,NAVD88,m,event
2012-05-25 23:00:00+00:00,10,10,10,1.0,-0.6615,-0.67,-0.644,0.0,-0.6615,False,False,False,1.0,obs,8720218,NAVD88,m,event
2012-05-26 00:00:00+00:00,10,10,10,1.0,-0.5431,-0.636,-0.438,0.0,-0.5431,False,False,False,1.0,obs,8720218,NAVD88,m,event
2012-05-26 01:00:00+00:00,10,10,10,1.0,-0.2612,-0.401,-0.114,0.0,-0.2612,False,False,False,1.0,obs,8720218,NAVD88,m,event
2012-05-26 02:00:00+00:00,10,10,10,1.0,0.0601,-0.079,0.185,0.0,0.0601,False,False,False,1.0,obs,8720218,NAVD88,m,event
2012-05-26 03:00:00+00:00,10,10,10,1.0,0.3378,0.228,0.446,0.0,0.3378,False,False,False,1.0,obs,8720218,NAVD88,m,event
2012-05-26 04:00:00+00:00,10,10,10,1.0,0.5468,0.463,0.607,0.0,0.5468,False,False,False,1.0,obs,8720218,NAVD88,m,event
2012-05-26 05:00:00+00:00,10,10,10,1.0,0.6338,0.612,0.649,0.0,0.6338,False,False,False,1.0,obs,8720218,NAVD88,m,event
2012-05-26 06:00:00+00:00,10,10,10,1.0,0.5981000000000001,0.537,0.648,0.0,0.5981000000000001,False,False,False,1.0,obs,8720218,NAVD88,m,event
2012-05-26 07:00:00+00:00,10,10,10,1.0,0.3982,0.263,0.52,0.0,0.3982,False,False,False,1.0,obs,8720218,NAVD88,m,event
2012-05-26 08:00:00+00:00,10,10,10,1.0,0.0553,-0.103,0.232,0.0,0.0553,False,False,False,1.0,obs,8720218,NAVD88,m,event
2012-05-26 09:00:00+00:00,10,10,10,1.0,-0.2859,-0.417,-0.14,0.0,-0.2859,False,False,False,1.0,obs,8720218,NAVD88,m,event
2012-05-26 10:00:00+00:00,10,10,10,1.0,-0.5355,-0.622,-0.438,0.0,-0.5355,False,False,False,1.0,obs,8720218,NAVD88,m,event
2012-05-26 11:00:00+00:00,10,10,10,1.0,-0.6745,-0.689,-0.639,0.0,-0.6745,False,False,False,1.0,obs,8720218,NAVD88,m,event
2012-05-26 12:00:00+00:00,10,10,10,1.0,-0.6352,-0.676,-0.582,0.0,-0.6352,False,False,False,1.0,obs,8720218,NAVD88,m,event
2012-05-26 13:00:00+00:00,10,10,10,1.0,-0.4835000000000001,-0.561,-0.393,0.0,-0.4835000000000001,False,False,False,1.0,obs,8720218,NAVD88,m,event
2012-05-26 14:00:00+00:00,10,10,10,1.0,-0.2628,-0.372,-0.155,0.0,-0.2628,False,False,False,1.0,obs,8720218,NAVD88,m,event
2012-05-26 15:00:00+00:00,10,10,10,1.0,0.0052,-0.119,0.127,0.0,0.0052,False,False,False,1.0,obs,8720218,NAVD88,m,event
2012-05-26 16:00:00+00:00,10,10,10,1.0,0.2724,0.165,0.358,0.0,0.2724,False,False,False,1.0,obs,8720218,NAVD88,m,event
2012-05-26 17:00:00+00:00,10,10,10,1.0,0.4322,0.377,0.464,0.0,0.4322,False,False,False,1.0,obs,8720218,NAVD88,m,event
2012-05-26 18:00:00+00:00,10,10,10,1.0,0.4525,0.434,0.469,0.0,0.4525,False,False,False,1.0,obs,8720218,NAVD88,m,event
2012-05-26 19:00:00+00:00,10,10,10,1.0,0.3515,0.274,0.416,0.0,0.3515,False,False,False,1.0,obs,8720218,NAVD88,m,event
2012-05-26 20:00:00+00:00,10,10,10,1.0,0.1358999999999999,0.017,0.25,0.0,0.1358999999999999,False,False,False,1.0,obs,8720218,NAVD88,m,event
2012-05-26 21:00:00+00:00,10,10,10,1.0,-0.132,-0.249,-0.009,0.0,-0.132,False,False,False,1.0,obs,8720218,NAVD88,m,event
2012-05-26 22:00:00+00:00,10,10,10,1.0,-0.353,-0.432,-0.258,0.0,-0.353,False,False,False,1.0,obs,8720218,NAVD88,m,event
2012-05-26 23:00:00+00:00,10,10,10,1.0,-0.4959999999999999,-0.528,-0.459,0.0,-0.4959999999999999,False,False,False,1.0,obs,8720218,NAVD88,m,event
2012-05-27 00:00:00+00:00,10,10,10,1.0,-0.4822000000000001,-0.521,-0.413,0.0,-0.4822000000000001,False,False,False,1.0,obs,8720218,NAVD88,m,event
2012-05-27 01:00:00+00:00,10,10,10,1.0,-0.2812,-0.388,-0.176,0.0,-0.2812,False,False,False,1.0,obs,8720218,NAVD88,m,event
2012-05-27 02:00:00+00:00,10,10,10,1.0,-0.0076,-0.147,0.121,0.0,-0.0076,False,False,False,1.0,obs,8720218,NAVD88,m,event
2012-05-27 03:00:00+00:00,10,10,10,1.0,0.3021,0.162,0.43,0.0,0.3021,False,False,False,1.0,obs,8720218,NAVD88,m,event
2012-05-27 04:00:00+00:00,10,10,10,1.0,0.5833999999999999,0.457,0.688,0.0,0.5833999999999999,False,False,False,1.0,obs,8720218,NAVD88,m,event
2012-05-27 05:00:00+00:00,10,10,10,1.0,0.7676000000000001,0.712,0.816,0.0,0.7676000000000001,False,False,False,1.0,obs,8720218,NAVD88,m,event
2012-05-27 06:00:00+00:00,10,10,10,1.0,0.8208,0.81,0.834,0.0,0.8208,False,False,False,1.0,obs,8720218,NAVD88,m,event
2012-05-27 07:00:00+00:00,10,10,10,1.0,0.7575000000000001,0.698,0.807,0.0,0.7575000000000001,False,False,False,1.0,obs,8720218,NAVD88,m,event
2012-05-27 08:00:00+00:00,10,10,10,1.0,0.5827,0.473,0.683,0.0,0.5827,False,False,False,1.0,obs,8720218,NAVD88,m,event
2012-05-27 09:00:00+00:00,10,10,10,1.0,0.3147,0.171,0.458,0.0,0.3147,False,False,False,1.0,obs,8720218,NAVD88,m,event
2012-05-27 10:00:00+00:00,10,10,10,1.0,0.022,-0.104,0.138,0.0,0.022,False,False,False,1.0,obs,8720218,NAVD88,m,event
2012-05-27 11:00:00+00:00,10,10,10,1.0,-0.1947,-0.26,-0.108,0.0,-0.1947,False,False,False,1.0,obs,8720218,NAVD88,m,event
2012-05-27 12:00:00+00:00,10,10,10,1.0,-0.2828,-0.301,-0.267,0.0,-0.2828,False,False,False,1.0,obs,8720218,NAVD88,m,event
2012-05-27 13:00:00+00:00,10,10,10,1.0,-0.2296,-0.275,-0.166,0.0,-0.2296,False,False,False,1.0,obs,8720218,NAVD88,m,event
2012-05-27 14:00:00+00:00,10,10,10,1.0,-0.0524999999999999,-0.141,0.06,0.0,-0.0524999999999999,False,False,False,1.0,obs,8720218,NAVD88,m,event
2012-05-27 15:00:00+00:00,10,10,10,1.0,0.1807,0.077,0.292,0.0,0.1807,False,False,False,1.0,obs,8720218,NAVD88,m,event
2012-05-27 16:00:00+00:00,10,10,10,1.0,0.4322,0.308,0.52,0.0,0.4322,False,False,False,1.0,obs,8720218,NAVD88,m,event
2012-05-27 17:00:00+00:00,10,10,10,1.0,0.6355999999999999,0.551,0.727,0.0,0.6355999999999999,False,False,False,1.0,obs,8720218,NAVD88,m,event
2012-05-27 18:00:00+00:00,10,10,10,1.0,0.7617,0.729,0.798,0.0,0.7617,False,False,False,1.0,obs,8720218,NAVD88,m,event
2012-05-27 19:00:00+00:00,10,10,10,1.0,0.7870999999999999,0.768,0.803,0.0,0.7870999999999999,False,False,False,1.0,obs,8720218,NAVD88,m,event
2012-05-27 20:00:00+00:00,10,10,10,1.0,0.7236,0.657,0.764,0.0,0.7236,False,False,False,1.0,obs,8720218,NAVD88,m,event
2012-05-27 21:00:00+00:00,10,10,10,1.0,0.5795,0.516,0.632,0.0,0.5795,False,False,False,1.0,obs,8720218,NAVD88,m,event
2012-05-27 22:00:00+00:00,10,10,10,1.0,0.3825999999999999,0.24,0.505,0.0,0.3825999999999999,False,False,False,1.0,obs,8720218,NAVD88,m,event
2012-05-27 23:00:00+00:00,10,10,10,1.0,0.2002999999999999,0.151,0.227,0.0,0.2002999999999999,False,False,False,1.0,obs,8720218,NAVD88,m,event
2012-05-28 00:00:00+00:00,10,10,10,1.0,0.1376,0.101,0.177,0.0,0.1376,False,False,False,1.0,obs,8720218,NAVD88,m,event
2012-05-28 01:00:00+00:00,10,10,10,1.0,0.1156,0.048,0.163,0.0,0.1156,False,False,False,1.0,obs,8720218,NAVD88,m,event
2012-05-28 02:00:00+00:00,10,10,10,1.0,0.2441,0.161,0.325,0.0,0.2441,False,False,False,1.0,obs,8720218,NAVD88,m,event
2012-05-28 03:00:00+00:00,10,10,10,1.0,0.4061,0.344,0.436,0.0,0.4061,False,False,False,1.0,obs,8720218,NAVD88,m,event
2012-05-28 04:00:00+00:00,10,10,10,1.0,0.5196999999999999,0.453,0.587,0.0,0.5196999999999999,False,False,False,1.0,obs,8720218,NAVD88,m,event
2012-05-28 05:00:00+00:00,10,10,10,1.0,0.6660999999999999,0.593,0.704,0.0,0.6660999999999999,False,False,False,1.0,obs,8720218,NAVD88,m,event
2012-05-28 06:00:00+00:00,10,10,10,1.0,0.8251999999999999,0.72,0.882,0.0,0.8251999999999999,False,False,False,1.0,obs,8720218,NAVD88,m,event
2012-05-28 07:00:00+00:00,10,10,10,1.0,0.91,0.883,0.928,0.0,0.91,False,False,False,1.0,obs,8720218,NAVD88,m,event
2012-05-28 08:00:00+00:00,10,10,10,1.0,0.8674000000000002,0.772,0.919,0.0,0.8674000000000002,False,False,False,1.0,obs,8720218,NAVD88,m,event
2012-05-28 09:00:00+00:00,10,10,10,1.0,0.6262000000000001,0.469,0.752,0.0,0.6262000000000001,False,False,False,1.0,obs,8720218,NAVD88,m,event
2012-05-28 10:00:00+00:00,10,10,10,1.0,0.2524,0.117,0.423,0.0,0.2524,False,False,False,1.0,obs,8720218,NAVD88,m,event
2012-05-28 11:00:00+00:00,10,10,10,1.0,-0.0905,-0.209,0.062,0.0,-0.0905,False,False,False,1.0,obs,8720218,NAVD88,m,event
2012-05-28 12:00:00+00:00,10,10,10,1.0,-0.2822,-0.333,-0.197,0.0,-0.2822,False,False,False,1.0,obs,8720218,NAVD88,m,event
2012-05-28 13:00:00+00:00,10,10,10,1.0,-0.3466,-0.368,-0.323,0.0,-0.3466,False,False,False,1.0,obs,8720218,NAVD88,m,event
2012-05-28 14:00:00+00:00,10,10,10,1.0,-0.3538,-0.378,-0.311,0.0,-0.3538,False,False,False,1.0,obs,8720218,NAVD88,m,event
2012-05-28 15:00:00+00:00,10,10,10,1.0,-0.2354,-0.283,-0.15,0.0,-0.2354,False,False,False,1.0,obs,8720218,NAVD88,m,event
2012-05-28 16:00:00+00:00,10,10,10,1.0,0.0142,-0.114,0.145,0.0,0.0142,False,False,False,1.0,obs,8720218,NAVD88,m,event
2012-05-28 17:00:00+00:00,10,10,10,1.0,0.2926999999999999,0.181,0.401,0.0,0.2926999999999999,False,False,False,1.0,obs,8720218,NAVD88,m,event
2012-05-28 18:00:00+00:00,10,10,10,1.0,0.5246000000000001,0.421,0.614,0.0,0.5246000000000001,False,False,False,1.0,obs,8720218,NAVD88,m,event
2012-05-28 19:00:00+00:00,10,10,10,1.0,0.6577,0.635,0.67,0.0,0.6577,False,False,False,1.0,obs,8720218,NAVD88,m,event
2012-05-28 20:00:00+00:00,10,10,10,1.0,0.6460999999999999,0.627,0.661,0.0,0.6460999999999999,False,False,False,1.0,obs,8720218,NAVD88,m,event
2012-05-28 21:00:00+00:00,10,10,10,1.0,0.4926,0.349,0.611,0.0,0.4926,False,False,False,1.0,obs,8720218,NAVD88,m,event
2012-05-28 22:00:00+00:00,10,10,10,1.0,0.2086999999999999,0.044,0.37,0.0,0.2086999999999999,False,False,False,1.0,obs,8720218,NAVD88,m,event
2012-05-28 23:00:00+00:00,10,10,10,1.0,-0.0736999999999999,-0.182,-0.006,0.0,-0.0736999999999999,False,False,False,1.0,obs,8720218,NAVD88,m,event
2012-05-29 00:00:00+00:00,10,10,10,1.0,-0.3225,-0.402,-0.204,0.0,-0.3225,False,False,False,1.0,obs,8720218,NAVD88,m,event
2012-05-29 01:00:00+00:00,10,10,10,1.0,-0.5203,-0.576,-0.442,0.0,-0.5203,False,False,False,1.0,obs,8720218,NAVD88,m,event
2012-05-29 02:00:00+00:00,10,10,10,1.0,-0.5006999999999999,-0.528,-0.463,0.0,-0.5006999999999999,False,False,False,1.0,obs,8720218,NAVD88,m,event
2012-05-29 03:00:00+00:00,10,10,10,1.0,-0.3560999999999999,-0.444,-0.27,0.0,-0.3560999999999999,False,False,False,1.0,obs,8720218,NAVD88,m,event
2012-05-29 04:00:00+00:00,10,10,10,1.0,-0.1383,-0.232,-0.059,0.0,-0.1383,False,False,False,1.0,obs,8720218,NAVD88,m,event
2012-05-29 05:00:00+00:00,10,10,10,1.0,0.1254,-0.021,0.257,0.0,0.1254,False,False,False,1.0,obs,8720218,NAVD88,m,event
2012-05-29 06:00:00+00:00,10,10,10,1.0,0.4078,0.29,0.517,0.0,0.4078,False,False,False,1.0,obs,8720218,NAVD88,m,event
2012-05-29 07:00:00+00:00,10,10,10,1.0,0.5784999999999999,0.52,0.62,0.0,0.5784999999999999,False,False,False,1.0,obs,8720218,NAVD88,m,event
2012-05-29 08:00:00+00:00,10,10,10,1.0,0.5982999999999999,0.563,0.623,0.0,0.5982999999999999,False,False,False,1.0,obs,8720218,NAVD88,m,event
2012-05-29 09:00:00+00:00,10,10,10,1.0,0.4668000000000001,0.363,0.539,0.0,0.4668000000000001,False,False,False,1.0,obs,8720218,NAVD88,m,event
2012-05-29 10:00:00+00:00,10,10,10,1.0,0.1638,0.013,0.32,0.0,0.1638,False,False,False,1.0,obs,8720218,NAVD88,m,event
2012-05-29 11:00:00+00:00,10,10,10,1.0,-0.1647,-0.304,-0.02,0.0,-0.1647,False,False,False,1.0,obs,8720218,NAVD88,m,event
2012-05-29 12:00:00+00:00,10,10,10,1.0,-0.4521,-0.556,-0.331,0.0,-0.4521,False,False,False,1.0,obs,8720218,NAVD88,m,event
2012-05-29 13:00:00+00:00,10,10,10,1.0,-0.6627,-0.753,-0.575,0.0,-0.6627,False,False,False,1.0,obs,8720218,NAVD88,m,event
2012-05-29 14:00:00+00:00,10,10,10,1.0,-0.7844,-0.832,-0.756,0.0,-0.7844,False,False,False,1.0,obs,8720218,NAVD88,m,event
2012-05-29 15:00:00+00:00,10,10,10,1.0,-0.737,-0.79,-0.664,0.0,-0.737,False,False,False,1.0,obs,8720218,NAVD88,m,event
2012-05-29 16:00:00+00:00,10,10,10,1.0,-0.5113,-0.652,-0.372,0.0,-0.5113,False,False,False,1.0,obs,8720218,NAVD88,m,event
2012-05-29 17:00:00+00:00,10,10,10,1.0,-0.2098,-0.34,-0.072,0.0,-0.2098,False,False,False,1.0,obs,8720218,NAVD88,m,event
2012-05-29 18:00:00+00:00,10,10,10,1.0,0.0994,-0.04,0.231,0.0,0.0994,False,False,False,1.0,obs,8720218,NAVD88,m,event
2012-05-29 19:00:00+00:00,10,10,10,1.0,0.36,0.258,0.447,0.0,0.36,False,False,False,1.0,obs,8720218,NAVD88,m,event
2012-05-29 20:00:00+00:00,10,10,10,1.0,0.5067999999999999,0.461,0.532,0.0,0.5067999999999999,False,False,False,1.0,obs,8720218,NAVD88,m,event
2012-05-29 21:00:00+00:00,10,10,10,1.0,0.5085,0.475,0.531,0.0,0.5085,False,False,False,1.0,obs,8720218,NAVD88,m,event
2012-05-29 22:00:00+00:00,10,10,10,1.0,0.3615,0.236,0.461,0.0,0.3615,False,False,False,1.0,obs,8720218,NAVD88,m,event
2012-05-29 23:00:00+00:00,10,10,10,1.0,0.051,-0.114,0.205,0.0,0.051,False,False,False,1.0,obs,8720218,NAVD88,m,event
2012-05-30 00:00:00+00:00,10,10,10,1.0,-0.3184,-0.465,-0.163,0.0,-0.3184,False,False,False,1.0,obs,8720218,NAVD88,m,event
2012-05-30 01:00:00+00:00,10,10,10,1.0,-0.6045,-0.687,-0.481,0.0,-0.6045,False,False,False,1.0,obs,8720218,NAVD88,m,event
2012-05-30 02:00:00+00:00,10,10,10,1.0,-0.7679,-0.792,-0.715,0.0,-0.7679,False,False,False,1.0,obs,8720218,NAVD88,m,event
2012-05-30 03:00:00+00:00,10,10,10,1.0,-0.7749,-0.815,-0.713,0.0,-0.7749,False,False,False,1.0,obs,8720218,NAVD88,m,event
2012-05-30 04:00:00+00:00,10,10,10,1.0,-0.6071,-0.693,-0.5,0.0,-0.6071,False,False,False,1.0,obs,8720218,NAVD88,m,event
2012-05-30 05:00:00+00:00,10,10,10,1.0,-0.3418,-0.477,-0.217,0.0,-0.3418,False,False,False,1.0,obs,8720218,NAVD88,m,event
2012-05-30 06:00:00+00:00,10,10,10,1.0,-0.0316999999999999,-0.177,0.095,0.0,-0.0316999999999999,False,False,False,1.0,obs,8720218,NAVD88,m,event
2012-05-30 07:00:00+00:00,10,10,10,1.0,0.2244999999999999,0.115,0.32,0.0,0.2244999999999999,False,False,False,1.0,obs,8720218,NAVD88,m,event
2012-05-30 08:00:00+00:00,10,10,10,1.0,0.3749999999999999,0.327,0.421,0.0,0.3749999999999999,False,False,False,1.0,obs,8720218,NAVD88,m,event
2012-05-30 09:00:00+00:00,10,10,10,1.0,0.397,0.363,0.414,0.0,0.397,False,False,False,1.0,obs,8720218,NAVD88,m,event
2012-05-30 10:00:00+00:00,10,10,10,1.0,0.256,0.133,0.351,0.0,0.256,False,False,False,1.0,obs,8720218,NAVD88,m,event
2012-05-30 11:00:00+00:00,10,10,10,1.0,-0.0527,-0.22,0.109,0.0,-0.0527,False,False,False,1.0,obs,8720218,NAVD88,m,event
2012-05-30 12:00:00+00:00,10,10,10,1.0,-0.4124,-0.577,-0.25,0.0,-0.4124,False,False,False,1.0,obs,8720218,NAVD88,m,event
2012-05-30 13:00:00+00:00,10,10,10,1.0,-0.7194,-0.829,-0.611,0.0,-0.7194,False,False,False,1.0,obs,8720218,NAVD88,m,event
2012-05-30 14:00:00+00:00,10,10,10,1.0,-0.9236,-0.988,-0.851,0.0,-0.9236,False,False,False,1.0,obs,8720218,NAVD88,m,event
2012-05-30 15:00:00+00:00,10,10,10,1.0,-0.9667,-0.992,-0.921,0.0,-0.9667,False,False,False,1.0,obs,8720218,NAVD88,m,event
2012-05-30 16:00:00+00:00,10,10,10,1.0,-0.7964,-0.889,-0.691,0.0,-0.7964,False,False,False,1.0,obs,8720218,NAVD88,m,event
2012-05-30 17:00:00+00:00,10,10,10,1.0,-0.4922999999999999,-0.652,-0.332,0.0,-0.4922999999999999,False,False,False,1.0,obs,8720218,NAVD88,m,event
2012-05-30 18:00:00+00:00,10,10,10,1.0,-0.1503,-0.292,-0.012,0.0,-0.1503,False,False,False,1.0,obs,8720218,NAVD88,m,event
2012-05-30 19:00:00+00:00,10,10,10,1.0,0.1663,0.028,0.296,0.0,0.1663,False,False,False,1.0,obs,8720218,NAVD88,m,event
2012-05-30 20:00:00+00:00,10,10,10,1.0,0.4173,0.314,0.516,0.0,0.4173,False,False,False,1.0,obs,8720218,NAVD88,m,event
2012-05-30 21:00:00+00:00,10,10,10,1.0,0.5660000000000001,0.531,0.58,0.0,0.5660000000000001,False,False,False,1.0,obs,8720218,NAVD88,m,event
2012-05-30 22:00:00+00:00,10,10,10,1.0,0.5598,0.502,0.587,0.0,0.5598,False,False,False,1.0,obs,8720218,NAVD88,m,event
2012-05-30 23:00:00+00:00,10,10,10,1.0,0.4034,0.293,0.508,0.0,0.4034,False,False,False,1.0,obs,8720218,NAVD88,m,event
2012-05-31 00:00:00+00:00,10,10,10,1.0,0.0975,-0.06,0.258,0.0,0.0975,False,False,False,1.0,obs,8720218,NAVD88,m,event
2012-05-31 01:00:00+00:00,10,10,10,1.0,-0.2871,-0.432,-0.094,0.0,-0.2871,False,False,False,1.0,obs,8720218,NAVD88,m,event
2012-05-31 02:00:00+00:00,10,10,10,1.0,-0.5852999999999999,-0.694,-0.468,0.0,-0.5852999999999999,False,False,False,1.0,obs,8720218,NAVD88,m,event
2012-05-31 03:00:00+00:00,10,10,10,1.0,-0.777,-0.842,-0.712,0.0,-0.777,False,False,False,1.0,obs,8720218,NAVD88,m,event
2012-05-31 04:00:00+00:00,10,10,10,1.0,-0.8028000000000001,-0.827,-0.764,0.0,-0.8028000000000001,False,False,False,1.0,obs,8720218,NAVD88,m,event
2012-05-31 05:00:00+00:00,10,10,10,1.0,-0.6423,-0.737,-0.523,0.0,-0.6423,False,False,False,1.0,obs,8720218,NAVD88,m,event
2012-05-31 06:00:00+00:00,10,10,10,1.0,-0.3415,-0.5,-0.191,0.0,-0.3415,False,False,False,1.0,obs,8720218,NAVD88,m,event
2012-05-31 07:00:00+00:00,10,10,10,1.0,-0.0159,-0.159,0.099,0.0,-0.0159,False,False,False,1.0,obs,8720218,NAVD88,m,event
2012-05-31 08:00:00+00:00,10,10,10,1.0,0.2563,0.127,0.361,0.0,0.2563,False,False,False,1.0,obs,8720218,NAVD88,m,event
2012-05-31 09:00:00+00:00,10,10,10,1.0,0.437,0.364,0.473,0.0,0.437,False,False,False,1.0,obs,8720218,NAVD88,m,event
2012-05-31 10:00:00+00:00,10,10,10,1.0,0.4771000000000001,0.464,0.486,0.0,0.4771000000000001,False,False,False,1.0,obs,8720218,NAVD88,m,event
2012-05-31 11:00:00+00:00,10,10,10,1.0,0.3653999999999999,0.263,0.434,0.0,0.3653999999999999,False,False,False,1.0,obs,8720218,NAVD88,m,event
2012-05-31 12:00:00+00:00,10,10,10,1.0,0.0501,-0.135,0.222,0.0,0.0501,False,False,False,1.0,obs,8720218,NAVD88,m,event
2012-05-31 13:00:00+00:00,10,10,10,1.0,-0.3621,-0.535,-0.181,0.0,-0.3621,False,False,False,1.0,obs,8720218,NAVD88,m,event
2012-05-31 14:00:00+00:00,10,10,10,1.0,-0.7072,-0.826,-0.568,0.0,-0.7072,False,False,False,1.0,obs,8720218,NAVD88,m,event
2012-05-31 15:00:00+00:00,10,10,10,1.0,-0.9199,-0.956,-0.851,0.0,-0.9199,False,False,False,1.0,obs,8720218,NAVD88,m,event
2012-05-31 16:00:00+00:00,10,10,10,1.0,-0.944,-0.977,-0.881,0.0,-0.944,False,False,False,1.0,obs,8720218,NAVD88,m,event
2012-05-31 17:00:00+00:00,10,10,10,1.0,-0.7431,-0.861,-0.607,0.0,-0.7431,False,False,False,1.0,obs,8720218,NAVD88,m,event
2012-05-31 18:00:00+00:00,10,10,10,1.0,-0.4291999999999999,-0.581,-0.252,0.0,-0.4291999999999999,False,False,False,1.0,obs,8720218,NAVD88,m,event
2012-05-31 19:00:00+00:00,10,10,10,1.0,-0.0566,-0.216,0.11,0.0,-0.0566,False,False,False,1.0,obs,8720218,NAVD88,m,event
2012-05-31 20:00:00+00:00,10,10,10,1.0,0.2879,0.14,0.422,0.0,0.2879,False,False,False,1.0,obs,8720218,NAVD88,m,event
2012-05-31 21:00:00+00:00,10,10,10,1.0,0.5762,0.456,0.666,0.0,0.5762,False,False,False,1.0,obs,8720218,NAVD88,m,event
2012-05-31 22:00:00+00:00,10,10,10,1.0,0.6887,0.661,0.717,0.0,0.6887,False,False,False,1.0,obs,8720218,NAVD88,m,event
2012-05-31 23:00:00+00:00,10,10,10,1.0,0.6829999999999999,0.612,0.719,0.0,0.6829999999999999,False,False,False,1.0,obs,8720218,NAVD88,m,event
2012-06-01 00:00:00+00:00,10,10,10,1.0,0.4859,0.356,0.596,0.0,0.4859,False,False,False,1.0,obs,8720218,NAVD88,m,event
