hour_end_utc,n_records,n_valid,n_expected,coverage,water_level_m_navd88_hourly_mean,hourly_min,hourly_max,official_est_frac,water_level_m_navd88_filled,interp,unfillable,partial,obs_frac,source_class,station,datum,units
2019-08-25 01:00:00+00:00,10,10,10,1.0,-0.41659999999999997,-0.499,-0.292,0.0,-0.41659999999999997,False,False,False,1.0,obs,8720218,NAVD88,m
2019-08-25 02:00:00+00:00,10,10,10,1.0,-0.5576,-0.586,-0.501,0.0,-0.5576,False,False,False,1.0,obs,8720218,NAVD88,m
2019-08-25 03:00:00+00:00,10,10,10,1.0,-0.5413,-0.592,-0.492,0.0,-0.5413,False,False,False,1.0,obs,8720218,NAVD88,m
2019-08-25 04:00:00+00:00,10,10,10,1.0,-0.41100000000000003,-0.482,-0.327,0.0,-0.41100000000000003,False,False,False,1.0,obs,8720218,NAVD88,m
2019-08-25 05:00:00+00:00,10,10,10,1.0,-0.2041,-0.322,-0.096,0.0,-0.2041,False,False,False,1.0,obs,8720218,NAVD88,m
2019-08-25 06:00:00+00:00,10,10,10,1.0,0.034300000000000004,-0.068,0.137,0.0,0.034300000000000004,False,False,False,1.0,obs,8720218,NAVD88,m
2019-08-25 07:00:00+00:00,10,10,10,1.0,0.2493,0.159,0.313,0.0,0.2493,False,False,False,1.0,obs,8720218,NAVD88,m
2019-08-25 08:00:00+00:00,10,10,10,1.0,0.3693000000000001,0.323,0.414,0.0,0.3693000000000001,False,False,False,1.0,obs,8720218,NAVD88,m
2019-08-25 09:00:00+00:00,10,10,10,1.0,0.4183,0.392,0.433,0.0,0.4183,False,False,False,1.0,obs,8720218,NAVD88,m
2019-08-25 10:00:00+00:00,10,10,10,1.0,0.3489,0.268,0.389,0.0,0.3489,False,False,False,1.0,obs,8720218,NAVD88,m
2019-08-25 11:00:00+00:00,10,10,10,1.0,0.1217,-0.011,0.241,0.0,0.1217,False,False,False,1.0,obs,8720218,NAVD88,m
2019-08-25 12:00:00+00:00,10,10,10,1.0,-0.19319999999999998,-0.318,-0.055,0.0,-0.19319999999999998,False,False,False,1.0,obs,8720218,NAVD88,m
2019-08-25 13:00:00+00:00,10,10,10,1.0,-0.4678,-0.546,-0.357,0.0,-0.4678,False,False,False,1.0,obs,8720218,NAVD88,m
2019-08-25 14:00:00+00:00,10,10,10,1.0,-0.6073000000000001,-0.625,-0.569,0.0,-0.6073000000000001,False,False,False,1.0,obs,8720218,NAVD88,m
2019-08-25 15:00:00+00:00,10,10,10,1.0,-0.5634,-0.605,-0.487,0.0,-0.5634,False,False,False,1.0,obs,8720218,NAVD88,m
2019-08-25 16:00:00+00:00,10,10,10,1.0,-0.3666,-0.467,-0.266,0.0,-0.3666,False,False,False,1.0,obs,8720218,NAVD88,m
2019-08-25 17:00:00+00:00,10,10,10,1.0,-0.1021,-0.246,0.038,0.0,-0.1021,False,False,False,1.0,obs,8720218,NAVD88,m
2019-08-25 18:00:00+00:00,10,10,10,1.0,0.1935,0.076,0.317,0.0,0.1935,False,False,False,1.0,obs,8720218,NAVD88,m
2019-08-25 19:00:00+00:00,10,10,10,1.0,0.4612,0.347,0.574,0.0,0.4612,False,False,False,1.0,obs,8720218,NAVD88,m
2019-08-25 20:00:00+00:00,10,10,10,1.0,0.6692000000000001,0.581,0.742,0.0,0.6692000000000001,False,False,False,1.0,obs,8720218,NAVD88,m
2019-08-25 21:00:00+00:00,10,10,10,1.0,0.7667,0.734,0.785,0.0,0.7667,False,False,False,1.0,obs,8720218,NAVD88,m
2019-08-25 22:00:00+00:00,10,10,10,1.0,0.748,0.697,0.797,0.0,0.748,False,False,False,1.0,obs,8720218,NAVD88,m
2019-08-25 23:00:00+00:00,10,10,10,1.0,0.6202,0.547,0.691,0.0,0.6202,False,False,False,1.0,obs,8720218,NAVD88,m
2019-08-26 00:00:00+00:00,10,10,10,1.0,0.3853999999999999,0.271,0.509,0.0,0.3853999999999999,False,False,False,1.0,obs,8720218,NAVD88,m
2019-08-26 01:00:00+00:00,10,10,10,1.0,0.09669999999999998,-0.047,0.245,0.0,0.09669999999999998,False,False,False,1.0,obs,8720218,NAVD88,m
2019-08-26 02:00:00+00:00,10,10,10,1.0,-0.1618,-0.272,-0.067,0.0,-0.1618,False,False,False,1.0,obs,8720218,NAVD88,m
2019-08-26 03:00:00+00:00,10,10,10,1.0,-0.33940000000000003,-0.367,-0.292,0.0,-0.33940000000000003,False,False,False,1.0,obs,8720218,NAVD88,m
2019-08-26 04:00:00+00:00,10,10,10,1.0,-0.33419999999999994,-0.364,-0.286,0.0,-0.33419999999999994,False,False,False,1.0,obs,8720218,NAVD88,m
2019-08-26 05:00:00+00:00,10,10,10,1.0,-0.1591,-0.26,-0.055,0.0,-0.1591,False,False,False,1.0,obs,8720218,NAVD88,m
2019-08-26 06:00:00+00:00,10,10,10,1.0,0.060899999999999996,-0.039,0.162,0.0,0.060899999999999996,False,False,False,1.0,obs,8720218,NAVD88,m
2019-08-26 07:00:00+00:00,10,10,10,1.0,0.3045,0.186,0.407,0.0,0.3045,False,False,False,1.0,obs,8720218,NAVD88,m
2019-08-26 08:00:00+00:00,10,10,10,1.0,0.5172,0.433,0.588,0.0,0.5172,False,False,False,1.0,obs,8720218,NAVD88,m
2019-08-26 09:00:00+00:00,10,10,10,1.0,0.6499,0.587,0.707,0.0,0.6499,False,False,False,1.0,obs,8720218,NAVD88,m
2019-08-26 10:00:00+00:00,10,10,10,1.0,0.693,0.649,0.716,0.0,0.693,False,False,False,1.0,obs,8720218,NAVD88,m
2019-08-26 11:00:00+00:00,10,10,10,1.0,0.5902999999999999,0.494,0.665,0.0,0.5902999999999999,False,False,False,1.0,obs,8720218,NAVD88,m
2019-08-26 12:00:00+00:00,10,10,10,1.0,0.32989999999999997,0.177,0.466,0.0,0.32989999999999997,False,False,False,1.0,obs,8720218,NAVD88,m
2019-08-26 13:00:00+00:00,10,10,10,1.0,-0.0043,-0.156,0.154,0.0,-0.0043,False,False,False,1.0,obs,8720218,NAVD88,m
2019-08-26 14:00:00+00:00,10,10,10,1.0,-0.2993,-0.414,-0.182,0.0,-0.2993,False,False,False,1.0,obs,8720218,NAVD88,m
2019-08-26 15:00:00+00:00,10,10,10,1.0,-0.4806,-0.521,-0.43,0.0,-0.4806,False,False,False,1.0,obs,8720218,NAVD88,m
2019-08-26 16:00:00+00:00,10,10,10,1.0,-0.501,-0.546,-0.455,0.0,-0.501,False,False,False,1.0,obs,8720218,NAVD88,m
2019-08-26 17:00:00+00:00,10,10,10,1.0,-0.3382,-0.433,-0.216,0.0,-0.3382,False,False,False,1.0,obs,8720218,NAVD88,m
2019-08-26 18:00:00+00:00,10,10,10,1.0,-0.0261,-0.181,0.122,0.0,-0.0261,False,False,False,1.0,obs,8720218,NAVD88,m
2019-08-26 19:00:00+00:00,10,10,10,1.0,0.3073,0.161,0.444,0.0,0.3073,False,False,False,1.0,obs,8720218,NAVD88,m
2019-08-26 20:00:00+00:00,10,10,10,1.0,0.5984,0.475,0.694,0.0,0.5984,False,False,False,1.0,obs,8720218,NAVD88,m
2019-08-26 21:00:00+00:00,10,10,10,1.0,0.8205000000000002,0.734,0.899,0.0,0.8205000000000002,False,False,False,1.0,obs,8720218,NAVD88,m
2019-08-26 22:00:00+00:00,10,10,10,1.0,0.9400000000000001,0.9,0.957,0.0,0.9400000000000001,False,False,False,1.0,obs,8720218,NAVD88,m
2019-08-26 23:00:00+00:00,10,10,10,1.0,0.9353999999999999,0.888,0.963,0.0,0.9353999999999999,False,False,False,1.0,obs,8720218,NAVD88,m
2019-08-27 00:00:00+00:00,10,10,10,1.0,0.7548,0.629,0.868,0.0,0.7548,False,False,False,1.0,obs,8720218,NAVD88,m
2019-08-27 01:00:00+00:00,10,10,10,1.0,0.44160000000000005,0.275,0.607,0.0,0.44160000000000005,False,False,False,1.0,obs,8720218,NAVD88,m
2019-08-27 02:00:00+00:00,10,10,10,1.0,0.0848,-0.053,0.241,0.0,0.0848,False,False,False,1.0,obs,8720218,NAVD88,m
2019-08-27 03:00:00+00:00,10,10,10,1.0,-0.20180000000000003,-0.337,-0.078,0.0,-0.20180000000000003,False,False,False,1.0,obs,8720218,NAVD88,m
2019-08-27 04:00:00+00:00,10,10,10,1.0,-0.3734,-0.404,-0.329,0.0,-0.3734,False,False,False,1.0,obs,8720218,NAVD88,m
2019-08-27 05:00:00+00:00,10,10,10,1.0,-0.3695,-0.408,-0.318,0.0,-0.3695,False,False,False,1.0,obs,8720218,NAVD88,m
2019-08-27 06:00:00+00:00,10,10,10,1.0,-0.2081,-0.308,-0.1,0.0,-0.2081,False,False,False,1.0,obs,8720218,NAVD88,m
2019-08-27 07:00:00+00:00,10,10,10,1.0,0.058800000000000005,-0.061,0.175,0.0,0.058800000000000005,False,False,False,1.0,obs,8720218,NAVD88,m
2019-08-27 08:00:00+00:00,10,10,10,1.0,0.3221,0.2,0.448,0.0,0.3221,False,False,False,1.0,obs,8720218,NAVD88,m
2019-08-27 09:00:00+00:00,10,10,10,1.0,0.5582,0.462,0.643,0.0,0.5582,False,False,False,1.0,obs,8720218,NAVD88,m
2019-08-27 10:00:00+00:00,10,10,10,1.0,0.7110000000000001,0.663,0.752,0.0,0.7110000000000001,False,False,False,1.0,obs,8720218,NAVD88,m
2019-08-27 11:00:00+00:00,10,10,10,1.0,0.7519,0.735,0.763,0.0,0.7519,False,False,False,1.0,obs,8720218,NAVD88,m
2019-08-27 12:00:00+00:00,10,10,10,1.0,0.6386,0.542,0.718,0.0,0.6386,False,False,False,1.0,obs,8720218,NAVD88,m
2019-08-27 13:00:00+00:00,10,10,10,1.0,0.3524,0.187,0.526,0.0,0.3524,False,False,False,1.0,obs,8720218,NAVD88,m
2019-08-27 14:00:00+00:00,10,10,10,1.0,-0.0405,-0.212,0.136,0.0,-0.0405,False,False,False,1.0,obs,8720218,NAVD88,m
2019-08-27 15:00:00+00:00,10,10,10,1.0,-0.3995,-0.515,-0.249,0.0,-0.3995,False,False,False,1.0,obs,8720218,NAVD88,m
2019-08-27 16:00:00+00:00,10,10,10,1.0,-0.6224999999999999,-0.684,-0.541,0.0,-0.6224999999999999,False,False,False,1.0,obs,8720218,NAVD88,m
2019-08-27 17:00:00+00:00,10,10,10,1.0,-0.6453000000000001,-0.679,-0.594,0.0,-0.6453000000000001,False,False,False,1.0,obs,8720218,NAVD88,m
2019-08-27 18:00:00+00:00,10,10,10,1.0,-0.43789999999999996,-0.566,-0.316,0.0,-0.43789999999999996,False,False,False,1.0,obs,8720218,NAVD88,m
2019-08-27 19:00:00+00:00,10,10,10,1.0,-0.11120000000000001,-0.312,0.061,0.0,-0.11120000000000001,False,False,False,1.0,obs,8720218,NAVD88,m
2019-08-27 20:00:00+00:00,10,10,10,1.0,0.2714,0.109,0.421,0.0,0.2714,False,False,False,1.0,obs,8720218,NAVD88,m
2019-08-27 21:00:00+00:00,10,10,10,1.0,0.6025,0.458,0.737,0.0,0.6025,False,False,False,1.0,obs,8720218,NAVD88,m
2019-08-27 22:00:00+00:00,10,10,10,1.0,0.8688,0.758,0.975,0.0,0.8688,False,False,False,1.0,obs,8720218,NAVD88,m
2019-08-27 23:00:00+00:00,10,10,10,1.0,1.019,1.005,1.038,0.0,1.019,False,False,False,1.0,obs,8720218,NAVD88,m
2019-08-28 00:00:00+00:00,10,10,10,1.0,0.9805999999999999,0.891,1.029,0.0,0.9805999999999999,False,False,False,1.0,obs,8720218,NAVD88,m
2019-08-28 01:00:00+00:00,10,10,10,1.0,0.7332000000000001,0.577,0.871,0.0,0.7332000000000001,False,False,False,1.0,obs,8720218,NAVD88,m
2019-08-28 02:00:00+00:00,10,10,10,1.0,0.3252,0.113,0.531,0.0,0.3252,False,False,False,1.0,obs,8720218,NAVD88,m
2019-08-28 03:00:00+00:00,10,10,10,1.0,-0.0887,-0.261,0.079,0.0,-0.0887,False,False,False,1.0,obs,8720218,NAVD88,m
2019-08-28 04:00:00+00:00,10,10,10,1.0,-0.3917,-0.518,-0.271,0.0,-0.3917,False,False,False,1.0,obs,8720218,NAVD88,m
2019-08-28 05:00:00+00:00,10,10,10,1.0,-0.5660000000000001,-0.579,-0.539,0.0,-0.5660000000000001,False,False,False,1.0,obs,8720218,NAVD88,m
2019-08-28 06:00:00+00:00,10,10,10,1.0,-0.5341,-0.566,-0.5,0.0,-0.5341,False,False,False,1.0,obs,8720218,NAVD88,m
2019-08-28 07:00:00+00:00,10,10,10,1.0,-0.356,-0.478,-0.238,0.0,-0.356,False,False,False,1.0,obs,8720218,NAVD88,m
2019-08-28 08:00:00+00:00,10,10,10,1.0,-0.029800000000000004,-0.193,0.121,0.0,-0.029800000000000004,False,False,False,1.0,obs,8720218,NAVD88,m
2019-08-28 09:00:00+00:00,10,10,10,1.0,0.2854,0.14,0.433,0.0,0.2854,False,False,False,1.0,obs,8720218,NAVD88,m
2019-08-28 10:00:00+00:00,10,10,10,1.0,0.5686,0.444,0.667,0.0,0.5686,False,False,False,1.0,obs,8720218,NAVD88,m
2019-08-28 11:00:00+00:00,10,10,10,1.0,0.7358,0.686,0.774,0.0,0.7358,False,False,False,1.0,obs,8720218,NAVD88,m
2019-08-28 12:00:00+00:00,10,10,10,1.0,0.7791,0.753,0.794,0.0,0.7791,False,False,False,1.0,obs,8720218,NAVD88,m
2019-08-28 13:00:00+00:00,10,10,10,1.0,0.6371,0.519,0.733,0.0,0.6371,False,False,False,1.0,obs,8720218,NAVD88,m
2019-08-28 14:00:00+00:00,10,10,10,1.0,0.29400000000000004,0.079,0.481,0.0,0.29400000000000004,False,False,False,1.0,obs,8720218,NAVD88,m
2019-08-28 15:00:00+00:00,10,10,10,1.0,-0.13540000000000002,-0.31,0.036,0.0,-0.13540000000000002,False,False,False,1.0,obs,8720218,NAVD88,m
2019-08-28 16:00:00+00:00,10,10,10,1.0,-0.4676,-0.566,-0.345,0.0,-0.4676,False,False,False,1.0,obs,8720218,NAVD88,m
2019-08-28 17:00:00+00:00,10,10,10,1.0,-0.6788,-0.72,-0.609,0.0,-0.6788,False,False,False,1.0,obs,8720218,NAVD88,m
2019-08-28 18:00:00+00:00,10,10,10,1.0,-0.6926,-0.714,-0.636,0.0,-0.6926,False,False,False,1.0,obs,8720218,NAVD88,m
2019-08-28 19:00:00+00:00,10,10,10,1.0,-0.4947000000000001,-0.615,-0.355,0.0,-0.4947000000000001,False,False,False,1.0,obs,8720218,NAVD88,m
2019-08-28 20:00:00+00:00,10,10,10,1.0,-0.1274,-0.324,0.075,0.0,-0.1274,False,False,False,1.0,obs,8720218,NAVD88,m
2019-08-28 21:00:00+00:00,10,10,10,1.0,0.2949,0.119,0.461,0.0,0.2949,False,False,False,1.0,obs,8720218,NAVD88,m
2019-08-28 22:00:00+00:00,10,10,10,1.0,0.6481000000000001,0.5,0.79,0.0,0.6481000000000001,False,False,False,1.0,obs,8720218,NAVD88,m
2019-08-28 23:00:00+00:00,10,10,10,1.0,0.9269999999999999,0.819,1.013,0.0,0.9269999999999999,False,False,False,1.0,obs,8720218,NAVD88,m
2019-08-29 00:00:00+00:00,10,10,10,1.0,1.0608000000000002,1.023,1.079,0.0,1.0608000000000002,False,False,False,1.0,obs,8720218,NAVD88,m
2019-08-29 01:00:00+00:00,10,10,10,1.0,1.0294000000000003,0.961,1.071,0.0,1.0294000000000003,False,False,False,1.0,obs,8720218,NAVD88,m
2019-08-29 02:00:00+00:00,10,10,10,1.0,0.7962,0.625,0.944,0.0,0.7962,False,False,False,1.0,obs,8720218,NAVD88,m
2019-08-29 03:00:00+00:00,10,10,10,1.0,0.3529,0.146,0.58,0.0,0.3529,False,False,False,1.0,obs,8720218,NAVD88,m
2019-08-29 04:00:00+00:00,10,10,10,1.0,-0.1152,-0.302,0.088,0.0,-0.1152,False,False,False,1.0,obs,8720218,NAVD88,m
2019-08-29 05:00:00+00:00,10,10,10,1.0,-0.479,-0.603,-0.337,0.0,-0.479,False,False,False,1.0,obs,8720218,NAVD88,m
2019-08-29 06:00:00+00:00,10,10,10,1.0,-0.6768,-0.72,-0.615,0.0,-0.6768,False,False,False,1.0,obs,8720218,NAVD88,m
2019-08-29 07:00:00+00:00,10,10,10,1.0,-0.6493,-0.704,-0.574,0.0,-0.6493,False,False,False,1.0,obs,8720218,NAVD88,m
2019-08-29 08:00:00+00:00,10,10,10,1.0,-0.40709999999999996,-0.547,-0.25,0.0,-0.40709999999999996,False,False,False,1.0,obs,8720218,NAVD88,m
2019-08-29 09:00:00+00:00,10,10,10,1.0,-0.0373,-0.213,0.155,0.0,-0.0373,False,False,False,1.0,obs,8720218,NAVD88,m
2019-08-29 10:00:00+00:00,10,10,10,1.0,0.33399999999999996,0.186,0.494,0.0,0.33399999999999996,False,False,False,1.0,obs,8720218,NAVD88,m
2019-08-29 11:00:00+00:00,10,10,10,1.0,0.6319,0.512,0.733,0.0,0.6319,False,False,False,1.0,obs,8720218,NAVD88,m
2019-08-29 12:00:00+00:00,10,10,10,1.0,0.8244,0.756,0.868,0.0,0.8244,False,False,False,1.0,obs,8720218,NAVD88,m
2019-08-29 13:00:00+00:00,10,10,10,1.0,0.868,0.843,0.885,0.0,0.868,False,False,False,1.0,obs,8720218,NAVD88,m
2019-08-29 14:00:00+00:00,10,10,10,1.0,0.7169,0.582,0.827,0.0,0.7169,False,False,False,1.0,obs,8720218,NAVD88,m
2019-08-29 15:00:00+00:00,10,10,10,1.0,0.33649999999999997,0.096,0.551,0.0,0.33649999999999997,False,False,False,1.0,obs,8720218,NAVD88,m
2019-08-29 16:00:00+00:00,10,10,10,1.0,-0.1619,-0.358,0.05,0.0,-0.1619,False,False,False,1.0,obs,8720218,NAVD88,m
2019-08-29 17:00:00+00:00,10,10,10,1.0,-0.5470999999999999,-0.684,-0.384,0.0,-0.5470999999999999,False,False,False,1.0,obs,8720218,NAVD88,m
2019-08-29 18:00:00+00:00,10,10,10,1.0,-0.7798999999999999,-0.815,-0.714,0.0,-0.7798999999999999,False,False,False,1.0,obs,8720218,NAVD88,m
2019-08-29 19:00:00+00:00,10,10,10,1.0,-0.7898,-0.837,-0.71,0.0,-0.7898,False,False,False,1.0,obs,8720218,NAVD88,m
2019-08-29 20:00:00+00:00,10,10,10,1.0,-0.5403,-0.687,-0.36,0.0,-0.5403,False,False,False,1.0,obs,8720218,NAVD88,m
2019-08-29 21:00:00+00:00,10,10,10,1.0,-0.1256,-0.317,0.078,0.0,-0.1256,False,False,False,1.0,obs,8720218,NAVD88,m
2019-08-29 22:00:00+00:00,10,10,10,1.0,0.3193,0.129,0.511,0.0,0.3193,False,False,False,1.0,obs,8720218,NAVD88,m
2019-08-29 23:00:00+00:00,10,10,10,1.0,0.6985,0.543,0.852,0.0,0.6985,False,False,False,1.0,obs,8720218,NAVD88,m
2019-08-30 00:00:00+00:00,10,10,10,1.0,0.9814,0.88,1.076,0.0,0.9814,False,False,False,1.0,obs,8720218,NAVD88,m
2019-08-30 01:00:00+00:00,10,10,10,1.0,1.1162,1.084,1.138,0.0,1.1162,False,False,False,1.0,obs,8720218,NAVD88,m
2019-08-30 02:00:00+00:00,10,10,10,1.0,1.0649,0.977,1.125,0.0,1.0649,False,False,False,1.0,obs,8720218,NAVD88,m
2019-08-30 03:00:00+00:00,10,10,10,1.0,0.7896,0.596,0.944,0.0,0.7896,False,False,False,1.0,obs,8720218,NAVD88,m
2019-08-30 04:00:00+00:00,10,10,10,1.0,0.3073,0.096,0.546,0.0,0.3073,False,False,False,1.0,obs,8720218,NAVD88,m
2019-08-30 05:00:00+00:00,10,10,10,1.0,-0.16219999999999998,-0.339,0.045,0.0,-0.16219999999999998,False,False,False,1.0,obs,8720218,NAVD88,m
2019-08-30 06:00:00+00:00,10,10,10,1.0,-0.533,-0.66,-0.375,0.0,-0.533,False,False,False,1.0,obs,8720218,NAVD88,m
2019-08-30 07:00:00+00:00,10,10,10,1.0,-0.72,-0.747,-0.666,0.0,-0.72,False,False,False,1.0,obs,8720218,NAVD88,m
2019-08-30 08:00:00+00:00,10,10,10,1.0,-0.6737,-0.73,-0.573,0.0,-0.6737,False,False,False,1.0,obs,8720218,NAVD88,m
2019-08-30 09:00:00+00:00,10,10,10,1.0,-0.3793,-0.535,-0.194,0.0,-0.3793,False,False,False,1.0,obs,8720218,NAVD88,m
2019-08-30 10:00:00+00:00,10,10,10,1.0,0.051000000000000004,-0.153,0.247,0.0,0.051000000000000004,False,False,False,1.0,obs,8720218,NAVD88,m
2019-08-30 11:00:00+00:00,10,10,10,1.0,0.44560000000000005,0.283,0.602,0.0,0.44560000000000005,False,False,False,1.0,obs,8720218,NAVD88,m
2019-08-30 12:00:00+00:00,10,10,10,1.0,0.7437000000000001,0.625,0.856,0.0,0.7437000000000001,False,False,False,1.0,obs,8720218,NAVD88,m
2019-08-30 13:00:00+00:00,10,10,10,1.0,0.9334,0.871,0.97,0.0,0.9334,False,False,False,1.0,obs,8720218,NAVD88,m
2019-08-30 14:00:00+00:00,10,10,10,1.0,0.9776999999999999,0.947,0.999,0.0,0.9776999999999999,False,False,False,1.0,obs,8720218,NAVD88,m
2019-08-30 15:00:00+00:00,10,10,10,1.0,0.8144,0.664,0.929,0.0,0.8144,False,False,False,1.0,obs,8720218,NAVD88,m
2019-08-30 16:00:00+00:00,10,10,10,1.0,0.41670000000000007,0.182,0.617,0.0,0.41670000000000007,False,False,False,1.0,obs,8720218,NAVD88,m
2019-08-30 17:00:00+00:00,10,10,10,1.0,-0.0746,-0.276,0.147,0.0,-0.0746,False,False,False,1.0,obs,8720218,NAVD88,m
2019-08-30 18:00:00+00:00,10,10,10,1.0,-0.5142,-0.679,-0.31,0.0,-0.5142,False,False,False,1.0,obs,8720218,NAVD88,m
2019-08-30 19:00:00+00:00,10,10,10,1.0,-0.7993,-0.868,-0.703,0.0,-0.7993,False,False,False,1.0,obs,8720218,NAVD88,m
2019-08-30 20:00:00+00:00,10,10,10,1.0,-0.8143,-0.88,-0.733,0.0,-0.8143,False,False,False,1.0,obs,8720218,NAVD88,m
2019-08-30 21:00:00+00:00,10,10,10,1.0,-0.5215,-0.708,-0.311,0.0,-0.5215,False,False,False,1.0,obs,8720218,NAVD88,m
2019-08-30 22:00:00+00:00,10,10,10,1.0,-0.0605,-0.264,0.14,0.0,-0.0605,False,False,False,1.0,obs,8720218,NAVD88,m
2019-08-30 23:00:00+00:00,10,10,10,1.0,0.37300000000000005,0.179,0.579,0.0,0.37300000000000005,False,False,False,1.0,obs,8720218,NAVD88,m
2019-08-31 00:00:00+00:00,10,10,10,1.0,0.7683,0.618,0.923,0.0,0.7683,False,False,False,1.0,obs,8720218,NAVD88,m
2019-08-31 01:00:00+00:00,10,10,10,1.0,1.0362,0.932,1.118,0.0,1.0362,False,False,False,1.0,obs,8720218,NAVD88,m
2019-08-31 02:00:00+00:00,10,10,10,1.0,1.1562999999999999,1.132,1.167,0.0,1.1562999999999999,False,False,False,1.0,obs,8720218,NAVD88,m
2019-08-31 03:00:00+00:00,10,10,10,1.0,1.0821,0.974,1.159,0.0,1.0821,False,False,False,1.0,obs,8720218,NAVD88,m
2019-08-31 04:00:00+00:00,10,10,10,1.0,0.7472,0.512,0.943,0.0,0.7472,False,False,False,1.0,obs,8720218,NAVD88,m
2019-08-31 05:00:00+00:00,10,10,10,1.0,0.21669999999999998,-0.035,0.459,0.0,0.21669999999999998,False,False,False,1.0,obs,8720218,NAVD88,m
2019-08-31 06:00:00+00:00,10,10,10,1.0,-0.2576,-0.448,-0.067,0.0,-0.2576,False,False,False,1.0,obs,8720218,NAVD88,m
2019-08-31 07:00:00+00:00,10,10,10,1.0,-0.6568,-0.798,-0.485,0.0,-0.6568,False,False,False,1.0,obs,8720218,NAVD88,m
2019-08-31 08:00:00+00:00,10,10,10,1.0,-0.8459,-0.869,-0.813,0.0,-0.8459,False,False,False,1.0,obs,8720218,NAVD88,m
2019-08-31 09:00:00+00:00,10,10,10,1.0,-0.7213,-0.825,-0.588,0.0,-0.7213,False,False,False,1.0,obs,8720218,NAVD88,m
2019-08-31 10:00:00+00:00,10,10,10,1.0,-0.36750000000000005,-0.553,-0.176,0.0,-0.36750000000000005,False,False,False,1.0,obs,8720218,NAVD88,m
2019-08-31 11:00:00+00:00,10,10,10,1.0,0.07419999999999999,-0.135,0.255,0.0,0.07419999999999999,False,False,False,1.0,obs,8720218,NAVD88,m
2019-08-31 12:00:00+00:00,10,10,10,1.0,0.46679999999999994,0.298,0.622,0.0,0.46679999999999994,False,False,False,1.0,obs,8720218,NAVD88,m
2019-08-31 13:00:00+00:00,10,10,10,1.0,0.7761,0.653,0.884,0.0,0.7761,False,False,False,1.0,obs,8720218,NAVD88,m
2019-08-31 14:00:00+00:00,10,10,10,1.0,0.9656,0.905,1.009,0.0,0.9656,False,False,False,1.0,obs,8720218,NAVD88,m
2019-08-31 15:00:00+00:00,10,10,10,1.0,0.9882,0.943,1.016,0.0,0.9882,False,False,False,1.0,obs,8720218,NAVD88,m
2019-08-31 16:00:00+00:00,10,10,10,1.0,0.7836000000000001,0.602,0.919,0.0,0.7836000000000001,False,False,False,1.0,obs,8720218,NAVD88,m
2019-08-31 17:00:00+00:00,10,10,10,1.0,0.325,0.072,0.561,0.0,0.325,False,False,False,1.0,obs,8720218,NAVD88,m
2019-08-31 18:00:00+00:00,10,10,10,1.0,-0.1972,-0.4,0.012,0.0,-0.1972,False,False,False,1.0,obs,8720218,NAVD88,m
2019-08-31 19:00:00+00:00,10,10,10,1.0,-0.5740000000000001,-0.719,-0.429,0.0,-0.5740000000000001,False,False,False,1.0,obs,8720218,NAVD88,m
2019-08-31 20:00:00+00:00,10,10,10,1.0,-0.78,-0.82,-0.735,0.0,-0.78,False,False,False,1.0,obs,8720218,NAVD88,m
2019-08-31 21:00:00+00:00,10,10,10,1.0,-0.7689,-0.823,-0.708,0.0,-0.7689,False,False,False,1.0,obs,8720218,NAVD88,m
2019-08-31 22:00:00+00:00,10,10,10,1.0,-0.5028,-0.667,-0.285,0.0,-0.5028,False,False,False,1.0,obs,8720218,NAVD88,m
2019-08-31 23:00:00+00:00,10,10,10,1.0,-0.016999999999999987,-0.242,0.196,0.0,-0.016999999999999987,False,False,False,1.0,obs,8720218,NAVD88,m
2019-09-01 00:00:00+00:00,10,10,10,1.0,0.42469999999999997,0.23,0.609,0.0,0.42469999999999997,False,False,False,1.0,obs,8720218,NAVD88,m
2019-09-01 01:00:00+00:00,10,10,10,1.0,0.7878000000000001,0.644,0.918,0.0,0.7878000000000001,False,False,False,1.0,obs,8720218,NAVD88,m
2019-09-01 02:00:00+00:00,10,10,10,1.0,1.0356,0.943,1.104,0.0,1.0356,False,False,False,1.0,obs,8720218,NAVD88,m
2019-09-01 03:00:00+00:00,10,10,10,1.0,1.1331,1.117,1.14,0.0,1.1331,False,False,False,1.0,obs,8720218,NAVD88,m
2019-09-01 04:00:00+00:00,10,10,10,1.0,1.0225,0.932,1.107,0.0,1.0225,False,False,False,1.0,obs,8720218,NAVD88,m
2019-09-01 05:00:00+00:00,10,10,10,1.0,0.6962,0.463,0.906,0.0,0.6962,False,False,False,1.0,obs,8720218,NAVD88,m
2019-09-01 06:00:00+00:00,10,10,10,1.0,0.1747,-0.06,0.422,0.0,0.1747,False,False,False,1.0,obs,8720218,NAVD88,m
2019-09-01 07:00:00+00:00,10,10,10,1.0,-0.30510000000000004,-0.499,-0.1,0.0,-0.30510000000000004,False,False,False,1.0,obs,8720218,NAVD88,m
2019-09-01 08:00:00+00:00,10,10,10,1.0,-0.655,-0.739,-0.53,0.0,-0.655,False,False,False,1.0,obs,8720218,NAVD88,m
2019-09-01 09:00:00+00:00,10,10,10,1.0,-0.7575000000000001,-0.77,-0.74,0.0,-0.7575000000000001,False,False,False,1.0,obs,8720218,NAVD88,m
2019-09-01 10:00:00+00:00,10,10,10,1.0,-0.6184,-0.722,-0.484,0.0,-0.6184,False,False,False,1.0,obs,8720218,NAVD88,m
2019-09-01 11:00:00+00:00,10,10,10,1.0,-0.2512,-0.443,-0.055,0.0,-0.2512,False,False,False,1.0,obs,8720218,NAVD88,m
2019-09-01 12:00:00+00:00,10,10,10,1.0,0.1724,-0.015,0.359,0.0,0.1724,False,False,False,1.0,obs,8720218,NAVD88,m
2019-09-01 13:00:00+00:00,10,10,10,1.0,0.5611,0.403,0.703,0.0,0.5611,False,False,False,1.0,obs,8720218,NAVD88,m
2019-09-01 14:00:00+00:00,10,10,10,1.0,0.8569999999999999,0.738,0.95,0.0,0.8569999999999999,False,False,False,1.0,obs,8720218,NAVD88,m
2019-09-01 15:00:00+00:00,10,10,10,1.0,1.0332000000000001,0.972,1.076,0.0,1.0332000000000001,False,False,False,1.0,obs,8720218,NAVD88,m
2019-09-01 16:00:00+00:00,10,10,10,1.0,1.0388999999999997,0.988,1.067,0.0,1.0388999999999997,False,False,False,1.0,obs,8720218,NAVD88,m
2019-09-01 17:00:00+00:00,10,10,10,1.0,0.8256,0.649,0.968,0.0,0.8256,False,False,False,1.0,obs,8720218,NAVD88,m
2019-09-01 18:00:00+00:00,10,10,10,1.0,0.3812,0.154,0.6,0.0,0.3812,False,False,False,1.0,obs,8720218,NAVD88,m
2019-09-01 19:00:00+00:00,10,10,10,1.0,-0.09069999999999999,-0.267,0.104,0.0,-0.09069999999999999,False,False,False,1.0,obs,8720218,NAVD88,m
2019-09-01 20:00:00+00:00,10,10,10,1.0,-0.47329999999999994,-0.594,-0.307,0.0,-0.47329999999999994,False,False,False,1.0,obs,8720218,NAVD88,m
2019-09-01 21:00:00+00:00,10,10,10,1.0,-0.6973999999999999,-0.722,-0.636,0.0,-0.6973999999999999,False,False,False,1.0,obs,8720218,NAVD88,m
2019-09-01 22:00:00+00:00,10,10,10,1.0,-0.6504,-0.713,-0.563,0.0,-0.6504,False,False,False,1.0,obs,8720218,NAVD88,m
2019-09-01 23:00:00+00:00,10,10,10,1.0,-0.3623,-0.552,-0.172,0.0,-0.3623,False,False,False,1.0,obs,8720218,NAVD88,m
2019-09-02 00:00:00+00:00,10,10,10,1.0,0.06970000000000001,-0.129,0.258,0.0,0.06970000000000001,False,False,False,1.0,obs,8720218,NAVD88,m
2019-09-02 01:00:00+00:00,10,10,10,1.0,0.46390000000000003,0.308,0.622,0.0,0.46390000000000003,False,False,False,1.0,obs,8720218,NAVD88,m
2019-09-02 02:00:00+00:00,10,10,10,1.0,0.7973000000000001,0.666,0.927,0.0,0.7973000000000001,False,False,False,1.0,obs,8720218,NAVD88,m
2019-09-02 03:00:00+00:00,10,10,10,1.0,1.0180999999999998,0.948,1.075,0.0,1.0180999999999998,False,False,False,1.0,obs,8720218,NAVD88,m
2019-09-02 04:00:00+00:00,10,10,10,1.0,1.0905,1.077,1.101,0.0,1.0905,False,False,False,1.0,obs,8720218,NAVD88,m
2019-09-02 05:00:00+00:00,10,10,10,1.0,0.9890000000000001,0.871,1.067,0.0,0.9890000000000001,False,False,False,1.0,obs,8720218,NAVD88,m
2019-09-02 06:00:00+00:00,10,10,10,1.0,0.6740999999999999,0.465,0.843,0.0,0.6740999999999999,False,False,False,1.0,obs,8720218,NAVD88,m
2019-09-02 07:00:00+00:00,10,10,10,1.0,0.21869999999999998,0.01,0.421,0.0,0.21869999999999998,False,False,False,1.0,obs,8720218,NAVD88,m
2019-09-02 08:00:00+00:00,10,10,10,1.0,-0.20860000000000004,-0.363,-0.027,0.0,-0.20860000000000004,False,False,False,1.0,obs,8720218,NAVD88,m
2019-09-02 09:00:00+00:00,10,10,10,1.0,-0.5094000000000001,-0.591,-0.389,0.0,-0.5094000000000001,False,False,False,1.0,obs,8720218,NAVD88,m
2019-09-02 10:00:00+00:00,10,10,10,1.0,-0.602,-0.624,-0.584,0.0,-0.602,False,False,False,1.0,obs,8720218,NAVD88,m
2019-09-02 11:00:00+00:00,10,10,10,1.0,-0.45459999999999995,-0.568,-0.326,0.0,-0.45459999999999995,False,False,False,1.0,obs,8720218,NAVD88,m
2019-09-02 12:00:00+00:00,10,10,10,1.0,-0.1222,-0.292,0.053,0.0,-0.1222,False,False,False,1.0,obs,8720218,NAVD88,m
2019-09-02 13:00:00+00:00,10,10,10,1.0,0.2592,0.086,0.433,0.0,0.2592,False,False,False,1.0,obs,8720218,NAVD88,m
2019-09-02 14:00:00+00:00,10,10,10,1.0,0.6255,0.471,0.763,0.0,0.6255,False,False,False,1.0,obs,8720218,NAVD88,m
2019-09-02 15:00:00+00:00,10,10,10,1.0,0.8963000000000001,0.791,0.999,0.0,0.8963000000000001,False,False,False,1.0,obs,8720218,NAVD88,m
2019-09-02 16:00:00+00:00,10,10,10,1.0,1.0593000000000001,1.01,1.097,0.0,1.0593000000000001,False,False,False,1.0,obs,8720218,NAVD88,m
2019-09-02 17:00:00+00:00,10,10,10,1.0,1.062,1.015,1.095,0.0,1.062,False,False,False,1.0,obs,8720218,NAVD88,m
2019-09-02 18:00:00+00:00,10,10,10,1.0,0.8766999999999999,0.722,1.002,0.0,0.8766999999999999,False,False,False,1.0,obs,8720218,NAVD88,m
2019-09-02 19:00:00+00:00,10,10,10,1.0,0.49960000000000004,0.313,0.673,0.0,0.49960000000000004,False,False,False,1.0,obs,8720218,NAVD88,m
2019-09-02 20:00:00+00:00,10,10,10,1.0,0.0678,-0.123,0.276,0.0,0.0678,False,False,False,1.0,obs,8720218,NAVD88,m
2019-09-02 21:00:00+00:00,10,10,10,1.0,-0.3095,-0.446,-0.15,0.0,-0.3095,False,False,False,1.0,obs,8720218,NAVD88,m
2019-09-02 22:00:00+00:00,10,10,10,1.0,-0.5778000000000001,-0.631,-0.489,0.0,-0.5778000000000001,False,False,False,1.0,obs,8720218,NAVD88,m
2019-09-02 23:00:00+00:00,10,10,10,1.0,-0.5527,-0.618,-0.462,0.0,-0.5527,False,False,False,1.0,obs,8720218,NAVD88,m
2019-09-03 00:00:00+00:00,10,10,10,1.0,-0.27380000000000004,-0.437,-0.083,0.0,-0.27380000000000004,False,False,False,1.0,obs,8720218,NAVD88,m
2019-09-03 01:00:00+00:00,10,10,10,1.0,0.127,-0.049,0.314,0.0,0.127,False,False,False,1.0,obs,8720218,NAVD88,m
2019-09-03 02:00:00+00:00,10,10,10,1.0,0.47809999999999997,0.354,0.617,0.0,0.47809999999999997,False,False,False,1.0,obs,8720218,NAVD88,m
2019-09-03 03:00:00+00:00,10,10,10,1.0,0.7639,0.648,0.886,0.0,0.7639,False,False,False,1.0,obs,8720218,NAVD88,m
2019-09-03 04:00:00+00:00,10,10,10,1.0,0.9718,0.919,1.013,0.0,0.9718,False,False,False,1.0,obs,8720218,NAVD88,m
2019-09-03 05:00:00+00:00,10,10,10,1.0,1.04,1.013,1.056,0.0,1.04,False,False,False,1.0,obs,8720218,NAVD88,m
2019-09-03 06:00:00+00:00,10,10,10,1.0,0.9302999999999999,0.812,1.004,0.0,0.9302999999999999,False,False,False,1.0,obs,8720218,NAVD88,m
2019-09-03 07:00:00+00:00,10,10,10,1.0,0.6222,0.414,0.786,0.0,0.6222,False,False,False,1.0,obs,8720218,NAVD88,m
2019-09-03 08:00:00+00:00,10,10,10,1.0,0.1894,0.03,0.369,0.0,0.1894,False,False,False,1.0,obs,8720218,NAVD88,m
2019-09-03 09:00:00+00:00,10,10,10,1.0,-0.17509999999999998,-0.336,-0.015,0.0,-0.17509999999999998,False,False,False,1.0,obs,8720218,NAVD88,m
2019-09-03 10:00:00+00:00,10,10,10,1.0,-0.4572,-0.525,-0.35,0.0,-0.4572,False,False,False,1.0,obs,8720218,NAVD88,m
2019-09-03 11:00:00+00:00,10,10,10,1.0,-0.5236,-0.537,-0.501,0.0,-0.5236,False,False,False,1.0,obs,8720218,NAVD88,m
2019-09-03 12:00:00+00:00,10,10,10,1.0,-0.39959999999999996,-0.525,-0.256,0.0,-0.39959999999999996,False,False,False,1.0,obs,8720218,NAVD88,m
2019-09-03 13:00:00+00:00,10,10,10,1.0,-0.039400000000000004,-0.229,0.159,0.0,-0.039400000000000004,False,False,False,1.0,obs,8720218,NAVD88,m
2019-09-03 14:00:00+00:00,10,10,10,1.0,0.3606,0.198,0.527,0.0,0.3606,False,False,False,1.0,obs,8720218,NAVD88,m
2019-09-03 15:00:00+00:00,10,10,10,1.0,0.6728000000000001,0.525,0.809,0.0,0.6728000000000001,False,False,False,1.0,obs,8720218,NAVD88,m
2019-09-03 16:00:00+00:00,10,10,10,1.0,0.9285,0.838,1.02,0.0,0.9285,False,False,False,1.0,obs,8720218,NAVD88,m
2019-09-03 17:00:00+00:00,10,10,10,1.0,1.0731,1.022,1.109,0.0,1.0731,False,False,False,1.0,obs,8720218,NAVD88,m
2019-09-03 18:00:00+00:00,10,10,10,1.0,1.0777,1.024,1.101,0.0,1.0777,False,False,False,1.0,obs,8720218,NAVD88,m
2019-09-03 19:00:00+00:00,10,10,10,1.0,0.8812999999999999,0.76,0.982,0.0,0.8812999999999999,False,False,False,1.0,obs,8720218,NAVD88,m
2019-09-03 20:00:00+00:00,10,10,10,1.0,0.5505,0.356,0.731,0.0,0.5505,False,False,False,1.0,obs,8720218,NAVD88,m
2019-09-03 21:00:00+00:00,10,10,10,1.0,0.13450000000000004,-0.045,0.302,0.0,0.13450000000000004,False,False,False,1.0,obs,8720218,NAVD88,m
2019-09-03 22:00:00+00:00,10,10,10,1.0,-0.20529999999999998,-0.324,-0.079,0.0,-0.20529999999999998,False,False,False,1.0,obs,8720218,NAVD88,m
2019-09-03 23:00:00+00:00,10,10,10,1.0,-0.41530000000000006,-0.454,-0.35,0.0,-0.41530000000000006,False,False,False,1.0,obs,8720218,NAVD88,m
2019-09-04 00:00:00+00:00,10,10,10,1.0,-0.3777,-0.446,-0.311,0.0,-0.3777,False,False,False,1.0,obs,8720218,NAVD88,m
2019-09-04 01:00:00+00:00,10,10,10,1.0,-0.126,-0.269,0.026,0.0,-0.126,False,False,False,1.0,obs,8720218,NAVD88,m
2019-09-04 02:00:00+00:00,10,10,10,1.0,0.2138,0.058,0.374,0.0,0.2138,False,False,False,1.0,obs,8720218,NAVD88,m
2019-09-04 03:00:00+00:00,10,10,10,1.0,0.5361,0.42,0.669,0.0,0.5361,False,False,False,1.0,obs,8720218,NAVD88,m
2019-09-04 04:00:00+00:00,10,10,10,1.0,0.8015000000000001,0.685,0.911,0.0,0.8015000000000001,False,False,False,1.0,obs,8720218,NAVD88,m
2019-09-04 05:00:00+00:00,10,10,10,1.0,0.9898999999999999,0.922,1.059,0.0,0.9898999999999999,False,False,False,1.0,obs,8720218,NAVD88,m
2019-09-04 06:00:00+00:00,10,10,10,1.0,1.0537,1.025,1.065,0.0,1.0537,False,False,False,1.0,obs,8720218,NAVD88,m
2019-09-04 07:00:00+00:00,10,10,10,1.0,0.9519,0.84,1.019,0.0,0.9519,False,False,False,1.0,obs,8720218,NAVD88,m
2019-09-04 08:00:00+00:00,10,10,10,1.0,0.7373000000000001,0.63,0.832,0.0,0.7373000000000001,False,False,False,1.0,obs,8720218,NAVD88,m
2019-09-04 09:00:00+00:00,10,10,10,1.0,0.4566,0.317,0.58,0.0,0.4566,False,False,False,1.0,obs,8720218,NAVD88,m
2019-09-04 10:00:00+00:00,10,10,10,1.0,0.2097,0.088,0.298,0.0,0.2097,False,False,False,1.0,obs,8720218,NAVD88,m
2019-09-04 11:00:00+00:00,10,10,10,1.0,-0.015100000000000002,-0.095,0.063,0.0,-0.015100000000000002,False,False,False,1.0,obs,8720218,NAVD88,m
2019-09-04 12:00:00+00:00,10,10,10,1.0,-0.029300000000000003,-0.056,-0.01,0.0,-0.029300000000000003,False,False,False,1.0,obs,8720218,NAVD88,m
2019-09-04 13:00:00+00:00,10,10,10,1.0,0.06620000000000001,-0.006,0.142,0.0,0.06620000000000001,False,False,False,1.0,obs,8720218,NAVD88,m
2019-09-04 14:00:00+00:00,10,10,10,1.0,0.3181,0.16,0.448,0.0,0.3181,False,False,False,1.0,obs,8720218,NAVD88,m
2019-09-04 15:00:00+00:00,10,10,10,1.0,0.5673,0.457,0.715,0.0,0.5673,False,False,False,1.0,obs,8720218,NAVD88,m
2019-09-04 16:00:00+00:00,10,10,10,1.0,0.8347999999999999,0.742,0.95,0.0,0.8347999999999999,False,False,False,1.0,obs,8720218,NAVD88,m
2019-09-04 17:00:00+00:00,10,10,10,1.0,1.0577,0.946,1.143,0.0,1.0577,False,False,False,1.0,obs,8720218,NAVD88,m
2019-09-04 18:00:00+00:00,10,10,10,1.0,1.1892,1.159,1.232,0.0,1.1892,False,False,False,1.0,obs,8720218,NAVD88,m
2019-09-04 19:00:00+00:00,10,10,10,1.0,1.2032,1.166,1.239,0.0,1.2032,False,False,False,1.0,obs,8720218,NAVD88,m
2019-09-04 20:00:00+00:00,10,10,10,1.0,1.1019,1.03,1.19,0.0,1.1019,False,False,False,1.0,obs,8720218,NAVD88,m
2019-09-04 21:00:00+00:00,10,10,10,1.0,0.9168000000000001,0.771,1.032,0.0,0.9168000000000001,False,False,False,1.0,obs,8720218,NAVD88,m
2019-09-04 22:00:00+00:00,10,10,10,1.0,0.5704,0.423,0.763,0.0,0.5704,False,False,False,1.0,obs,8720218,NAVD88,m
2019-09-04 23:00:00+00:00,10,10,10,1.0,0.2096,0.055,0.419,0.0,0.2096,False,False,False,1.0,obs,8720218,NAVD88,m
2019-09-05 00:00:00+00:00,10,10,10,1.0,-0.0558,-0.127,0.025,0.0,-0.0558,False,False,False,1.0,obs,8720218,NAVD88,m
2019-09-05 01:00:00+00:00,10,10,10,1.0,-0.13,-0.163,-0.107,0.0,-0.13,False,False,False,1.0,obs,8720218,NAVD88,m
2019-09-05 02:00:00+00:00,10,10,10,1.0,-0.0753,-0.145,0.026,0.0,-0.0753,False,False,False,1.0,obs,8720218,NAVD88,m
2019-09-05 03:00:00+00:00,10,10,10,1.0,0.10729999999999999,-0.015,0.253,0.0,0.10729999999999999,False,False,False,1.0,obs,8720218,NAVD88,m
2019-09-05 04:00:00+00:00,10,10,10,1.0,0.3431,0.212,0.491,0.0,0.3431,False,False,False,1.0,obs,8720218,NAVD88,m
2019-09-05 05:00:00+00:00,10,10,10,1.0,0.5938000000000001,0.518,0.655,0.0,0.5938000000000001,False,False,False,1.0,obs,8720218,NAVD88,m
2019-09-05 06:00:00+00:00,10,10,10,1.0,0.7515000000000001,0.64,0.835,0.0,0.7515000000000001,False,False,False,1.0,obs,8720218,NAVD88,m
2019-09-05 07:00:00+00:00,10,10,10,1.0,0.8150999999999999,0.763,0.85,0.0,0.8150999999999999,False,False,False,1.0,obs,8720218,NAVD88,m
2019-09-05 08:00:00+00:00,10,10,10,1.0,0.7029,0.606,0.791,0.0,0.7029,False,False,False,1.0,obs,8720218,NAVD88,m
2019-09-05 09:00:00+00:00,10,10,10,1.0,0.40390000000000004,0.247,0.555,0.0,0.40390000000000004,False,False,False,1.0,obs,8720218,NAVD88,m
2019-09-05 10:00:00+00:00,10,10,10,1.0,0.04359999999999999,-0.113,0.189,0.0,0.04359999999999999,False,False,False,1.0,obs,8720218,NAVD88,m
2019-09-05 11:00:00+00:00,10,10,10,1.0,-0.31779999999999997,-0.452,-0.159,0.0,-0.31779999999999997,False,False,False,1.0,obs,8720218,NAVD88,m
2019-09-05 12:00:00+00:00,10,10,10,1.0,-0.5509999999999999,-0.668,-0.465,0.0,-0.5509999999999999,False,False,False,1.0,obs,8720218,NAVD88,m
2019-09-05 13:00:00+00:00,10,10,10,1.0,-0.6346999999999999,-0.68,-0.587,0.0,-0.6346999999999999,False,False,False,1.0,obs,8720218,NAVD88,m
2019-09-05 14:00:00+00:00,10,10,10,1.0,-0.51,-0.582,-0.422,0.0,-0.51,False,False,False,1.0,obs,8720218,NAVD88,m
2019-09-05 15:00:00+00:00,10,10,10,1.0,-0.2307,-0.37,-0.071,0.0,-0.2307,False,False,False,1.0,obs,8720218,NAVD88,m
2019-09-05 16:00:00+00:00,10,10,10,1.0,0.0827,-0.053,0.224,0.0,0.0827,False,False,False,1.0,obs,8720218,NAVD88,m
2019-09-05 17:00:00+00:00,10,10,10,1.0,0.4022,0.266,0.519,0.0,0.4022,False,False,False,1.0,obs,8720218,NAVD88,m
2019-09-05 18:00:00+00:00,10,10,10,1.0,0.6294000000000001,0.55,0.703,0.0,0.6294000000000001,False,False,False,1.0,obs,8720218,NAVD88,m
2019-09-05 19:00:00+00:00,10,10,10,1.0,0.7552000000000001,0.727,0.784,0.0,0.7552000000000001,False,False,False,1.0,obs,8720218,NAVD88,m
2019-09-05 20:00:00+00:00,10,10,10,1.0,0.7319,0.685,0.775,0.0,0.7319,False,False,False,1.0,obs,8720218,NAVD88,m
2019-09-05 21:00:00+00:00,10,10,10,1.0,0.5279,0.377,0.669,0.0,0.5279,False,False,False,1.0,obs,8720218,NAVD88,m
2019-09-05 22:00:00+00:00,10,10,10,1.0,0.1768,-0.02,0.361,0.0,0.1768,False,False,False,1.0,obs,8720218,NAVD88,m
2019-09-05 23:00:00+00:00,10,10,10,1.0,-0.20540000000000003,-0.323,-0.056,0.0,-0.20540000000000003,False,False,False,1.0,obs,8720218,NAVD88,m
2019-09-06 00:00:00+00:00,10,10,10,1.0,-0.5312000000000001,-0.653,-0.375,0.0,-0.5312000000000001,False,False,False,1.0,obs,8720218,NAVD88,m
2019-09-06 01:00:00+00:00,10,10,10,1.0,-0.7144999999999999,-0.871,-0.651,0.0,-0.7144999999999999,False,False,False,1.0,obs,8720218,NAVD88,m
2019-09-06 02:00:00+00:00,10,10,10,1.0,-0.7055,-0.739,-0.669,0.0,-0.7055,False,False,False,1.0,obs,8720218,NAVD88,m
2019-09-06 03:00:00+00:00,10,10,10,1.0,-0.5549,-0.669,-0.458,0.0,-0.5549,False,False,False,1.0,obs,8720218,NAVD88,m
2019-09-06 04:00:00+00:00,10,10,10,1.0,-0.28379999999999994,-0.412,-0.142,0.0,-0.28379999999999994,False,False,False,1.0,obs,8720218,NAVD88,m
2019-09-06 05:00:00+00:00,10,10,10,1.0,0.0216,-0.116,0.17,0.0,0.0216,False,False,False,1.0,obs,8720218,NAVD88,m
2019-09-06 06:00:00+00:00,10,10,10,1.0,0.2968,0.196,0.401,0.0,0.2968,False,False,False,1.0,obs,8720218,NAVD88,m
2019-09-06 07:00:00+00:00,10,10,10,1.0,0.4523,0.414,0.494,0.0,0.4523,False,False,False,1.0,obs,8720218,NAVD88,m
2019-09-06 08:00:00+00:00,10,10,10,1.0,0.4619000000000001,0.421,0.488,0.0,0.4619000000000001,False,False,False,1.0,obs,8720218,NAVD88,m
2019-09-06 09:00:00+00:00,10,10,10,1.0,0.2961,0.176,0.411,0.0,0.2961,False,False,False,1.0,obs,8720218,NAVD88,m
2019-09-06 10:00:00+00:00,10,10,10,1.0,-0.04029999999999999,-0.2,0.135,0.0,-0.04029999999999999,False,False,False,1.0,obs,8720218,NAVD88,m
2019-09-06 11:00:00+00:00,10,10,10,1.0,-0.3738,-0.536,-0.232,0.0,-0.3738,False,False,False,1.0,obs,8720218,NAVD88,m
2019-09-06 12:00:00+00:00,10,10,10,1.0,-0.6382,-0.736,-0.553,0.0,-0.6382,False,False,False,1.0,obs,8720218,NAVD88,m
2019-09-06 13:00:00+00:00,10,10,10,1.0,-0.7925000000000001,-0.848,-0.747,0.0,-0.7925000000000001,False,False,False,1.0,obs,8720218,NAVD88,m
2019-09-06 14:00:00+00:00,10,10,10,1.0,-0.7725000000000001,-0.817,-0.687,0.0,-0.7725000000000001,False,False,False,1.0,obs,8720218,NAVD88,m
2019-09-06 15:00:00+00:00,10,10,10,1.0,-0.5845,-0.669,-0.476,0.0,-0.5845,False,False,False,1.0,obs,8720218,NAVD88,m
2019-09-06 16:00:00+00:00,10,10,10,1.0,-0.31870000000000004,-0.455,-0.174,0.0,-0.31870000000000004,False,False,False,1.0,obs,8720218,NAVD88,m
2019-09-06 17:00:00+00:00,10,10,10,1.0,0.0029,-0.145,0.162,0.0,0.0029,False,False,False,1.0,obs,8720218,NAVD88,m
2019-09-06 18:00:00+00:00,10,10,10,1.0,0.3114,0.186,0.431,0.0,0.3114,False,False,False,1.0,obs,8720218,NAVD88,m
2019-09-06 19:00:00+00:00,10,10,10,1.0,0.5313000000000001,0.449,0.589,0.0,0.5313000000000001,False,False,False,1.0,obs,8720218,NAVD88,m
2019-09-06 20:00:00+00:00,10,10,10,1.0,0.6325999999999999,0.599,0.644,0.0,0.6325999999999999,False,False,False,1.0,obs,8720218,NAVD88,m
2019-09-06 21:00:00+00:00,10,10,10,1.0,0.6102000000000001,0.543,0.646,0.0,0.6102000000000001,False,False,False,1.0,obs,8720218,NAVD88,m
2019-09-06 22:00:00+00:00,10,10,10,1.0,0.4131,0.276,0.539,0.0,0.4131,False,False,False,1.0,obs,8720218,NAVD88,m
2019-09-06 23:00:00+00:00,10,10,10,1.0,0.07260000000000001,-0.098,0.233,0.0,0.07260000000000001,False,False,False,1.0,obs,8720218,NAVD88,m
2019-09-07 00:00:00+00:00,10,10,10,1.0,-0.28509999999999996,-0.409,-0.143,0.0,-0.28509999999999996,False,False,False,1.0,obs,8720218,NAVD88,m
2019-09-07 01:00:00+00:00,10,10,10,1.0,-0.5393000000000001,-0.622,-0.451,0.0,-0.5393000000000001,False,False,False,1.0,obs,8720218,NAVD88,m
2019-09-07 02:00:00+00:00,10,10,10,1.0,-0.6859000000000001,-0.721,-0.641,0.0,-0.6859000000000001,False,False,False,1.0,obs,8720218,NAVD88,m
2019-09-07 03:00:00+00:00,10,10,10,1.0,-0.7026,-0.733,-0.667,0.0,-0.7026,False,False,False,1.0,obs,8720218,NAVD88,m
2019-09-07 04:00:00+00:00,10,10,10,1.0,-0.5561999999999999,-0.654,-0.446,0.0,-0.5561999999999999,False,False,False,1.0,obs,8720218,NAVD88,m
2019-09-07 05:00:00+00:00,10,10,10,1.0,-0.27980000000000005,-0.405,-0.164,0.0,-0.27980000000000005,False,False,False,1.0,obs,8720218,NAVD88,m
2019-09-07 06:00:00+00:00,10,10,10,1.0,0.012099999999999998,-0.12,0.137,0.0,0.012099999999999998,False,False,False,1.0,obs,8720218,NAVD88,m
2019-09-07 07:00:00+00:00,10,10,10,1.0,0.23160000000000003,0.105,0.313,0.0,0.23160000000000003,False,False,False,1.0,obs,8720218,NAVD88,m
2019-09-07 08:00:00+00:00,10,10,10,1.0,0.3599,0.316,0.394,0.0,0.3599,False,False,False,1.0,obs,8720218,NAVD88,m
2019-09-07 09:00:00+00:00,10,10,10,1.0,0.37070000000000003,0.318,0.386,0.0,0.37070000000000003,False,False,False,1.0,obs,8720218,NAVD88,m
2019-09-07 10:00:00+00:00,10,10,10,1.0,0.251,0.153,0.326,0.0,0.251,False,False,False,1.0,obs,8720218,NAVD88,m
2019-09-07 11:00:00+00:00,10,10,10,1.0,-0.0222,-0.177,0.132,0.0,-0.0222,False,False,False,1.0,obs,8720218,NAVD88,m
2019-09-07 12:00:00+00:00,10,10,10,1.0,-0.36690000000000006,-0.52,-0.202,0.0,-0.36690000000000006,False,False,False,1.0,obs,8720218,NAVD88,m
2019-09-07 13:00:00+00:00,10,10,10,1.0,-0.6306,-0.705,-0.538,0.0,-0.6306,False,False,False,1.0,obs,8720218,NAVD88,m
2019-09-07 14:00:00+00:00,10,10,10,1.0,-0.729,-0.743,-0.714,0.0,-0.729,False,False,False,1.0,obs,8720218,NAVD88,m
2019-09-07 15:00:00+00:00,10,10,10,1.0,-0.6984,-0.736,-0.651,0.0,-0.6984,False,False,False,1.0,obs,8720218,NAVD88,m
2019-09-07 16:00:00+00:00,10,10,10,1.0,-0.5399,-0.63,-0.428,0.0,-0.5399,False,False,False,1.0,obs,8720218,NAVD88,m
2019-09-07 17:00:00+00:00,10,10,10,1.0,-0.27820000000000006,-0.404,-0.142,0.0,-0.27820000000000006,False,False,False,1.0,obs,8720218,NAVD88,m
2019-09-07 18:00:00+00:00,10,10,10,1.0,0.0378,-0.108,0.169,0.0,0.0378,False,False,False,1.0,obs,8720218,NAVD88,m
2019-09-07 19:00:00+00:00,10,10,10,1.0,0.32120000000000004,0.214,0.422,0.0,0.32120000000000004,False,False,False,1.0,obs,8720218,NAVD88,m
2019-09-07 20:00:00+00:00,10,10,10,1.0,0.5134000000000001,0.444,0.574,0.0,0.5134000000000001,False,False,False,1.0,obs,8720218,NAVD88,m
2019-09-07 21:00:00+00:00,10,10,10,1.0,0.612,0.582,0.628,0.0,0.612,False,False,False,1.0,obs,8720218,NAVD88,m
2019-09-07 22:00:00+00:00,10,10,10,1.0,0.5928,0.548,0.623,0.0,0.5928,False,False,False,1.0,obs,8720218,NAVD88,m
2019-09-07 23:00:00+00:00,10,10,10,1.0,0.4488,0.351,0.533,0.0,0.4488,False,False,False,1.0,obs,8720218,NAVD88,m
2019-09-08 00:00:00+00:00,10,10,10,1.0,0.16130000000000003,-0.001,0.325,0.0,0.16130000000000003,False,False,False,1.0,obs,8720218,NAVD88,m
2019-09-08 01:00:00+00:00,10,10,10,1.0,-0.2091,-0.363,-0.039,0.0,-0.2091,False,False,False,1.0,obs,8720218,NAVD88,m
2019-09-08 02:00:00+00:00,10,10,10,1.0,-0.5085,-0.6,-0.399,0.0,-0.5085,False,False,False,1.0,obs,8720218,NAVD88,m
2019-09-08 03:00:00+00:00,10,10,10,1.0,-0.6289,-0.646,-0.611,0.0,-0.6289,False,False,False,1.0,obs,8720218,NAVD88,m
2019-09-08 04:00:00+00:00,10,10,10,1.0,-0.5905,-0.635,-0.523,0.0,-0.5905,False,False,False,1.0,obs,8720218,NAVD88,m
2019-09-08 05:00:00+00:00,10,10,10,1.0,-0.414,-0.501,-0.318,0.0,-0.414,False,False,False,1.0,obs,8720218,NAVD88,m
2019-09-08 06:00:00+00:00,10,10,10,1.0,-0.1877,-0.295,-0.066,0.0,-0.1877,False,False,False,1.0,obs,8720218,NAVD88,m
2019-09-08 07:00:00+00:00,10,10,10,1.0,0.07710000000000002,-0.04,0.196,0.0,0.07710000000000002,False,False,False,1.0,obs,8720218,NAVD88,m
2019-09-08 08:00:00+00:00,10,10,10,1.0,0.31999999999999995,0.218,0.403,0.0,0.31999999999999995,False,False,False,1.0,obs,8720218,NAVD88,m
2019-09-08 09:00:00+00:00,10,10,10,1.0,0.4589,0.416,0.491,0.0,0.4589,False,False,False,1.0,obs,8720218,NAVD88,m
2019-09-08 10:00:00+00:00,10,10,10,1.0,0.48729999999999996,0.457,0.51,0.0,0.48729999999999996,False,False,False,1.0,obs,8720218,NAVD88,m
2019-09-08 11:00:00+00:00,10,10,10,1.0,0.37120000000000003,0.269,0.447,0.0,0.37120000000000003,False,False,False,1.0,obs,8720218,NAVD88,m
2019-09-08 12:00:00+00:00,10,10,10,1.0,0.10329999999999999,-0.044,0.246,0.0,0.10329999999999999,False,False,False,1.0,obs,8720218,NAVD88,m
2019-09-08 13:00:00+00:00,10,10,10,1.0,-0.2204,-0.356,-0.077,0.0,-0.2204,False,False,False,1.0,obs,8720218,NAVD88,m
2019-09-08 14:00:00+00:00,10,10,10,1.0,-0.47139999999999993,-0.537,-0.38,0.0,-0.47139999999999993,False,False,False,1.0,obs,8720218,NAVD88,m
2019-09-08 15:00:00+00:00,10,10,10,1.0,-0.5872,-0.613,-0.556,0.0,-0.5872,False,False,False,1.0,obs,8720218,NAVD88,m
2019-09-08 16:00:00+00:00,10,10,10,1.0,-0.5298,-0.581,-0.466,0.0,-0.5298,False,False,False,1.0,obs,8720218,NAVD88,m
2019-09-08 17:00:00+00:00,10,10,10,1.0,-0.3388,-0.446,-0.219,0.0,-0.3388,False,False,False,1.0,obs,8720218,NAVD88,m
2019-09-08 18:00:00+00:00,10,10,10,1.0,-0.071,-0.197,0.07,0.0,-0.071,False,False,False,1.0,obs,8720218,NAVD88,m
2019-09-08 19:00:00+00:00,10,10,10,1.0,0.2186,0.097,0.341,0.0,0.2186,False,False,False,1.0,obs,8720218,NAVD88,m
2019-09-08 20:00:00+00:00,10,10,10,1.0,0.45970000000000005,0.352,0.549,0.0,0.45970000000000005,False,False,False,1.0,obs,8720218,NAVD88,m
2019-09-08 21:00:00+00:00,10,10,10,1.0,0.6388,0.573,0.693,0.0,0.6388,False,False,False,1.0,obs,8720218,NAVD88,m
2019-09-08 22:00:00+00:00,10,10,10,1.0,0.738,0.701,0.757,0.0,0.738,False,False,False,1.0,obs,8720218,NAVD88,m
2019-09-08 23:00:00+00:00,10,10,10,1.0,0.7045999999999999,0.653,0.755,0.0,0.7045999999999999,False,False,False,1.0,obs,8720218,NAVD88,m
2019-09-09 00:00:00+00:00,10,10,10,1.0,0.5208999999999999,0.401,0.636,0.0,0.5208999999999999,False,False,False,1.0,obs,8720218,NAVD88,m
2019-09-09 01:00:00+00:00,10,10,10,1.0,0.2125,0.055,0.376,0.0,0.2125,False,False,False,1.0,obs,8720218,NAVD88,m
2019-09-09 02:00:00+00:00,10,10,10,1.0,-0.1296,-0.28,0.025,0.0,-0.1296,False,False,False,1.0,obs,8720218,NAVD88,m
2019-09-09 03:00:00+00:00,10,10,10,1.0,-0.4065,-0.508,-0.303,0.0,-0.4065,False,False,False,1.0,obs,8720218,NAVD88,m
2019-09-09 04:00:00+00:00,10,10,10,1.0,-0.5362000000000001,-0.547,-0.522,0.0,-0.5362000000000001,False,False,False,1.0,obs,8720218,NAVD88,m
2019-09-09 05:00:00+00:00,10,10,10,1.0,-0.49149999999999994,-0.547,-0.409,0.0,-0.49149999999999994,False,False,False,1.0,obs,8720218,NAVD88,m
2019-09-09 06:00:00+00:00,10,10,10,1.0,-0.307,-0.399,-0.206,0.0,-0.307,False,False,False,1.0,obs,8720218,NAVD88,m
2019-09-09 07:00:00+00:00,10,10,10,1.0,-0.06989999999999999,-0.181,0.065,0.0,-0.06989999999999999,False,False,False,1.0,obs,8720218,NAVD88,m
2019-09-09 08:00:00+00:00,10,10,10,1.0,0.18549999999999997,0.072,0.293,0.0,0.18549999999999997,False,False,False,1.0,obs,8720218,NAVD88,m
2019-09-09 09:00:00+00:00,10,10,10,1.0,0.40650000000000003,0.325,0.489,0.0,0.40650000000000003,False,False,False,1.0,obs,8720218,NAVD88,m
2019-09-09 10:00:00+00:00,10,10,10,1.0,0.5249,0.473,0.559,0.0,0.5249,False,False,False,1.0,obs,8720218,NAVD88,m
2019-09-09 11:00:00+00:00,10,10,10,1.0,0.5418000000000001,0.501,0.573,0.0,0.5418000000000001,False,False,False,1.0,obs,8720218,NAVD88,m
2019-09-09 12:00:00+00:00,10,10,10,1.0,0.3982,0.27,0.489,0.0,0.3982,False,False,False,1.0,obs,8720218,NAVD88,m
2019-09-09 13:00:00+00:00,10,10,10,1.0,0.07680000000000001,-0.085,0.231,0.0,0.07680000000000001,False,False,False,1.0,obs,8720218,NAVD88,m
2019-09-09 14:00:00+00:00,10,10,10,1.0,-0.28400000000000003,-0.407,-0.128,0.0,-0.28400000000000003,False,False,False,1.0,obs,8720218,NAVD88,m
2019-09-09 15:00:00+00:00,10,10,10,1.0,-0.5239,-0.607,-0.422,0.0,-0.5239,False,False,False,1.0,obs,8720218,NAVD88,m
2019-09-09 16:00:00+00:00,10,10,10,1.0,-0.6211,-0.639,-0.605,0.0,-0.6211,False,False,False,1.0,obs,8720218,NAVD88,m
2019-09-09 17:00:00+00:00,10,10,10,1.0,-0.5610999999999999,-0.605,-0.473,0.0,-0.5610999999999999,False,False,False,1.0,obs,8720218,NAVD88,m
2019-09-09 18:00:00+00:00,10,10,10,1.0,-0.36970000000000003,-0.458,-0.255,0.0,-0.36970000000000003,False,False,False,1.0,obs,8720218,NAVD88,m
2019-09-09 19:00:00+00:00,10,10,10,1.0,-0.1035,-0.217,0.023,0.0,-0.1035,False,False,False,1.0,obs,8720218,NAVD88,m
2019-09-09 20:00:00+00:00,10,10,10,1.0,0.1827,0.052,0.314,0.0,0.1827,False,False,False,1.0,obs,8720218,NAVD88,m
2019-09-09 21:00:00+00:00,10,10,10,1.0,0.4332,0.332,0.524,0.0,0.4332,False,False,False,1.0,obs,8720218,NAVD88,m
2019-09-09 22:00:00+00:00,10,10,10,1.0,0.6215,0.555,0.694,0.0,0.6215,False,False,False,1.0,obs,8720218,NAVD88,m
2019-09-09 23:00:00+00:00,10,10,10,1.0,0.7141,0.697,0.73,0.0,0.7141,False,False,False,1.0,obs,8720218,NAVD88,m
2019-09-10 00:00:00+00:00,10,10,10,1.0,0.6683,0.603,0.726,0.0,0.6683,False,False,False,1.0,obs,8720218,NAVD88,m
2019-09-10 01:00:00+00:00,10,10,10,1.0,0.45729999999999993,0.334,0.578,0.0,0.45729999999999993,False,False,False,1.0,obs,8720218,NAVD88,m
2019-09-10 02:00:00+00:00,10,10,10,1.0,0.12380000000000002,-0.036,0.291,0.0,0.12380000000000002,False,False,False,1.0,obs,8720218,NAVD88,m
2019-09-10 03:00:00+00:00,10,10,10,1.0,-0.2133,-0.355,-0.065,0.0,-0.2133,False,False,False,1.0,obs,8720218,NAVD88,m
2019-09-10 04:00:00+00:00,10,10,10,1.0,-0.4667,-0.528,-0.384,0.0,-0.4667,False,False,False,1.0,obs,8720218,NAVD88,m
2019-09-10 05:00:00+00:00,10,10,10,1.0,-0.5572,-0.564,-0.537,0.0,-0.5572,False,False,False,1.0,obs,8720218,NAVD88,m
2019-09-10 06:00:00+00:00,10,10,10,1.0,-0.49440000000000006,-0.53,-0.42,0.0,-0.49440000000000006,False,False,False,1.0,obs,8720218,NAVD88,m
2019-09-10 07:00:00+00:00,10,10,10,1.0,-0.32920000000000005,-0.404,-0.234,0.0,-0.32920000000000005,False,False,False,1.0,obs,8720218,NAVD88,m
2019-09-10 08:00:00+00:00,10,10,10,1.0,-0.09910000000000001,-0.205,0.016,0.0,-0.09910000000000001,False,False,False,1.0,obs,8720218,NAVD88,m
2019-09-10 09:00:00+00:00,10,10,10,1.0,0.1589,0.035,0.28,0.0,0.1589,False,False,False,1.0,obs,8720218,NAVD88,m
2019-09-10 10:00:00+00:00,10,10,10,1.0,0.3846,0.287,0.481,0.0,0.3846,False,False,False,1.0,obs,8720218,NAVD88,m
2019-09-10 11:00:00+00:00,10,10,10,1.0,0.5059,0.481,0.534,0.0,0.5059,False,False,False,1.0,obs,8720218,NAVD88,m
2019-09-10 12:00:00+00:00,10,10,10,1.0,0.48789999999999994,0.451,0.517,0.0,0.48789999999999994,False,False,False,1.0,obs,8720218,NAVD88,m
2019-09-10 13:00:00+00:00,10,10,10,1.0,0.3164,0.19,0.43,0.0,0.3164,False,False,False,1.0,obs,8720218,NAVD88,m
2019-09-10 14:00:00+00:00,10,10,10,1.0,-0.012800000000000002,-0.176,0.154,0.0,-0.012800000000000002,False,False,False,1.0,obs,8720218,NAVD88,m
2019-09-10 15:00:00+00:00,10,10,10,1.0,-0.3205,-0.433,-0.202,0.0,-0.3205,False,False,False,1.0,obs,8720218,NAVD88,m
2019-09-10 16:00:00+00:00,10,10,10,1.0,-0.5217999999999999,-0.579,-0.45,0.0,-0.5217999999999999,False,False,False,1.0,obs,8720218,NAVD88,m
2019-09-10 17:00:00+00:00,10,10,10,1.0,-0.6108,-0.624,-0.584,0.0,-0.6108,False,False,False,1.0,obs,8720218,NAVD88,m
2019-09-10 18:00:00+00:00,10,10,10,1.0,-0.5454,-0.606,-0.471,0.0,-0.5454,False,False,False,1.0,obs,8720218,NAVD88,m
2019-09-10 19:00:00+00:00,10,10,10,1.0,-0.33510000000000006,-0.449,-0.22,0.0,-0.33510000000000006,False,False,False,1.0,obs,8720218,NAVD88,m
2019-09-10 20:00:00+00:00,10,10,10,1.0,-0.07150000000000001,-0.207,0.066,0.0,-0.07150000000000001,False,False,False,1.0,obs,8720218,NAVD88,m
2019-09-10 21:00:00+00:00,10,10,10,1.0,0.22240000000000001,0.105,0.349,0.0,0.22240000000000001,False,False,False,1.0,obs,8720218,NAVD88,m
2019-09-10 22:00:00+00:00,10,10,10,1.0,0.46060000000000006,0.37,0.551,0.0,0.46060000000000006,False,False,False,1.0,obs,8720218,NAVD88,m
2019-09-10 23:00:00+00:00,10,10,10,1.0,0.6432999999999999,0.575,0.701,0.0,0.6432999999999999,False,False,False,1.0,obs,8720218,NAVD88,m
2019-09-11 00:00:00+00:00,10,10,10,1.0,0.7108,0.693,0.726,0.0,0.7108,False,False,False,1.0,obs,8720218,NAVD88,m
2019-09-11 01:00:00+00:00,10,10,10,1.0,0.6376999999999999,0.575,0.692,0.0,0.6376999999999999,False,False,False,1.0,obs,8720218,NAVD88,m
2019-09-11 02:00:00+00:00,10,10,10,1.0,0.39869999999999994,0.249,0.548,0.0,0.39869999999999994,False,False,False,1.0,obs,8720218,NAVD88,m
2019-09-11 03:00:00+00:00,10,10,10,1.0,0.026000000000000002,-0.152,0.209,0.0,0.026000000000000002,False,False,False,1.0,obs,8720218,NAVD88,m
2019-09-11 04:00:00+00:00,10,10,10,1.0,-0.3245,-0.448,-0.189,0.0,-0.3245,False,False,False,1.0,obs,8720218,NAVD88,m
2019-09-11 05:00:00+00:00,10,10,10,1.0,-0.5513,-0.609,-0.471,0.0,-0.5513,False,False,False,1.0,obs,8720218,NAVD88,m
2019-09-11 06:00:00+00:00,10,10,10,1.0,-0.603,-0.622,-0.566,0.0,-0.603,False,False,False,1.0,obs,8720218,NAVD88,m
2019-09-11 07:00:00+00:00,10,10,10,1.0,-0.5034,-0.556,-0.413,0.0,-0.5034,False,False,False,1.0,obs,8720218,NAVD88,m
2019-09-11 08:00:00+00:00,10,10,10,1.0,-0.2911,-0.39,-0.186,0.0,-0.2911,False,False,False,1.0,obs,8720218,NAVD88,m
2019-09-11 09:00:00+00:00,10,10,10,1.0,-0.016000000000000004,-0.151,0.105,0.0,-0.016000000000000004,False,False,False,1.0,obs,8720218,NAVD88,m
2019-09-11 10:00:00+00:00,10,10,10,1.0,0.25710000000000005,0.143,0.373,0.0,0.25710000000000005,False,False,False,1.0,obs,8720218,NAVD88,m
2019-09-11 11:00:00+00:00,10,10,10,1.0,0.4572,0.39,0.515,0.0,0.4572,False,False,False,1.0,obs,8720218,NAVD88,m
2019-09-11 12:00:00+00:00,10,10,10,1.0,0.5548,0.522,0.569,0.0,0.5548,False,False,False,1.0,obs,8720218,NAVD88,m
2019-09-11 13:00:00+00:00,10,10,10,1.0,0.5215000000000001,0.436,0.57,0.0,0.5215000000000001,False,False,False,1.0,obs,8720218,NAVD88,m
2019-09-11 14:00:00+00:00,10,10,10,1.0,0.34249999999999997,0.197,0.469,0.0,0.34249999999999997,False,False,False,1.0,obs,8720218,NAVD88,m
2019-09-11 15:00:00+00:00,10,10,10,1.0,-0.000599999999999995,-0.181,0.158,0.0,-0.000599999999999995,False,False,False,1.0,obs,8720218,NAVD88,m
2019-09-11 16:00:00+00:00,10,10,10,1.0,-0.3496,-0.484,-0.218,0.0,-0.3496,False,False,False,1.0,obs,8720218,NAVD88,m
2019-09-11 17:00:00+00:00,10,10,10,1.0,-0.5704,-0.614,-0.504,0.0,-0.5704,False,False,False,1.0,obs,8720218,NAVD88,m
2019-09-11 18:00:00+00:00,10,10,10,1.0,-0.5957,-0.622,-0.554,0.0,-0.5957,False,False,False,1.0,obs,8720218,NAVD88,m
2019-09-11 19:00:00+00:00,10,10,10,1.0,-0.4636,-0.541,-0.375,0.0,-0.4636,False,False,False,1.0,obs,8720218,NAVD88,m
2019-09-11 20:00:00+00:00,10,10,10,1.0,-0.21800000000000003,-0.355,-0.099,0.0,-0.21800000000000003,False,False,False,1.0,obs,8720218,NAVD88,m
2019-09-11 21:00:00+00:00,10,10,10,1.0,0.0742,-0.065,0.203,0.0,0.0742,False,False,False,1.0,obs,8720218,NAVD88,m
2019-09-11 22:00:00+00:00,10,10,10,1.0,0.35509999999999997,0.228,0.452,0.0,0.35509999999999997,False,False,False,1.0,obs,8720218,NAVD88,m
2019-09-11 23:00:00+00:00,10,10,10,1.0,0.5928,0.49,0.689,0.0,0.5928,False,False,False,1.0,obs,8720218,NAVD88,m
2019-09-12 00:00:00+00:00,10,10,10,1.0,0.7655999999999998,0.71,0.823,0.0,0.7655999999999998,False,False,False,1.0,obs,8720218,NAVD88,m
2019-09-12 01:00:00+00:00,10,10,10,1.0,0.7971999999999999,0.757,0.835,0.0,0.7971999999999999,False,False,False,1.0,obs,8720218,NAVD88,m
2019-09-12 02:00:00+00:00,10,10,10,1.0,0.6666,0.548,0.749,0.0,0.6666,False,False,False,1.0,obs,8720218,NAVD88,m
2019-09-12 03:00:00+00:00,10,10,10,1.0,0.3608,0.192,0.525,0.0,0.3608,False,False,False,1.0,obs,8720218,NAVD88,m
2019-09-12 04:00:00+00:00,10,10,10,1.0,-0.004199999999999998,-0.144,0.154,0.0,-0.004199999999999998,False,False,False,1.0,obs,8720218,NAVD88,m
2019-09-12 05:00:00+00:00,10,10,10,1.0,-0.3048,-0.411,-0.176,0.0,-0.3048,False,False,False,1.0,obs,8720218,NAVD88,m
2019-09-12 06:00:00+00:00,10,10,10,1.0,-0.5096999999999999,-0.553,-0.44,0.0,-0.5096999999999999,False,False,False,1.0,obs,8720218,NAVD88,m
2019-09-12 07:00:00+00:00,10,10,10,1.0,-0.5401,-0.563,-0.504,0.0,-0.5401,False,False,False,1.0,obs,8720218,NAVD88,m
2019-09-12 08:00:00+00:00,10,10,10,1.0,-0.38999999999999996,-0.481,-0.236,0.0,-0.38999999999999996,False,False,False,1.0,obs,8720218,NAVD88,m
2019-09-12 09:00:00+00:00,10,10,10,1.0,-0.09780000000000001,-0.222,0.033,0.0,-0.09780000000000001,False,False,False,1.0,obs,8720218,NAVD88,m
2019-09-12 10:00:00+00:00,10,10,10,1.0,0.2011,0.078,0.314,0.0,0.2011,False,False,False,1.0,obs,8720218,NAVD88,m
2019-09-12 11:00:00+00:00,10,10,10,1.0,0.45230000000000004,0.347,0.529,0.0,0.45230000000000004,False,False,False,1.0,obs,8720218,NAVD88,m
2019-09-12 12:00:00+00:00,10,10,10,1.0,0.6143,0.552,0.657,0.0,0.6143,False,False,False,1.0,obs,8720218,NAVD88,m
2019-09-12 13:00:00+00:00,10,10,10,1.0,0.6753,0.659,0.693,0.0,0.6753,False,False,False,1.0,obs,8720218,NAVD88,m
2019-09-12 14:00:00+00:00,10,10,10,1.0,0.6079,0.54,0.664,0.0,0.6079,False,False,False,1.0,obs,8720218,NAVD88,m
2019-09-12 15:00:00+00:00,10,10,10,1.0,0.3508,0.195,0.505,0.0,0.3508,False,False,False,1.0,obs,8720218,NAVD88,m
2019-09-12 16:00:00+00:00,10,10,10,1.0,-0.036699999999999997,-0.201,0.167,0.0,-0.036699999999999997,False,False,False,1.0,obs,8720218,NAVD88,m
2019-09-12 17:00:00+00:00,10,10,10,1.0,-0.36110000000000003,-0.463,-0.232,0.0,-0.36110000000000003,False,False,False,1.0,obs,8720218,NAVD88,m
2019-09-12 18:00:00+00:00,10,10,10,1.0,-0.5439,-0.589,-0.474,0.0,-0.5439,False,False,False,1.0,obs,8720218,NAVD88,m
2019-09-12 19:00:00+00:00,10,10,10,1.0,-0.576,-0.591,-0.532,0.0,-0.576,False,False,False,1.0,obs,8720218,NAVD88,m
2019-09-12 20:00:00+00:00,10,10,10,1.0,-0.41689999999999994,-0.512,-0.329,0.0,-0.41689999999999994,False,False,False,1.0,obs,8720218,NAVD88,m
2019-09-12 21:00:00+00:00,10,10,10,1.0,-0.15209999999999996,-0.297,-0.003,0.0,-0.15209999999999996,False,False,False,1.0,obs,8720218,NAVD88,m
2019-09-12 22:00:00+00:00,10,10,10,1.0,0.16790000000000002,0.034,0.31,0.0,0.16790000000000002,False,False,False,1.0,obs,8720218,NAVD88,m
2019-09-12 23:00:00+00:00,10,10,10,1.0,0.44610000000000005,0.346,0.534,0.0,0.44610000000000005,False,False,False,1.0,obs,8720218,NAVD88,m
2019-09-13 00:00:00+00:00,10,10,10,1.0,0.6607,0.571,0.73,0.0,0.6607,False,False,False,1.0,obs,8720218,NAVD88,m
2019-09-13 01:00:00+00:00,10,10,10,1.0,0.7836,0.747,0.807,0.0,0.7836,False,False,False,1.0,obs,8720218,NAVD88,m
2019-09-13 02:00:00+00:00,10,10,10,1.0,0.7554000000000001,0.705,0.793,0.0,0.7554000000000001,False,False,False,1.0,obs,8720218,NAVD88,m
2019-09-13 03:00:00+00:00,10,10,10,1.0,0.5668,0.412,0.685,0.0,0.5668,False,False,False,1.0,obs,8720218,NAVD88,m
2019-09-13 04:00:00+00:00,10,10,10,1.0,0.19169999999999998,0.009,0.373,0.0,0.19169999999999998,False,False,False,1.0,obs,8720218,NAVD88,m
2019-09-13 05:00:00+00:00,10,10,10,1.0,-0.1867,-0.336,-0.025,0.0,-0.1867,False,False,False,1.0,obs,8720218,NAVD88,m
2019-09-13 06:00:00+00:00,10,10,10,1.0,-0.45470000000000005,-0.525,-0.357,0.0,-0.45470000000000005,False,False,False,1.0,obs,8720218,NAVD88,m
2019-09-13 07:00:00+00:00,10,10,10,1.0,-0.5912999999999999,-0.607,-0.56,0.0,-0.5912999999999999,False,False,False,1.0,obs,8720218,NAVD88,m
2019-09-13 08:00:00+00:00,10,10,10,1.0,-0.5644,-0.609,-0.473,0.0,-0.5644,False,False,False,1.0,obs,8720218,NAVD88,m
2019-09-13 09:00:00+00:00,10,10,10,1.0,-0.32389999999999997,-0.452,-0.184,0.0,-0.32389999999999997,False,False,False,1.0,obs,8720218,NAVD88,m
2019-09-13 10:00:00+00:00,10,10,10,1.0,-0.021800000000000007,-0.157,0.13,0.0,-0.021800000000000007,False,False,False,1.0,obs,8720218,NAVD88,m
2019-09-13 11:00:00+00:00,10,10,10,1.0,0.2695,0.156,0.383,0.0,0.2695,False,False,False,1.0,obs,8720218,NAVD88,m
2019-09-13 12:00:00+00:00,10,10,10,1.0,0.47590000000000005,0.396,0.549,0.0,0.47590000000000005,False,False,False,1.0,obs,8720218,NAVD88,m
2019-09-13 13:00:00+00:00,10,10,10,1.0,0.6141,0.571,0.652,0.0,0.6141,False,False,False,1.0,obs,8720218,NAVD88,m
2019-09-13 14:00:00+00:00,10,10,10,1.0,0.6461,0.63,0.657,0.0,0.6461,False,False,False,1.0,obs,8720218,NAVD88,m
2019-09-13 15:00:00+00:00,10,10,10,1.0,0.5234,0.412,0.615,0.0,0.5234,False,False,False,1.0,obs,8720218,NAVD88,m
2019-09-13 16:00:00+00:00,10,10,10,1.0,0.1989,0.021,0.384,0.0,0.1989,False,False,False,1.0,obs,8720218,NAVD88,m
2019-09-13 17:00:00+00:00,10,10,10,1.0,-0.1984,-0.334,-0.033,0.0,-0.1984,False,False,False,1.0,obs,8720218,NAVD88,m
2019-09-13 18:00:00+00:00,10,10,10,1.0,-0.45339999999999997,-0.537,-0.363,0.0,-0.45339999999999997,False,False,False,1.0,obs,8720218,NAVD88,m
2019-09-13 19:00:00+00:00,10,10,10,1.0,-0.5963999999999999,-0.63,-0.563,0.0,-0.5963999999999999,False,False,False,1.0,obs,8720218,NAVD88,m
2019-09-13 20:00:00+00:00,10,10,10,1.0,-0.5521,-0.622,-0.488,0.0,-0.5521,False,False,False,1.0,obs,8720218,NAVD88,m
2019-09-13 21:00:00+00:00,10,10,10,1.0,-0.35209999999999997,-0.465,-0.226,0.0,-0.35209999999999997,False,False,False,1.0,obs,8720218,NAVD88,m
2019-09-13 22:00:00+00:00,10,10,10,1.0,-0.0417,-0.193,0.119,0.0,-0.0417,False,False,False,1.0,obs,8720218,NAVD88,m
2019-09-13 23:00:00+00:00,10,10,10,1.0,0.26969999999999994,0.124,0.4,0.0,0.26969999999999994,False,False,False,1.0,obs,8720218,NAVD88,m
2019-09-14 00:00:00+00:00,10,10,10,1.0,0.5330999999999999,0.413,0.644,0.0,0.5330999999999999,False,False,False,1.0,obs,8720218,NAVD88,m
