event,i,sid,status,verified,elapsed,dtmaxout,mode,ref,r_cum,r_ref,r_tau,cum_in,wet,log_err,alpha,beta,gamma,tau,bytes,man_status,err,r_ref_calc,r_tau_calc
irma,1,irma_s001,ok,True,65.2,864000,ampr_only,,,,,215.56798831078595,0.4690648794054621,0,0.8,0.7,0.75,-6,25087266,ok,,0.9999999999999999,1.0000169352291852
irma,2,irma_s002,ok,True,55.3,864000,ampr_only,,,,,215.56433767932316,0.4703870879496649,0,0.8,0.7,0.75,0,24764581,ok,,0.9999999999999999,1.0
irma,3,irma_s003,ok,True,43.2,864000,ampr_only,,,,,218.3064282502963,0.47120776911503215,0,0.8,0.7,0.75,6,25463714,ok,,0.9999999999999999,1.012720520474274
irma,4,irma_s004,ok,True,56.5,864000,ampr_only,,,,,215.56798831078595,0.47088861532850046,0,0.8,0.7,1.0,-6,25113789,ok,,0.9999999999999999,1.0000169352291852
irma,5,irma_s005,ok,True,48.5,864000,ampr_only,,,,,215.56433767932316,0.4718916700861715,0,0.8,0.7,1.0,0,24779736,ok,,0.9999999999999999,1.0
irma,6,irma_s006,ok,True,51.3,864000,ampr_only,,,,,218.3064282502963,0.47294031824191857,0,0.8,0.7,1.0,6,25493245,ok,,0.9999999999999999,1.012720520474274
irma,7,irma_s007,ok,True,43.8,864000,ampr_only,,,,,215.56798831078595,0.4726211644553869,0,0.8,0.7,1.25,-6,25137252,ok,,0.9999999999999999,1.0000169352291852
irma,8,irma_s008,ok,True,40.4,864000,ampr_only,,,,,215.56433767932316,0.4736698126111339,0,0.8,0.7,1.25,0,24802954,ok,,0.9999999999999999,1.0
irma,9,irma_s009,ok,True,61.1,864000,ampr_only,,,,,218.3064282502963,0.4748096475630329,0,0.8,0.7,1.25,6,25501124,ok,,0.9999999999999999,1.012720520474274
irma,10,irma_s010,ok,True,48.4,864000,ampr_only,,,,,307.95426901540856,0.5547348743901883,0,0.8,1.0,0.75,-6,25534862,ok,,1.0,1.0000169352291852
irma,11,irma_s011,ok,True,75.7,864000,ampr_only,,,,,307.9490538276046,0.5562394565266949,0,0.8,1.0,0.75,0,25186185,ok,,1.0,1.0
irma,12,irma_s012,ok,True,71.5,864000,ampr_only,,,,,311.8663260718519,0.5563306433228469,0,0.8,1.0,0.75,6,25948598,ok,,1.0,1.012720520474274
irma,13,irma_s013,ok,True,71.0,864000,ampr_only,,,,,307.95426901540856,0.5555555555555556,0,0.8,1.0,1.0,-6,25574304,ok,,1.0,1.0000169352291852
irma,14,irma_s014,ok,True,60.4,864000,ampr_only,,,,,307.9490538276046,0.5571513244882141,0,0.8,1.0,1.0,0,25215063,ok,,1.0,1.0
irma,15,irma_s015,ok,True,67.7,864000,ampr_only,,,,,311.8663260718519,0.5574248848766699,0,0.8,1.0,1.0,6,25976215,ok,,1.0,1.012720520474274
irma,16,irma_s016,ok,True,78.7,864000,ampr_only,,,,,307.95426901540856,0.5569689508959103,0,0.8,1.0,1.25,-6,25595551,ok,,1.0,1.0000169352291852
irma,17,irma_s017,ok,True,54.4,864000,ampr_only,,,,,307.9490538276046,0.5584735330324169,0,0.8,1.0,1.25,0,25249741,ok,,1.0,1.0
irma,18,irma_s018,ok,True,54.7,864000,ampr_only,,,,,311.8663260718519,0.5588838736151005,0,0.8,1.0,1.25,6,25994127,ok,,1.0,1.012720520474274
irma,19,irma_s019,ok,True,69.3,864000,ampr_only,,,,,400.3405497200311,0.6212556421830119,0,0.8,1.3,0.75,-6,25932677,ok,,0.9999999999999999,1.0000169352291852
irma,20,irma_s020,ok,True,76.6,864000,ampr_only,,,,,400.3337699758859,0.6239000592714175,0,0.8,1.3,0.75,0,25579831,ok,,0.9999999999999999,1.0
irma,21,irma_s021,ok,True,65.0,864000,ampr_only,,,,,405.42622389340744,0.623398531892582,0,0.8,1.3,0.75,6,26342089,ok,,0.9999999999999999,1.012720520474274
irma,22,irma_s022,ok,True,52.0,864000,ampr_only,,,,,400.3405497200311,0.6218483563579994,0,0.8,1.3,1.0,-6,25953889,ok,,0.9999999999999999,1.0000169352291852
irma,23,irma_s023,ok,True,55.5,864000,ampr_only,,,,,400.3337699758859,0.6246751470387087,0,0.8,1.3,1.0,0,25596314,ok,,0.9999999999999999,1.0
irma,24,irma_s024,ok,True,51.8,864000,ampr_only,,,,,405.42622389340744,0.6242192130579493,0,0.8,1.3,1.0,6,26371745,ok,,0.9999999999999999,1.012720520474274
irma,25,irma_s025,ok,True,44.0,864000,ampr_only,,,,,400.3405497200311,0.6228970045137464,0,0.8,1.3,1.25,-6,25973937,ok,,0.9999999999999999,1.0000169352291852
irma,26,irma_s026,ok,True,46.7,864000,ampr_only,,,,,400.3337699758859,0.6256326083983039,0,0.8,1.3,1.25,0,25630817,ok,,0.9999999999999999,1.0
irma,27,irma_s027,ok,True,52.7,864000,ampr_only,,,,,405.42622389340744,0.6251766744175443,0,0.8,1.3,1.25,6,26374064,ok,,0.9999999999999999,1.012720520474274
irma,28,irma_s028,ok,True,47.8,864000,ampr_only,,,,,215.56798831078595,0.4730770984361464,0,1.0,0.7,0.75,-6,25110994,ok,,0.9999999999999999,1.0000169352291852
irma,29,irma_s029,ok,True,41.8,864000,ampr_only,,,,,215.56433767932316,0.4744449003784252,0,1.0,0.7,0.75,0,24768612,ok,,0.9999999999999999,1.0
irma,30,irma_s030,ok,True,44.5,864000,ampr_only,,,,,218.3064282502963,0.4748552409611088,0,1.0,0.7,0.75,6,25478480,ok,,0.9999999999999999,1.012720520474274
irma,31,irma_s031,ok,True,45.3,864000,ampr_only,,,,,215.56798831078595,0.4744449003784252,0,1.0,0.7,1.0,-6,25126098,ok,,0.9999999999999999,1.0000169352291852
irma,32,irma_s032,ok,True,49.8,864000,ampr_only,,,,,215.56433767932316,0.4759038891168559,0,1.0,0.7,1.0,0,24787751,ok,,0.9999999999999999,1.0
irma,33,irma_s033,ok,True,43.8,864000,ampr_only,,,,,218.3064282502963,0.4765421966899193,0,1.0,0.7,1.0,6,25505341,ok,,0.9999999999999999,1.012720520474274
irma,34,irma_s034,ok,True,42.0,864000,ampr_only,,,,,215.56798831078595,0.4764054164956914,0,1.0,0.7,1.25,-6,25167791,ok,,0.9999999999999999,1.0000169352291852
irma,35,irma_s035,ok,True,52.2,864000,ampr_only,,,,,215.56433767932316,0.47781881183604613,0,1.0,0.7,1.25,0,24821619,ok,,0.9999999999999999,1.0
irma,36,irma_s036,ok,True,41.7,864000,ampr_only,,,,,218.3064282502963,0.4783203392148817,0,1.0,0.7,1.25,6,25519616,ok,,0.9999999999999999,1.012720520474274
irma,37,irma_s037,ok,True,45.1,864000,ampr_only,,,,,307.95426901540856,0.5581999726439612,0,1.0,1.0,0.75,-6,25555995,ok,,1.0,1.0000169352291852
irma,38,irma_s038,ok,True,38.6,864000,ampr_only,,,,,307.9490538276046,0.560662016140063,0,1.0,1.0,0.75,0,25211721,ok,,1.0,1.0
irma,39,irma_s039,ok,True,87.8,864000,ampr_only,,,,,311.8663260718519,0.5600693019650754,0,1.0,1.0,0.75,6,25947970,ok,,1.0,1.012720520474274
irma,40,irma_s040,ok,True,95.4,864000,ampr_only,,,,,307.95426901540856,0.5591118406054804,0,1.0,1.0,1.0,-6,25596345,ok,,1.0,1.0000169352291852
irma,41,irma_s041,ok,True,253.5,864000,cumprcp,,0.9999956796784527,,,307.9490538276046,0.561619477499658,0,1.0,1.0,1.0,0,60398896,ok,,1.0,1.0
irma,42,irma_s042,ok,True,78.7,864000,ampr_only,,,,,311.8663260718519,0.5611179501208226,0,1.0,1.0,1.0,6,25982324,ok,,1.0,1.012720520474274
irma,43,irma_s043,ok,True,75.9,864000,ampr_only,,,,,307.95426901540856,0.5603884557516071,0,1.0,1.0,1.25,-6,25611046,ok,,1.0,1.0000169352291852
irma,44,irma_s044,ok,True,62.7,864000,ampr_only,,,,,307.9490538276046,0.5628049058496329,0,1.0,1.0,1.25,0,25252762,ok,,1.0,1.0
irma,45,irma_s045,ok,True,62.5,864000,ampr_only,,,,,311.8663260718519,0.5622577850727215,0,1.0,1.0,1.25,6,25993881,ok,,1.0,1.012720520474274
irma,46,irma_s046,ok,True,59.6,864000,ampr_only,,,,,400.3405497200311,0.6249487074271646,0,1.0,1.3,0.75,-6,25932386,ok,,0.9999999999999999,1.0000169352291852
irma,47,irma_s047,ok,True,62.9,864000,ampr_only,,,,,400.3337699758859,0.6273195641271144,0,1.0,1.3,0.75,0,25579738,ok,,0.9999999999999999,1.0
irma,48,irma_s048,ok,True,95.7,864000,ampr_only,,,,,405.42622389340744,0.6262253225732913,0,1.0,1.3,0.75,6,26356492,ok,,0.9999999999999999,1.012720520474274
irma,49,irma_s049,ok,True,81.7,864000,ampr_only,,,,,400.3405497200311,0.6254046414079242,0,1.0,1.3,1.0,-6,25964434,ok,,0.9999999999999999,1.0000169352291852
irma,50,irma_s050,ok,True,101.3,864000,ampr_only,,,,,400.3337699758859,0.6279122783021018,0,1.0,1.3,1.0,0,25596294,ok,,0.9999999999999999,1.0
irma,51,irma_s051,ok,True,90.3,864000,ampr_only,,,,,405.42622389340744,0.6270004103405827,0,1.0,1.3,1.0,6,26370196,ok,,0.9999999999999999,1.012720520474274
irma,52,irma_s052,ok,True,201.9,864000,ampr_only,,,,,400.3405497200311,0.6265444763598231,0,1.0,1.3,1.25,-6,25986583,ok,,0.9999999999999999,1.0000169352291852
irma,53,irma_s053,ok,True,58.9,864000,ampr_only,,,,,400.3337699758859,0.628869739661697,0,1.0,1.3,1.25,0,25617171,ok,,0.9999999999999999,1.0
irma,54,irma_s054,ok,True,89.4,864000,ampr_only,,,,,405.42622389340744,0.6280490584963297,0,1.0,1.3,1.25,6,26396173,ok,,0.9999999999999999,1.012720520474274
irma,55,irma_s055,ok,True,90.6,864000,ampr_only,,,,,215.56798831078595,0.47804677882642593,0,1.2,0.7,0.75,-6,25135902,ok,,0.9999999999999999,1.0000169352291852
irma,56,irma_s056,ok,True,82.3,864000,ampr_only,,,,,215.56433767932316,0.4799161081475402,0,1.2,0.7,0.75,0,24799726,ok,,0.9999999999999999,1.0
irma,57,irma_s057,ok,True,59.8,864000,ampr_only,,,,,218.3064282502963,0.47932339397255275,0,1.2,0.7,0.75,6,25502599,ok,,0.9999999999999999,1.012720520474274
irma,58,irma_s058,ok,True,60.9,864000,ampr_only,,,,,215.56798831078595,0.47950576756485663,0,1.2,0.7,1.0,-6,25174804,ok,,0.9999999999999999,1.0000169352291852
irma,59,irma_s059,ok,True,162.6,864000,ampr_only,,,,,215.56433767932316,0.4811471298955911,0,1.2,0.7,1.0,0,24828926,ok,,0.9999999999999999,1.0
irma,60,irma_s060,ok,True,48.5,864000,ampr_only,,,,,218.3064282502963,0.4806000091186796,0,1.2,0.7,1.0,6,25523965,ok,,0.9999999999999999,1.012720520474274
irma,61,irma_s061,ok,True,62.2,864000,ampr_only,,,,,215.56798831078595,0.4811471298955911,0,1.2,0.7,1.25,-6,25195269,ok,,0.9999999999999999,1.0000169352291852
irma,62,irma_s062,ok,True,79.1,864000,ampr_only,,,,,215.56433767932316,0.4829252724205535,0,1.2,0.7,1.25,0,24856621,ok,,0.9999999999999999,1.0
irma,63,irma_s063,ok,True,61.8,864000,ampr_only,,,,,218.3064282502963,0.4824693384397939,0,1.2,0.7,1.25,6,25552170,ok,,0.9999999999999999,1.012720520474274
irma,64,irma_s064,ok,True,67.0,864000,ampr_only,,,,,307.95426901540856,0.5622577850727215,0,1.2,1.0,0.75,-6,25586183,ok,,1.0,1.0000169352291852
irma,65,irma_s065,ok,True,59.9,864000,ampr_only,,,,,307.9490538276046,0.5651301691515068,0,1.2,1.0,0.75,0,25228018,ok,,1.0,1.0
irma,66,irma_s066,ok,True,166.1,864000,ampr_only,,,,,311.8663260718519,0.5639447408015319,0,1.2,1.0,0.75,6,25974047,ok,,1.0,1.012720520474274
irma,67,irma_s067,ok,True,39.7,864000,ampr_only,,,,,307.95426901540856,0.5629872794419368,0,1.2,1.0,1.0,-6,25608925,ok,,1.0,1.0000169352291852
irma,68,irma_s068,ok,True,46.3,864000,ampr_only,,,,,307.9490538276046,0.5659052569187981,0,1.2,1.0,1.0,0,25250425,ok,,1.0,1.0
irma,69,irma_s069,ok,True,38.7,864000,ampr_only,,,,,311.8663260718519,0.5646742351707473,0,1.2,1.0,1.0,6,25993436,ok,,1.0,1.012720520474274
irma,70,irma_s070,ok,True,40.0,864000,ampr_only,,,,,307.95426901540856,0.5641271143938358,0,1.2,1.0,1.25,-6,25631859,ok,,1.0,1.0000169352291852
irma,71,irma_s071,ok,True,40.0,864000,ampr_only,,,,,307.9490538276046,0.5669994984726212,0,1.2,1.0,1.25,0,25274976,ok,,1.0,1.0
irma,72,irma_s072,ok,True,34.7,864000,ampr_only,,,,,311.8663260718519,0.566087630511102,0,1.2,1.0,1.25,6,26006046,ok,,1.0,1.012720520474274
irma,73,irma_s073,ok,True,37.8,864000,ampr_only,,,,,400.3405497200311,0.6281402452924817,0,1.2,1.3,0.75,-6,25941703,ok,,0.9999999999999999,1.0000169352291852
irma,74,irma_s074,ok,True,43.0,864000,ampr_only,,,,,400.3337699758859,0.631103816167419,0,1.2,1.3,0.75,0,25593375,ok,,0.9999999999999999,1.0
irma,75,irma_s075,ok,True,39.2,864000,ampr_only,,,,,405.42622389340744,0.6297360142251403,0,1.2,1.3,0.75,6,26361956,ok,,0.9999999999999999,1.012720520474274
irma,76,irma_s076,ok,True,43.2,864000,ampr_only,,,,,400.3405497200311,0.6286873660693931,0,1.2,1.3,1.0,-6,25959507,ok,,0.9999999999999999,1.0000169352291852
irma,77,irma_s077,ok,True,37.7,864000,ampr_only,,,,,400.3337699758859,0.6316965303424065,0,1.2,1.3,1.0,0,25616235,ok,,0.9999999999999999,1.0
irma,78,irma_s078,ok,True,40.6,864000,ampr_only,,,,,405.42622389340744,0.6303743217982036,0,1.2,1.3,1.0,6,26382292,ok,,0.9999999999999999,1.012720520474274
irma,79,irma_s079,ok,True,37.8,864000,ampr_only,,,,,400.3405497200311,0.6296448274289883,0,1.2,1.3,1.25,-6,25998320,ok,,0.9999999999999999,1.0000169352291852
irma,80,irma_s080,ok,True,34.3,864000,ampr_only,,,,,400.3337699758859,0.6326083983039256,0,1.2,1.3,1.25,0,25637760,ok,,0.9999999999999999,1.0
irma,81,irma_s081,ok,True,36.2,864000,ampr_only,,,,,405.42622389340744,0.6312861897597228,0,1.2,1.3,1.25,6,26394932,ok,,0.9999999999999999,1.012720520474274
matthew,1,matthew_s001,ok,True,34.1,3600,ampr_only,,,,,198.91483181428043,0.4331828751196827,0,0.8,0.7,0.75,-6,23431505,ok,,0.9999999999999999,1.0
matthew,2,matthew_s002,ok,True,34.2,3600,ampr_only,,,,,198.91483181428043,0.43496101764464506,0,0.8,0.7,0.75,0,23066414,ok,,0.9999999999999999,1.0
matthew,3,matthew_s003,ok,True,35.8,3600,ampr_only,,,,,198.91483181428043,0.4334108421100625,0,0.8,0.7,0.75,6,22706504,ok,,0.9999999999999999,1.0
matthew,4,matthew_s004,ok,True,36.6,3600,ampr_only,,,,,198.91483181428043,0.4345962704600374,0,0.8,0.7,1.0,-6,23429356,ok,,0.9999999999999999,1.0
matthew,5,matthew_s005,ok,True,40.2,3600,ampr_only,,,,,198.91483181428043,0.4364655997811517,0,0.8,0.7,1.0,0,23065498,ok,,0.9999999999999999,1.0
matthew,6,matthew_s006,ok,True,32.3,3600,ampr_only,,,,,198.91483181428043,0.4349154242465691,0,0.8,0.7,1.0,6,22701142,ok,,0.9999999999999999,1.0
matthew,7,matthew_s007,ok,True,33.6,3600,ampr_only,,,,,198.91483181428043,0.4364200063830757,0,0.8,0.7,1.25,-6,23432516,ok,,0.9999999999999999,1.0
matthew,8,matthew_s008,ok,True,41.1,3600,ampr_only,,,,,198.91483181428043,0.438334929102266,0,0.8,0.7,1.25,0,23072174,ok,,0.9999999999999999,1.0
matthew,9,matthew_s009,ok,True,82.9,3600,ampr_only,,,,,198.91483181428043,0.4366479733734555,0,0.8,0.7,1.25,6,22706484,ok,,0.9999999999999999,1.0
matthew,10,matthew_s010,ok,True,54.6,3600,ampr_only,,,,,284.1640454489721,0.520904573017827,0,0.8,1.0,0.75,-6,24167133,ok,,1.0,1.0
matthew,11,matthew_s011,ok,True,61.7,3600,ampr_only,,,,,284.1640454489721,0.5232754297177769,0,0.8,1.0,0.75,0,23792260,ok,,1.0,1.0
matthew,12,matthew_s012,ok,True,60.8,3600,ampr_only,,,,,284.1640454489721,0.5214972871928145,0,0.8,1.0,0.75,6,23427249,ok,,1.0,1.0
matthew,13,matthew_s013,ok,True,53.3,3600,ampr_only,,,,,284.1640454489721,0.5220900013678019,0,0.8,1.0,1.0,-6,24167948,ok,,1.0,1.0
matthew,14,matthew_s014,ok,True,54.4,3600,ampr_only,,,,,284.1640454489721,0.5243240778735239,0,0.8,1.0,1.0,0,23801142,ok,,1.0,1.0
matthew,15,matthew_s015,ok,True,54.2,3600,ampr_only,,,,,284.1640454489721,0.5225003419504856,0,0.8,1.0,1.0,6,23429804,ok,,1.0,1.0
matthew,16,matthew_s016,ok,True,56.2,3600,ampr_only,,,,,284.1640454489721,0.5232754297177769,0,0.8,1.0,1.25,-6,24164674,ok,,1.0,1.0
matthew,17,matthew_s017,ok,True,132.5,3600,ampr_only,,,,,284.1640454489721,0.5256006930196507,0,0.8,1.0,1.25,0,23795376,ok,,1.0,1.0
matthew,18,matthew_s018,ok,True,70.0,3600,ampr_only,,,,,284.1640454489721,0.5239137372908402,0,0.8,1.0,1.25,6,23438551,ok,,1.0,1.0
matthew,19,matthew_s019,ok,True,54.2,3600,ampr_only,,,,,369.4132590836638,0.583686682168422,0,0.8,1.3,0.75,-6,24680824,ok,,1.0,1.0
matthew,20,matthew_s020,ok,True,45.8,3600,ampr_only,,,,,369.4132590836638,0.585920758674144,0,0.8,1.3,0.75,0,24317746,ok,,1.0,1.0
matthew,21,matthew_s021,ok,True,45.6,3600,ampr_only,,,,,369.4132590836638,0.5843705831395614,0,0.8,1.3,0.75,6,23957497,ok,,1.0,1.0
matthew,22,matthew_s022,ok,True,37.9,3600,ampr_only,,,,,369.4132590836638,0.5842793963434095,0,0.8,1.3,1.0,-6,24679925,ok,,1.0,1.0
matthew,23,matthew_s023,ok,True,37.0,3600,ampr_only,,,,,369.4132590836638,0.5866046596452834,0,0.8,1.3,1.0,0,24330832,ok,,1.0,1.0
matthew,24,matthew_s024,ok,True,36.0,3600,ampr_only,,,,,369.4132590836638,0.5850544841107008,0,0.8,1.3,1.0,6,23958142,ok,,1.0,1.0
matthew,25,matthew_s025,ok,True,36.0,3600,ampr_only,,,,,369.4132590836638,0.5850544841107008,0,0.8,1.3,1.25,-6,24693094,ok,,1.0,1.0
matthew,26,matthew_s026,ok,True,85.6,3600,ampr_only,,,,,369.4132590836638,0.5872885606164228,0,0.8,1.3,1.25,0,24328187,ok,,1.0,1.0
matthew,27,matthew_s027,ok,True,58.0,3600,ampr_only,,,,,369.4132590836638,0.5857383850818402,0,0.8,1.3,1.25,6,23957135,ok,,1.0,1.0
matthew,28,matthew_s028,ok,True,50.3,3600,ampr_only,,,,,198.91483181428043,0.43774221492727855,0,1.0,0.7,0.75,-6,23422159,ok,,0.9999999999999999,1.0
matthew,29,matthew_s029,ok,True,41.4,3600,ampr_only,,,,,198.91483181428043,0.4398851046368486,0,1.0,0.7,0.75,0,23059535,ok,,0.9999999999999999,1.0
matthew,30,matthew_s030,ok,True,38.9,3600,ampr_only,,,,,198.91483181428043,0.4381525555099622,0,1.0,0.7,0.75,6,22702755,ok,,0.9999999999999999,1.0
matthew,31,matthew_s031,ok,True,42.4,3600,ampr_only,,,,,198.91483181428043,0.4391556102676332,0,1.0,0.7,1.0,-6,23430534,ok,,0.9999999999999999,1.0
matthew,32,matthew_s032,ok,True,60.7,3600,ampr_only,,,,,198.91483181428043,0.44134409337527924,0,1.0,0.7,1.0,0,23064280,ok,,0.9999999999999999,1.0
matthew,33,matthew_s033,ok,True,35.5,3600,ampr_only,,,,,198.91483181428043,0.43970273104454477,0,1.0,0.7,1.0,6,22699393,ok,,0.9999999999999999,1.0
matthew,34,matthew_s034,ok,True,39.2,3600,ampr_only,,,,,198.91483181428043,0.4409337527925956,0,1.0,0.7,1.25,-6,23437102,ok,,0.9999999999999999,1.0
matthew,35,matthew_s035,ok,True,49.8,3600,ampr_only,,,,,198.91483181428043,0.4432590160944695,0,1.0,0.7,1.25,0,23067336,ok,,0.9999999999999999,1.0
matthew,36,matthew_s036,ok,True,47.6,3600,ampr_only,,,,,198.91483181428043,0.4414352801714312,0,1.0,0.7,1.25,6,22710727,ok,,0.9999999999999999,1.0
matthew,37,matthew_s037,ok,True,35.7,3600,ampr_only,,,,,284.1640454489721,0.5250079788446633,0,1.0,1.0,0.75,-6,24172039,ok,,1.0,1.0
matthew,38,matthew_s038,ok,True,35.1,3600,ampr_only,,,,,284.1640454489721,0.5271508685542333,0,1.0,1.0,0.75,0,23795425,ok,,1.0,1.0
matthew,39,matthew_s039,ok,True,35.4,3600,ampr_only,,,,,284.1640454489721,0.5256462864177267,0,1.0,1.0,0.75,6,23422645,ok,,1.0,1.0
matthew,40,matthew_s040,ok,True,32.9,3600,ampr_only,,,,,284.1640454489721,0.5261478137965623,0,1.0,1.0,1.0,-6,24174468,ok,,1.0,1.0
matthew,41,matthew_s041,ok,True,252.4,3600,cumprcp,,1.0000513944448832,,,284.1640454489721,0.5283362969042082,0,1.0,1.0,1.0,0,57096284,ok,,1.0,1.0
matthew,42,matthew_s042,ok,True,33.3,3600,ampr_only,,,,,284.1640454489721,0.5266949345734737,0,1.0,1.0,1.0,6,23425998,ok,,1.0,1.0
matthew,43,matthew_s043,ok,True,106.0,3600,ampr_only,,,,,284.1640454489721,0.5273332421465372,0,1.0,1.0,1.25,-6,24174970,ok,,1.0,1.0
matthew,44,matthew_s044,ok,True,127.4,3600,ampr_only,,,,,284.1640454489721,0.5296129120503351,0,1.0,1.0,1.25,0,23790232,ok,,1.0,1.0
matthew,45,matthew_s045,ok,True,32.0,3600,ampr_only,,,,,284.1640454489721,0.5280171431176766,0,1.0,1.0,1.25,6,23437070,ok,,1.0,1.0
matthew,46,matthew_s046,ok,True,40.0,3600,ampr_only,,,,,369.4132590836638,0.5867870332375872,0,1.0,1.3,0.75,-6,24660103,ok,,1.0,1.0
matthew,47,matthew_s047,ok,True,37.6,3600,ampr_only,,,,,369.4132590836638,0.589249076733689,0,1.0,1.3,0.75,0,24315000,ok,,1.0,1.0
matthew,48,matthew_s048,ok,True,34.3,3600,ampr_only,,,,,369.4132590836638,0.5879724615875621,0,1.0,1.3,0.75,6,23960260,ok,,1.0,1.0
matthew,49,matthew_s049,ok,True,33.6,3600,ampr_only,,,,,369.4132590836638,0.5874709342087265,0,1.0,1.3,1.0,-6,24673893,ok,,1.0,1.0
matthew,50,matthew_s050,ok,True,31.8,3600,ampr_only,,,,,369.4132590836638,0.5897050107144486,0,1.0,1.3,1.0,0,24323907,ok,,1.0,1.0
matthew,51,matthew_s051,ok,True,31.4,3600,ampr_only,,,,,369.4132590836638,0.5886107691606255,0,1.0,1.3,1.0,6,23946299,ok,,1.0,1.0
matthew,52,matthew_s052,ok,True,31.1,3600,ampr_only,,,,,369.4132590836638,0.5883828021702457,0,1.0,1.3,1.25,-6,24683105,ok,,1.0,1.0
matthew,53,matthew_s053,ok,True,30.8,3600,ampr_only,,,,,369.4132590836638,0.590343318287512,0,1.0,1.3,1.25,0,24327866,ok,,1.0,1.0
matthew,54,matthew_s054,ok,True,32.3,3600,ampr_only,,,,,369.4132590836638,0.589294670131765,0,1.0,1.3,1.25,6,23944361,ok,,1.0,1.0
matthew,55,matthew_s055,ok,True,39.0,3600,ampr_only,,,,,198.91483181428043,0.44312223590024163,0,1.2,0.7,0.75,-6,23431998,ok,,0.9999999999999999,1.0
matthew,56,matthew_s056,ok,True,39.1,3600,ampr_only,,,,,198.91483181428043,0.4447180048329002,0,1.2,0.7,0.75,0,23061861,ok,,0.9999999999999999,1.0
matthew,57,matthew_s057,ok,True,35.6,3600,ampr_only,,,,,198.91483181428043,0.4436693566771531,0,1.2,0.7,0.75,6,22693446,ok,,0.9999999999999999,1.0
matthew,58,matthew_s058,ok,True,34.7,3600,ampr_only,,,,,198.91483181428043,0.4444900378425204,0,1.2,0.7,1.0,-6,23428522,ok,,0.9999999999999999,1.0
matthew,59,matthew_s059,ok,True,30.3,3600,ampr_only,,,,,198.91483181428043,0.4462225869694068,0,1.2,0.7,1.0,0,23066612,ok,,0.9999999999999999,1.0
matthew,60,matthew_s060,ok,True,30.0,3600,ampr_only,,,,,198.91483181428043,0.44508275201750785,0,1.2,0.7,1.0,6,22696612,ok,,0.9999999999999999,1.0
matthew,61,matthew_s061,ok,True,102.8,3600,ampr_only,,,,,198.91483181428043,0.44631377376555875,0,1.2,0.7,1.25,-6,23425125,ok,,0.9999999999999999,1.0
matthew,62,matthew_s062,ok,True,29.0,3600,ampr_only,,,,,198.91483181428043,0.44786394930014134,0,1.2,0.7,1.25,0,23064603,ok,,0.9999999999999999,1.0
matthew,63,matthew_s063,ok,True,29.8,3600,ampr_only,,,,,198.91483181428043,0.44676970774631836,0,1.2,0.7,1.25,6,22698328,ok,,0.9999999999999999,1.0
matthew,64,matthew_s064,ok,True,30.1,3600,ampr_only,,,,,284.1640454489721,0.5289290110791958,0,1.2,1.0,0.75,-6,24155769,ok,,1.0,1.0
matthew,65,matthew_s065,ok,True,29.7,3600,ampr_only,,,,,284.1640454489721,0.5310263073906898,0,1.2,1.0,0.75,0,23784424,ok,,1.0,1.0
matthew,66,matthew_s066,ok,True,28.7,3600,ampr_only,,,,,284.1640454489721,0.5298408790407149,0,1.2,1.0,0.75,6,23421376,ok,,1.0,1.0
matthew,67,matthew_s067,ok,True,30.0,3600,ampr_only,,,,,284.1640454489721,0.5300688460310947,0,1.2,1.0,1.0,-6,24152904,ok,,1.0,1.0
matthew,68,matthew_s068,ok,True,29.9,3600,ampr_only,,,,,284.1640454489721,0.5321661423425887,0,1.2,1.0,1.0,0,23794095,ok,,1.0,1.0
matthew,69,matthew_s069,ok,True,30.2,3600,ampr_only,,,,,284.1640454489721,0.530935120594538,0,1.2,1.0,1.0,6,23426995,ok,,1.0,1.0
matthew,70,matthew_s070,ok,True,32.5,3600,ampr_only,,,,,284.1640454489721,0.5310719007887658,0,1.2,1.0,1.25,-6,24157956,ok,,1.0,1.0
matthew,71,matthew_s071,ok,True,32.7,3600,ampr_only,,,,,284.1640454489721,0.5332147904983359,0,1.2,1.0,1.25,0,23784848,ok,,1.0,1.0
matthew,72,matthew_s072,ok,True,29.1,3600,ampr_only,,,,,284.1640454489721,0.5320293621483609,0,1.2,1.0,1.25,6,23428326,ok,,1.0,1.0
matthew,73,matthew_s073,ok,True,33.9,3600,ampr_only,,,,,369.4132590836638,0.5903889116855879,0,1.2,1.3,0.75,-6,24692984,ok,,1.0,1.0
matthew,74,matthew_s074,ok,True,30.6,3600,ampr_only,,,,,369.4132590836638,0.5930333287739935,0,1.2,1.3,0.75,0,24318802,ok,,1.0,1.0
matthew,75,matthew_s075,ok,True,30.1,3600,ampr_only,,,,,369.4132590836638,0.5918023070259426,0,1.2,1.3,0.75,6,23938722,ok,,1.0,1.0
matthew,76,matthew_s076,ok,True,31.2,3600,ampr_only,,,,,369.4132590836638,0.5908904390644235,0,1.2,1.3,1.0,-6,24698545,ok,,1.0,1.0
matthew,77,matthew_s077,ok,True,31.2,3600,ampr_only,,,,,369.4132590836638,0.5933068891624492,0,1.2,1.3,1.0,0,24324624,ok,,1.0,1.0
matthew,78,matthew_s078,ok,True,30.8,3600,ampr_only,,,,,369.4132590836638,0.5923494278028542,0,1.2,1.3,1.0,6,23938275,ok,,1.0,1.0
matthew,79,matthew_s079,ok,True,30.9,3600,ampr_only,,,,,369.4132590836638,0.5915743400355629,0,1.2,1.3,1.25,-6,24691851,ok,,1.0,1.0
matthew,80,matthew_s080,ok,True,30.4,3600,ampr_only,,,,,369.4132590836638,0.5941275703278165,0,1.2,1.3,1.25,0,24321756,ok,,1.0,1.0
matthew,81,matthew_s081,ok,True,29.4,3600,ampr_only,,,,,369.4132590836638,0.5929421419778416,0,1.2,1.3,1.25,6,23935982,ok,,1.0,1.0
ian,1,ian_s001,ok,True,25.1,3600,ampr_only,,,,,29.188809825479222,0.0827064241097889,0,0.8,0.7,0.75,-6,18009608,ok,,0.9999823082638494,1.0
ian,2,ian_s002,ok,True,23.7,3600,ampr_only,,,,,29.188809825479222,0.08275201750786486,0,0.8,0.7,0.75,0,17802480,ok,,0.9999823082638494,1.0
ian,3,ian_s003,ok,True,24.5,3600,ampr_only,,,,,29.188809825479222,0.0827064241097889,0,0.8,0.7,0.75,6,17589249,ok,,0.9999823082638494,1.0
ian,4,ian_s004,ok,True,24.2,3600,ampr_only,,,,,29.188809825479222,0.08566999498472622,0,0.8,0.7,1.0,-6,18038561,ok,,0.9999823082638494,1.0
ian,5,ian_s005,ok,True,24.6,3600,ampr_only,,,,,29.188809825479222,0.08571558838280217,0,0.8,0.7,1.0,0,17829181,ok,,0.9999823082638494,1.0
ian,6,ian_s006,ok,True,25.1,3600,ampr_only,,,,,29.188809825479222,0.08566999498472622,0,0.8,0.7,1.0,6,17617518,ok,,0.9999823082638494,1.0
ian,7,ian_s007,ok,True,26.7,3600,ampr_only,,,,,29.188809825479222,0.09159713673460083,0,0.8,0.7,1.25,-6,18079834,ok,,0.9999823082638494,1.0
ian,8,ian_s008,ok,True,25.0,3600,ampr_only,,,,,29.188809825479222,0.09164273013267679,0,0.8,0.7,1.25,0,17864347,ok,,0.9999823082638494,1.0
ian,9,ian_s009,ok,True,24.9,3600,ampr_only,,,,,29.188809825479222,0.09155154333652488,0,0.8,0.7,1.25,6,17652893,ok,,0.9999823082638494,1.0
ian,10,ian_s010,ok,True,25.2,3600,ampr_only,,,,,41.69903747905342,0.0986641134363744,0,0.8,1.0,0.75,-6,18456594,ok,,1.0,1.0
ian,11,ian_s011,ok,True,26.2,3600,ampr_only,,,,,41.69903747905342,0.0988008936306023,0,0.8,1.0,0.75,0,18234356,ok,,1.0,1.0
ian,12,ian_s012,ok,True,26.5,3600,ampr_only,,,,,41.69903747905342,0.09861852003829845,0,0.8,1.0,0.75,6,17990445,ok,,1.0,1.0
ian,13,ian_s013,ok,True,25.5,3600,ampr_only,,,,,41.69903747905342,0.10158209091323576,0,0.8,1.0,1.0,-6,18488108,ok,,1.0,1.0
ian,14,ian_s014,ok,True,24.9,3600,ampr_only,,,,,41.69903747905342,0.10171887110746364,0,0.8,1.0,1.0,0,18260315,ok,,1.0,1.0
ian,15,ian_s015,ok,True,25.8,3600,ampr_only,,,,,41.69903747905342,0.10158209091323576,0,0.8,1.0,1.0,6,18016313,ok,,1.0,1.0
ian,16,ian_s016,ok,True,25.2,3600,ampr_only,,,,,41.69903747905342,0.10778279305156613,0,0.8,1.0,1.25,-6,18517352,ok,,1.0,1.0
ian,17,ian_s017,ok,True,27.2,3600,ampr_only,,,,,41.69903747905342,0.10787397984771806,0,0.8,1.0,1.25,0,18294088,ok,,1.0,1.0
ian,18,ian_s018,ok,True,27.0,3600,ampr_only,,,,,41.69903747905342,0.10773719965349017,0,0.8,1.0,1.25,6,18058887,ok,,1.0,1.0
ian,19,ian_s019,ok,True,28.1,3600,ampr_only,,,,,54.20855437936814,0.12529065791273425,0,0.8,1.3,0.75,-6,18869116,ok,,0.9999964149070788,1.0
ian,20,ian_s020,ok,True,92.4,3600,ampr_only,,,,,54.20855437936814,0.12538184470888616,0,0.8,1.3,0.75,0,18622475,ok,,0.9999964149070788,1.0
ian,21,ian_s021,ok,True,23.7,3600,ampr_only,,,,,54.20855437936814,0.1251994711165823,0,0.8,1.3,0.75,6,18368893,ok,,0.9999964149070788,1.0
ian,22,ian_s022,ok,True,25.5,3600,ampr_only,,,,,54.20855437936814,0.12816304199151962,0,0.8,1.3,1.0,-6,18899409,ok,,0.9999964149070788,1.0
ian,23,ian_s023,ok,True,25.3,3600,ampr_only,,,,,54.20855437936814,0.1282086353895956,0,0.8,1.3,1.0,0,18640149,ok,,0.9999964149070788,1.0
ian,24,ian_s024,ok,True,25.3,3600,ampr_only,,,,,54.20855437936814,0.12802626179729176,0,0.8,1.3,1.0,6,18392120,ok,,0.9999964149070788,1.0
ian,25,ian_s025,ok,True,25.1,3600,ampr_only,,,,,54.20855437936814,0.13436374412985,0,0.8,1.3,1.25,-6,18926821,ok,,0.9999964149070788,1.0
ian,26,ian_s026,ok,True,26.7,3600,ampr_only,,,,,54.20855437936814,0.13450052432407789,0,0.8,1.3,1.25,0,18676656,ok,,0.9999964149070788,1.0
ian,27,ian_s027,ok,True,32.6,3600,ampr_only,,,,,54.20855437936814,0.13431815073177403,0,0.8,1.3,1.25,6,18414359,ok,,0.9999964149070788,1.0
ian,28,ian_s028,ok,True,36.6,3600,ampr_only,,,,,29.188809825479222,0.08694661013085306,0,1.0,0.7,0.75,-6,18052242,ok,,0.9999823082638494,1.0
ian,29,ian_s029,ok,True,32.7,3600,ampr_only,,,,,29.188809825479222,0.08699220352892902,0,1.0,0.7,0.75,0,17846027,ok,,0.9999823082638494,1.0
ian,30,ian_s030,ok,True,104.9,3600,ampr_only,,,,,29.188809825479222,0.08694661013085306,0,1.0,0.7,0.75,6,17634733,ok,,0.9999823082638494,1.0
ian,31,ian_s031,ok,True,25.3,3600,ampr_only,,,,,29.188809825479222,0.0895454338211827,0,1.0,0.7,1.0,-6,18077761,ok,,0.9999823082638494,1.0
ian,32,ian_s032,ok,True,26.7,3600,ampr_only,,,,,29.188809825479222,0.08972780741348653,0,1.0,0.7,1.0,0,17862869,ok,,0.9999823082638494,1.0
ian,33,ian_s033,ok,True,28.3,3600,ampr_only,,,,,29.188809825479222,0.08963662061733461,0,1.0,0.7,1.0,6,17651828,ok,,0.9999823082638494,1.0
ian,34,ian_s034,ok,True,28.7,3600,ampr_only,,,,,29.188809825479222,0.09583732275566498,0,1.0,0.7,1.25,-6,18116160,ok,,0.9999823082638494,1.0
ian,35,ian_s035,ok,True,29.1,3600,ampr_only,,,,,29.188809825479222,0.09597410294989285,0,1.0,0.7,1.25,0,17904796,ok,,0.9999823082638494,1.0
ian,36,ian_s036,ok,True,29.2,3600,ampr_only,,,,,29.188809825479222,0.09592850955181689,0,1.0,0.7,1.25,6,17692723,ok,,0.9999823082638494,1.0
ian,37,ian_s037,ok,True,102.1,3600,ampr_only,,,,,41.69903747905342,0.10253955227283089,0,1.0,1.0,0.75,-6,18500202,ok,,1.0,1.0
ian,38,ian_s038,ok,True,26.9,3600,ampr_only,,,,,41.69903747905342,0.10240277207860302,0,1.0,1.0,0.75,0,18264972,ok,,1.0,1.0
ian,39,ian_s039,ok,True,27.7,3600,ampr_only,,,,,41.69903747905342,0.10244836547667897,0,1.0,1.0,0.75,6,18034883,ok,,1.0,1.0
ian,40,ian_s040,ok,True,29.6,3600,ampr_only,,,,,41.69903747905342,0.10527515615738842,0,1.0,1.0,1.0,-6,18516604,ok,,1.0,1.0
ian,41,ian_s041,ok,True,211.9,3600,cumprcp,,1.0000537472230897,,,41.69903747905342,0.10518396936123649,0,1.0,1.0,1.0,0,37504605,ok,,1.0,1.0
ian,42,ian_s042,ok,True,30.5,3600,ampr_only,,,,,41.69903747905342,0.10518396936123649,0,1.0,1.0,1.0,6,18055180,ok,,1.0,1.0
ian,43,ian_s043,ok,True,31.2,3600,ampr_only,,,,,41.69903747905342,0.11165823188802261,0,1.0,1.0,1.25,-6,18558797,ok,,1.0,1.0
ian,44,ian_s044,ok,True,29.9,3600,ampr_only,,,,,41.69903747905342,0.1115670450918707,0,1.0,1.0,1.25,0,18321948,ok,,1.0,1.0
ian,45,ian_s045,ok,True,30.4,3600,ampr_only,,,,,41.69903747905342,0.1115670450918707,0,1.0,1.0,1.25,6,18095891,ok,,1.0,1.0
ian,46,ian_s046,ok,True,30.1,3600,ampr_only,,,,,54.20855437936814,0.1292116901472667,0,1.0,1.3,0.75,-6,18908432,ok,,0.9999964149070788,1.0
ian,47,ian_s047,ok,True,30.5,3600,ampr_only,,,,,54.20855437936814,0.12939406373957052,0,1.0,1.3,0.75,0,18665949,ok,,0.9999964149070788,1.0
ian,48,ian_s048,ok,True,30.5,3600,ampr_only,,,,,54.20855437936814,0.12925728354534263,0,1.0,1.3,0.75,6,18405783,ok,,0.9999964149070788,1.0
ian,49,ian_s049,ok,True,30.5,3600,ampr_only,,,,,54.20855437936814,0.1318561072356723,0,1.0,1.3,1.0,-6,18931253,ok,,0.9999964149070788,1.0
ian,50,ian_s050,ok,True,30.2,3600,ampr_only,,,,,54.20855437936814,0.13199288742990015,0,1.0,1.3,1.0,0,18682740,ok,,0.9999964149070788,1.0
ian,51,ian_s051,ok,True,31.4,3600,ampr_only,,,,,54.20855437936814,0.13199288742990015,0,1.0,1.3,1.0,6,18429492,ok,,0.9999964149070788,1.0
ian,52,ian_s052,ok,True,30.4,3600,ampr_only,,,,,54.20855437936814,0.13837596316053435,0,1.0,1.3,1.25,-6,18962844,ok,,0.9999964149070788,1.0
ian,53,ian_s053,ok,True,30.4,3600,ampr_only,,,,,54.20855437936814,0.13851274335476224,0,1.0,1.3,1.25,0,18720580,ok,,0.9999964149070788,1.0
ian,54,ian_s054,ok,True,31.2,3600,ampr_only,,,,,54.20855437936814,0.13842155655861033,0,1.0,1.3,1.25,6,18458417,ok,,0.9999964149070788,1.0
ian,55,ian_s055,ok,True,31.1,3600,ampr_only,,,,,29.188809825479222,0.09209866411343637,0,1.2,0.7,0.75,-6,18100903,ok,,0.9999823082638494,1.0
ian,56,ian_s056,ok,True,29.2,3600,ampr_only,,,,,29.188809825479222,0.09209866411343637,0,1.2,0.7,0.75,0,17899395,ok,,0.9999823082638494,1.0
ian,57,ian_s057,ok,True,30.0,3600,ampr_only,,,,,29.188809825479222,0.0919618839192085,0,1.2,0.7,0.75,6,17685896,ok,,0.9999823082638494,1.0
ian,58,ian_s058,ok,True,37.1,3600,ampr_only,,,,,29.188809825479222,0.09510782838644964,0,1.2,0.7,1.0,-6,18123974,ok,,0.9999823082638494,1.0
ian,59,ian_s059,ok,True,33.8,3600,ampr_only,,,,,29.188809825479222,0.0951534217845256,0,1.2,0.7,1.0,0,17919450,ok,,0.9999823082638494,1.0
ian,60,ian_s060,ok,True,31.8,3600,ampr_only,,,,,29.188809825479222,0.09497104819222177,0,1.2,0.7,1.0,6,17702045,ok,,0.9999823082638494,1.0
ian,61,ian_s061,ok,True,31.7,3600,ampr_only,,,,,29.188809825479222,0.10139971732093193,0,1.2,0.7,1.25,-6,18167441,ok,,0.9999823082638494,1.0
ian,62,ian_s062,ok,True,30.8,3600,ampr_only,,,,,29.188809825479222,0.10139971732093193,0,1.2,0.7,1.25,0,17958502,ok,,0.9999823082638494,1.0
ian,63,ian_s063,ok,True,31.2,3600,ampr_only,,,,,29.188809825479222,0.10126293712670405,0,1.2,0.7,1.25,6,17745968,ok,,0.9999823082638494,1.0
ian,64,ian_s064,ok,True,33.4,3600,ampr_only,,,,,41.69903747905342,0.1062782109150595,0,1.2,1.0,0.75,-6,18550355,ok,,1.0,1.0
ian,65,ian_s065,ok,True,31.9,3600,ampr_only,,,,,41.69903747905342,0.10605024392467971,0,1.2,1.0,0.75,0,18321162,ok,,1.0,1.0
ian,66,ian_s066,ok,True,31.9,3600,ampr_only,,,,,41.69903747905342,0.10582227693429991,0,1.2,1.0,0.75,6,18087547,ok,,1.0,1.0
ian,67,ian_s067,ok,True,31.3,3600,ampr_only,,,,,41.69903747905342,0.10933296858614873,0,1.2,1.0,1.0,-6,18563506,ok,,1.0,1.0
ian,68,ian_s068,ok,True,31.0,3600,ampr_only,,,,,41.69903747905342,0.10905940819769297,0,1.2,1.0,1.0,0,18336235,ok,,1.0,1.0
ian,69,ian_s069,ok,True,31.6,3600,ampr_only,,,,,41.69903747905342,0.10887703460538914,0,1.2,1.0,1.0,6,18107086,ok,,1.0,1.0
ian,70,ian_s070,ok,True,102.6,3600,ampr_only,,,,,41.69903747905342,0.11562485752063101,0,1.2,1.0,1.25,-6,18599363,ok,,1.0,1.0
ian,71,ian_s071,ok,True,28.8,3600,ampr_only,,,,,41.69903747905342,0.11539689053025122,0,1.2,1.0,1.25,0,18383874,ok,,1.0,1.0
ian,72,ian_s072,ok,True,29.3,3600,ampr_only,,,,,41.69903747905342,0.11521451693794739,0,1.2,1.0,1.25,6,18148023,ok,,1.0,1.0
ian,73,ian_s073,ok,True,31.7,3600,ampr_only,,,,,54.20855437936814,0.13377102995486254,0,1.2,1.3,0.75,-6,18957477,ok,,0.9999964149070788,1.0
ian,74,ian_s074,ok,True,31.6,3600,ampr_only,,,,,54.20855437936814,0.13532120548944512,0,1.2,1.3,0.75,0,18707036,ok,,0.9999964149070788,1.0
ian,75,ian_s075,ok,True,31.9,3600,ampr_only,,,,,54.20855437936814,0.1345917111202298,0,1.2,1.3,0.75,6,18458511,ok,,0.9999964149070788,1.0
ian,76,ian_s076,ok,True,35.0,3600,ampr_only,,,,,54.20855437936814,0.13673460082979985,0,1.2,1.3,1.0,-6,18971073,ok,,0.9999964149070788,1.0
ian,77,ian_s077,ok,True,34.4,3600,ampr_only,,,,,54.20855437936814,0.13814799617015455,0,1.2,1.3,1.0,0,18716380,ok,,0.9999964149070788,1.0
ian,78,ian_s078,ok,True,34.3,3600,ampr_only,,,,,54.20855437936814,0.13741850180093923,0,1.2,1.3,1.0,6,18469699,ok,,0.9999964149070788,1.0
ian,79,ian_s079,ok,True,32.2,3600,ampr_only,,,,,54.20855437936814,0.14316326995851,0,1.2,1.3,1.25,-6,19002342,ok,,0.9999964149070788,1.0
ian,80,ian_s080,ok,True,31.7,3600,ampr_only,,,,,54.20855437936814,0.14462225869694068,0,1.2,1.3,1.25,0,18754262,ok,,0.9999964149070788,1.0
ian,81,ian_s081,ok,True,35.1,3600,ampr_only,,,,,54.20855437936814,0.14384717092964938,0,1.2,1.3,1.25,6,18510221,ok,,0.9999964149070788,1.0
milton,1,milton_s001,ok,True,34.2,3600,ampr_only,,,,,55.20442841378183,0.11029042994574385,0,0.8,0.7,0.75,-6,23212394,ok,,1.0,1.0
milton,2,milton_s002,ok,True,32.3,3600,ampr_only,,,,,55.20442841378183,0.1102448365476679,0,0.8,0.7,0.75,0,22947211,ok,,1.0,1.0
milton,3,milton_s003,ok,True,33.8,3600,ampr_only,,,,,55.383131973678836,0.1115670450918707,0,0.8,0.7,0.75,6,22838458,ok,,1.0000000000000004,1.0032371236335884
milton,4,milton_s004,ok,True,32.4,3600,ampr_only,,,,,55.20442841378183,0.1131172206264533,0,0.8,0.7,1.0,-6,23235176,ok,,1.0,1.0
milton,5,milton_s005,ok,True,31.9,3600,ampr_only,,,,,55.20442841378183,0.11307162722837732,0,0.8,0.7,1.0,0,22967287,ok,,1.0,1.0
milton,6,milton_s006,ok,True,35.0,3600,ampr_only,,,,,55.383131973678836,0.11439383577258012,0,0.8,0.7,1.0,6,22870091,ok,,1.0000000000000004,1.0032371236335884
milton,7,milton_s007,ok,True,32.5,3600,ampr_only,,,,,55.20442841378183,0.11580723111293485,0,0.8,0.7,1.25,-6,23269292,ok,,1.0,1.0
milton,8,milton_s008,ok,True,32.3,3600,ampr_only,,,,,55.20442841378183,0.1157616377148589,0,0.8,0.7,1.25,0,23003963,ok,,1.0,1.0
milton,9,milton_s009,ok,True,31.9,3600,ampr_only,,,,,55.383131973678836,0.1170838462590617,0,0.8,0.7,1.25,6,22885632,ok,,1.0000000000000004,1.0032371236335884
milton,10,milton_s010,ok,True,34.4,3600,ampr_only,,,,,78.86346916254547,0.2017507864861168,0,0.8,1.0,0.75,-6,24734903,ok,,1.0,1.0
milton,11,milton_s011,ok,True,34.1,3600,ampr_only,,,,,78.86346916254547,0.20165959968996489,0,0.8,1.0,0.75,0,24408650,ok,,1.0,1.0
milton,12,milton_s012,ok,True,36.2,3600,ampr_only,,,,,79.11875996239831,0.2029818082341677,0,0.8,1.0,0.75,6,24294215,ok,,1.0,1.0032371236335884
milton,13,milton_s013,ok,True,34.0,3600,ampr_only,,,,,78.86346916254547,0.20412164318606665,0,0.8,1.0,1.0,-6,24761881,ok,,1.0,1.0
milton,14,milton_s014,ok,True,34.3,3600,ampr_only,,,,,78.86346916254547,0.20403045638991474,0,0.8,1.0,1.0,0,24453303,ok,,1.0,1.0
milton,15,milton_s015,ok,True,34.2,3600,ampr_only,,,,,79.11875996239831,0.20535266493411755,0,0.8,1.0,1.0,6,24316267,ok,,1.0,1.0032371236335884
milton,16,milton_s016,ok,True,34.5,3600,ampr_only,,,,,78.86346916254547,0.20631012629371268,0,0.8,1.0,1.25,-6,24784677,ok,,1.0,1.0
milton,17,milton_s017,ok,True,34.7,3600,ampr_only,,,,,78.86346916254547,0.20621893949756076,0,0.8,1.0,1.25,0,24472219,ok,,1.0,1.0
milton,18,milton_s018,ok,True,35.2,3600,ampr_only,,,,,79.11875996239831,0.20754114804176355,0,0.8,1.0,1.25,6,24324042,ok,,1.0,1.0032371236335884
milton,19,milton_s019,ok,True,37.7,3600,ampr_only,,,,,102.52250991130911,0.2614325445675466,0,0.8,1.3,0.75,-6,25684175,ok,,1.0,1.0
milton,20,milton_s020,ok,True,36.1,3600,ampr_only,,,,,102.52250991130911,0.2614325445675466,0,0.8,1.3,0.75,0,25365438,ok,,1.0,1.0
milton,21,milton_s021,ok,True,109.1,3600,ampr_only,,,,,102.85438795111786,0.2627547531117494,0,0.8,1.3,0.75,6,25224518,ok,,1.0000000000000004,1.0032371236335884
milton,22,milton_s022,ok,True,33.1,3600,ampr_only,,,,,102.52250991130911,0.2634842474809648,0,0.8,1.3,1.0,-6,25699663,ok,,1.0,1.0
milton,23,milton_s023,ok,True,34.8,3600,ampr_only,,,,,102.52250991130911,0.2634386540828888,0,0.8,1.3,1.0,0,25373376,ok,,1.0,1.0
milton,24,milton_s024,ok,True,38.8,3600,ampr_only,,,,,102.85438795111786,0.2647152692290156,0,0.8,1.3,1.0,6,25237414,ok,,1.0000000000000004,1.0032371236335884
milton,25,milton_s025,ok,True,40.1,3600,ampr_only,,,,,102.52250991130911,0.2656727305886108,0,0.8,1.3,1.25,-6,25713605,ok,,1.0,1.0
milton,26,milton_s026,ok,True,107.6,3600,ampr_only,,,,,102.52250991130911,0.26558154379245885,0,0.8,1.3,1.25,0,25388620,ok,,1.0,1.0
milton,27,milton_s027,ok,True,33.2,3600,ampr_only,,,,,102.85438795111786,0.2669493457347376,0,0.8,1.3,1.25,6,25256455,ok,,1.0000000000000004,1.0032371236335884
milton,28,milton_s028,ok,True,31.4,3600,ampr_only,,,,,55.20442841378183,0.11503214334564354,0,1.0,0.7,0.75,-6,23252143,ok,,1.0,1.0
milton,29,milton_s029,ok,True,32.6,3600,ampr_only,,,,,55.20442841378183,0.11498654994756759,0,1.0,0.7,0.75,0,22966723,ok,,1.0,1.0
milton,30,milton_s030,ok,True,33.0,3600,ampr_only,,,,,55.383131973678836,0.11617197829754251,0,1.0,0.7,0.75,6,22863396,ok,,1.0000000000000004,1.0032371236335884
milton,31,milton_s031,ok,True,107.1,3600,ampr_only,,,,,55.20442841378183,0.11767656043404914,0,1.0,0.7,1.0,-6,23276270,ok,,1.0,1.0
milton,32,milton_s032,ok,True,31.8,3600,ampr_only,,,,,55.20442841378183,0.11763096703597319,0,1.0,0.7,1.0,0,23009144,ok,,1.0,1.0
milton,33,milton_s033,ok,True,31.2,3600,ampr_only,,,,,55.383131973678836,0.11877080198787215,0,1.0,0.7,1.0,6,22893223,ok,,1.0000000000000004,1.0032371236335884
milton,34,milton_s034,ok,True,32.7,3600,ampr_only,,,,,55.20442841378183,0.12050335111475859,0,1.0,0.7,1.25,-6,23311272,ok,,1.0,1.0
milton,35,milton_s035,ok,True,32.8,3600,ampr_only,,,,,55.20442841378183,0.12045775771668263,0,1.0,0.7,1.25,0,23026771,ok,,1.0,1.0
milton,36,milton_s036,ok,True,34.4,3600,ampr_only,,,,,55.383131973678836,0.12155199927050563,0,1.0,0.7,1.25,6,22923742,ok,,1.0000000000000004,1.0032371236335884
milton,37,milton_s037,ok,True,35.3,3600,ampr_only,,,,,78.86346916254547,0.20594537910910501,0,1.0,1.0,0.75,-6,24765849,ok,,1.0,1.0
milton,38,milton_s038,ok,True,40.8,3600,ampr_only,,,,,78.86346916254547,0.20589978571102904,0,1.0,1.0,0.75,0,24438765,ok,,1.0,1.0
milton,39,milton_s039,ok,True,36.2,3600,ampr_only,,,,,79.11875996239831,0.207039620662928,0,1.0,1.0,0.75,6,24318989,ok,,1.0,1.0032371236335884
milton,40,milton_s040,ok,True,46.0,3600,ampr_only,,,,,78.86346916254547,0.2080426754205991,0,1.0,1.0,1.0,-6,24782997,ok,,1.0,1.0
milton,41,milton_s041,ok,True,239.1,3600,cumprcp,,1.0001094507713688,,,78.86346916254547,0.20795148862444718,0,1.0,1.0,1.0,0,52531716,ok,,1.0,1.0
milton,42,milton_s042,ok,True,36.7,3600,ampr_only,,,,,79.11875996239831,0.20918251037249808,0,1.0,1.0,1.0,6,24328527,ok,,1.0,1.0032371236335884
milton,43,milton_s043,ok,True,35.2,3600,ampr_only,,,,,78.86346916254547,0.21027675192632106,0,1.0,1.0,1.25,-6,24789969,ok,,1.0,1.0
milton,44,milton_s044,ok,True,35.0,3600,ampr_only,,,,,78.86346916254547,0.21023115852824512,0,1.0,1.0,1.25,0,24471459,ok,,1.0,1.0
milton,45,milton_s045,ok,True,35.2,3600,ampr_only,,,,,79.11875996239831,0.21141658687822004,0,1.0,1.0,1.25,6,24364201,ok,,1.0,1.0032371236335884
milton,46,milton_s046,ok,True,38.2,3600,ampr_only,,,,,102.52250991130911,0.2653079834040031,0,1.0,1.3,0.75,-6,25695926,ok,,1.0,1.0
milton,47,milton_s047,ok,True,39.1,3600,ampr_only,,,,,102.52250991130911,0.2653079834040031,0,1.0,1.3,0.75,0,25359058,ok,,1.0,1.0
milton,48,milton_s048,ok,True,37.5,3600,ampr_only,,,,,102.85438795111786,0.26658459855012995,0,1.0,1.3,0.75,6,25250634,ok,,1.0000000000000004,1.0032371236335884
milton,49,milton_s049,ok,True,38.1,3600,ampr_only,,,,,102.52250991130911,0.26704053253088955,0,1.0,1.3,1.0,-6,25706763,ok,,1.0,1.0
milton,50,milton_s050,ok,True,48.1,3600,ampr_only,,,,,102.52250991130911,0.2669949391328136,0,1.0,1.3,1.0,0,25391097,ok,,1.0,1.0
milton,51,milton_s051,ok,True,37.5,3600,ampr_only,,,,,102.85438795111786,0.26831714767701637,0,1.0,1.3,1.0,6,25274586,ok,,1.0000000000000004,1.0032371236335884
milton,52,milton_s052,ok,True,36.2,3600,ampr_only,,,,,102.52250991130911,0.2692746090366115,0,1.0,1.3,1.25,-6,25735396,ok,,1.0,1.0
milton,53,milton_s053,ok,True,37.4,3600,ampr_only,,,,,102.52250991130911,0.26909223544430766,0,1.0,1.3,1.25,0,25399048,ok,,1.0,1.0
milton,54,milton_s054,ok,True,37.7,3600,ampr_only,,,,,102.85438795111786,0.2704600373865864,0,1.0,1.3,1.25,6,25283601,ok,,1.0000000000000004,1.0032371236335884
milton,55,milton_s055,ok,True,35.5,3600,ampr_only,,,,,55.20442841378183,0.11890758218210003,0,1.2,0.7,0.75,-6,23267187,ok,,1.0,1.0
milton,56,milton_s056,ok,True,34.6,3600,ampr_only,,,,,55.20442841378183,0.11886198878402407,0,1.2,0.7,0.75,0,23001516,ok,,1.0,1.0
milton,57,milton_s057,ok,True,33.6,3600,ampr_only,,,,,55.383131973678836,0.11995623033784708,0,1.2,0.7,0.75,6,22903965,ok,,1.0000000000000004,1.0032371236335884
milton,58,milton_s058,ok,True,34.5,3600,ampr_only,,,,,55.20442841378183,0.1213696256782018,0,1.2,0.7,1.0,-6,23297575,ok,,1.0,1.0
milton,59,milton_s059,ok,True,35.1,3600,ampr_only,,,,,55.20442841378183,0.12127843888204988,0,1.2,0.7,1.0,0,23025668,ok,,1.0,1.0
milton,60,milton_s060,ok,True,34.7,3600,ampr_only,,,,,55.383131973678836,0.12250946063010076,0,1.2,0.7,1.0,6,22909731,ok,,1.0000000000000004,1.0032371236335884
milton,61,milton_s061,ok,True,35.2,3600,ampr_only,,,,,55.20442841378183,0.1240140427666074,0,1.2,0.7,1.25,-6,23319238,ok,,1.0,1.0
milton,62,milton_s062,ok,True,34.3,3600,ampr_only,,,,,55.20442841378183,0.12392285597045548,0,1.2,0.7,1.25,0,23036320,ok,,1.0,1.0
milton,63,milton_s063,ok,True,34.0,3600,ampr_only,,,,,55.383131973678836,0.12506269092235445,0,1.2,0.7,1.25,6,22930976,ok,,1.0000000000000004,1.0032371236335884
milton,64,milton_s064,ok,True,36.0,3600,ampr_only,,,,,78.86346916254547,0.20959285095518168,0,1.2,1.0,0.75,-6,24773341,ok,,1.0,1.0
milton,65,milton_s065,ok,True,35.9,3600,ampr_only,,,,,78.86346916254547,0.20959285095518168,0,1.2,1.0,0.75,0,24450492,ok,,1.0,1.0
milton,66,milton_s066,ok,True,107.1,3600,ampr_only,,,,,79.11875996239831,0.21073268590708066,0,1.2,1.0,0.75,6,24329084,ok,,1.0,1.0032371236335884
milton,67,milton_s067,ok,True,33.0,3600,ampr_only,,,,,78.86346916254547,0.2115533670724479,0,1.2,1.0,1.0,-6,24790231,ok,,1.0,1.0
milton,68,milton_s068,ok,True,36.1,3600,ampr_only,,,,,78.86346916254547,0.2115533670724479,0,1.2,1.0,1.0,0,24491920,ok,,1.0,1.0
milton,69,milton_s069,ok,True,36.4,3600,ampr_only,,,,,79.11875996239831,0.21269320202434688,0,1.2,1.0,1.0,6,24347692,ok,,1.0,1.0032371236335884
milton,70,milton_s070,ok,True,37.5,3600,ampr_only,,,,,78.86346916254547,0.21360506998586604,0,1.2,1.0,1.25,-6,24808834,ok,,1.0,1.0
milton,71,milton_s071,ok,True,36.7,3600,ampr_only,,,,,78.86346916254547,0.21369625678201795,0,1.2,1.0,1.25,0,24486486,ok,,1.0,1.0
milton,72,milton_s072,ok,True,36.6,3600,ampr_only,,,,,79.11875996239831,0.21488168513199288,0,1.2,1.0,1.25,6,24367257,ok,,1.0,1.0032371236335884
milton,73,milton_s073,ok,True,37.2,3600,ampr_only,,,,,102.52250991130911,0.2682715542789404,0,1.2,1.3,0.75,-6,25711763,ok,,1.0,1.0
milton,74,milton_s074,ok,True,38.9,3600,ampr_only,,,,,102.52250991130911,0.2684083344731683,0,1.2,1.3,0.75,0,25374877,ok,,1.0,1.0
milton,75,milton_s075,ok,True,37.5,3600,ampr_only,,,,,102.85438795111786,0.2699585100077509,0,1.2,1.3,0.75,6,25250473,ok,,1.0000000000000004,1.0032371236335884
milton,76,milton_s076,ok,True,37.2,3600,ampr_only,,,,,102.52250991130911,0.2701408836000547,0,1.2,1.3,1.0,-6,25737983,ok,,1.0,1.0
milton,77,milton_s077,ok,True,37.9,3600,ampr_only,,,,,102.52250991130911,0.27009529020197875,0,1.2,1.3,1.0,0,25388509,ok,,1.0,1.0
milton,78,milton_s078,ok,True,38.5,3600,ampr_only,,,,,102.85438795111786,0.2716910591346373,0,1.2,1.3,1.0,6,25272939,ok,,1.0000000000000004,1.0032371236335884
milton,79,milton_s079,ok,True,39.0,3600,ampr_only,,,,,102.52250991130911,0.2722837733096248,0,1.2,1.3,1.25,-6,25743781,ok,,1.0,1.0
milton,80,milton_s080,ok,True,38.2,3600,ampr_only,,,,,102.52250991130911,0.27210139971732095,0,1.2,1.3,1.25,0,25427291,ok,,1.0,1.0
milton,81,milton_s081,ok,True,37.8,3600,ampr_only,,,,,102.85438795111786,0.27383394884420736,0,1.2,1.3,1.25,6,25279244,ok,,1.0000000000000004,1.0032371236335884
dorian,1,dorian_s001,ok,True,32.6,3600,ampr_only,s040,,1.0000000000000004,0.9999962794391136,40.75521191809377,0.08174896275019378,0,0.8,0.7,0.75,-6,21400477,ok,,1.0000000000000004,0.9999962794391136
dorian,2,dorian_s002,ok,True,36.0,3600,ampr_only,s041,,1.0000000000000004,,40.75536355090531,0.08179455614826973,0,0.8,0.7,0.75,0,21192554,ok,,1.0000000000000004,1.0
dorian,3,dorian_s003,ok,True,36.1,3600,ampr_only,s042,,1.0000000000000004,1.0756708030879811,43.839354640944954,0.08284320430401677,0,0.8,0.7,0.75,6,22250648,ok,,1.0000000000000004,1.0756708030879811
dorian,4,dorian_s004,ok,True,111.5,3600,ampr_only,s040,,1.0000000000000004,0.9999962794391136,40.75521191809377,0.08448456663475129,0,0.8,0.7,1.0,-6,21418576,ok,,1.0000000000000004,0.9999962794391136
dorian,5,dorian_s005,ok,True,29.0,3600,ampr_only,s041,,1.0000000000000004,,40.75536355090531,0.0845757534309032,0,0.8,0.7,1.0,0,21210430,ok,,1.0000000000000004,1.0
dorian,6,dorian_s006,ok,True,31.1,3600,ampr_only,s042,,1.0000000000000004,1.0756708030879811,43.839354640944954,0.0855788081885743,0,0.8,0.7,1.0,6,22273024,ok,,1.0000000000000004,1.0756708030879811
dorian,7,dorian_s007,ok,True,32.1,3600,ampr_only,s040,,1.0000000000000004,0.9999962794391136,40.75521191809377,0.08653626954816943,0,0.8,0.7,1.25,-6,21431522,ok,,1.0000000000000004,0.9999962794391136
dorian,8,dorian_s008,ok,True,33.3,3600,ampr_only,s041,,1.0000000000000004,,40.75536355090531,0.08653626954816943,0,0.8,0.7,1.25,0,21235162,ok,,1.0000000000000004,1.0
dorian,9,dorian_s009,ok,True,32.9,3600,ampr_only,s042,,1.0000000000000004,1.0756708030879811,43.839354640944954,0.08763051110199244,0,0.8,0.7,1.25,6,22288951,ok,,1.0000000000000004,1.0756708030879811
dorian,10,dorian_s010,ok,True,35.3,3600,ampr_only,s040,,1.0,0.9999962794391136,58.221731311562515,0.11425705557835225,0,0.8,1.0,0.75,-6,22363596,ok,,1.0,0.9999962794391136
dorian,11,dorian_s011,ok,True,36.0,3600,ampr_only,s041,,1.0,,58.22194792986471,0.11389230839374459,0,0.8,1.0,0.75,0,22087549,ok,,1.0,1.0
dorian,12,dorian_s012,ok,True,35.6,3600,ampr_only,s042,,1.0,1.0756708030879811,62.6276494870642,0.12469794373774677,0,0.8,1.0,0.75,6,23380084,ok,,1.0,1.0756708030879811
dorian,13,dorian_s013,ok,True,34.5,3600,ampr_only,s040,,1.0,0.9999962794391136,58.221731311562515,0.11703825286098572,0,0.8,1.0,1.0,-6,22372767,ok,,1.0,0.9999962794391136
dorian,14,dorian_s014,ok,True,34.1,3600,ampr_only,s041,,1.0,,58.22194792986471,0.11699265946290976,0,0.8,1.0,1.0,0,22103265,ok,,1.0,1.0
dorian,15,dorian_s015,ok,True,34.1,3600,ampr_only,s042,,1.0,1.0756708030879811,62.6276494870642,0.12738795422422833,0,0.8,1.0,1.0,6,23387284,ok,,1.0,1.0756708030879811
dorian,16,dorian_s016,ok,True,34.5,3600,ampr_only,s040,,1.0,0.9999962794391136,58.221731311562515,0.11881639538594811,0,0.8,1.0,1.25,-6,22383036,ok,,1.0,0.9999962794391136
dorian,17,dorian_s017,ok,True,33.5,3600,ampr_only,s041,,1.0,,58.22194792986471,0.11858842839556832,0,0.8,1.0,1.25,0,22105973,ok,,1.0,1.0
dorian,18,dorian_s018,ok,True,104.3,3600,ampr_only,s042,,1.0,1.0756708030879811,62.6276494870642,0.12934847034149455,0,0.8,1.0,1.25,6,23398886,ok,,1.0,1.0756708030879811
dorian,19,dorian_s019,ok,True,33.5,3600,ampr_only,s040,,1.0000000000000002,0.9999962794391136,75.68825070503128,0.15852824511010805,0,0.8,1.3,0.75,-6,23232637,ok,,1.0000000000000002,0.9999962794391136
dorian,20,dorian_s020,ok,True,33.1,3600,ampr_only,s041,,1.0000000000000002,,75.68853230882414,0.15843705831395613,0,0.8,1.3,0.75,0,22936152,ok,,1.0000000000000002,1.0
dorian,21,dorian_s021,ok,True,35.4,3600,ampr_only,s042,,1.0,1.0756708030879811,81.41594433318346,0.1790908676423654,0,0.8,1.3,0.75,6,24349562,ok,,1.0,1.0756708030879811
dorian,22,dorian_s022,ok,True,34.7,3600,ampr_only,s040,,1.0000000000000002,0.9999962794391136,75.68825070503128,0.16117266219851364,0,0.8,1.3,1.0,-6,23240372,ok,,1.0000000000000002,0.9999962794391136
dorian,23,dorian_s023,ok,True,35.3,3600,ampr_only,s041,,1.0000000000000002,,75.68853230882414,0.16103588200428579,0,0.8,1.3,1.0,0,22938404,ok,,1.0000000000000002,1.0
dorian,24,dorian_s024,ok,True,34.2,3600,ampr_only,s042,,1.0,1.0756708030879811,81.41594433318346,0.1815073177403912,0,0.8,1.3,1.0,6,24366156,ok,,1.0,1.0756708030879811
dorian,25,dorian_s025,ok,True,34.9,3600,ampr_only,s040,,1.0000000000000002,0.9999962794391136,75.68825070503128,0.1629052113254001,0,0.8,1.3,1.25,-6,23251323,ok,,1.0000000000000002,0.9999962794391136
dorian,26,dorian_s026,ok,True,34.4,3600,ampr_only,s041,,1.0000000000000002,,75.68853230882414,0.1626772443350203,0,0.8,1.3,1.25,0,22959530,ok,,1.0000000000000002,1.0
dorian,27,dorian_s027,ok,True,34.5,3600,ampr_only,s042,,1.0,1.0756708030879811,81.41594433318346,0.18301189987689784,0,0.8,1.3,1.25,6,24373934,ok,,1.0,1.0756708030879811
dorian,28,dorian_s028,ok,True,33.1,3600,ampr_only,s040,,1.0000000000000004,0.9999962794391136,40.75521191809377,0.08571558838280217,0,1.0,0.7,0.75,-6,21453375,ok,,1.0000000000000004,0.9999962794391136
dorian,29,dorian_s029,ok,True,39.5,3600,ampr_only,s041,,1.0000000000000004,,40.75536355090531,0.08566999498472622,0,1.0,0.7,0.75,0,21239841,ok,,1.0000000000000004,1.0
dorian,30,dorian_s030,ok,True,34.3,3600,ampr_only,s042,,1.0000000000000004,1.0756708030879811,43.839354640944954,0.08676423653854921,0,1.0,0.7,0.75,6,22304012,ok,,1.0000000000000004,1.0756708030879811
dorian,31,dorian_s031,ok,True,108.3,3600,ampr_only,s040,,1.0000000000000004,0.9999962794391136,40.75521191809377,0.08845119226735969,0,1.0,0.7,1.0,-6,21474263,ok,,1.0000000000000004,0.9999962794391136
dorian,32,dorian_s032,ok,True,30.4,3600,ampr_only,s041,,1.0000000000000004,,40.75536355090531,0.08845119226735969,0,1.0,0.7,1.0,0,21261517,ok,,1.0000000000000004,1.0
dorian,33,dorian_s033,ok,True,32.5,3600,ampr_only,s042,,1.0000000000000004,1.0756708030879811,43.839354640944954,0.08963662061733461,0,1.0,0.7,1.0,6,22332025,ok,,1.0000000000000004,1.0756708030879811
dorian,34,dorian_s034,ok,True,104.8,3600,ampr_only,s040,,1.0000000000000004,0.9999962794391136,40.75521191809377,0.09036611498654995,0,1.0,0.7,1.25,-6,21485402,ok,,1.0000000000000004,0.9999962794391136
dorian,35,dorian_s035,ok,True,30.2,3600,ampr_only,s041,,1.0000000000000004,,40.75536355090531,0.09041170838462591,0,1.0,0.7,1.25,0,21273647,ok,,1.0000000000000004,1.0
dorian,36,dorian_s036,ok,True,31.3,3600,ampr_only,s042,,1.0000000000000004,1.0756708030879811,43.839354640944954,0.09146035654037295,0,1.0,0.7,1.25,6,22344568,ok,,1.0000000000000004,1.0756708030879811
dorian,37,dorian_s037,ok,True,36.0,3600,ampr_only,s040,,1.0,0.9999962794391136,58.221731311562515,0.11854283499749237,0,1.0,1.0,0.75,-6,22395401,ok,,1.0,0.9999962794391136
dorian,38,dorian_s038,ok,True,35.8,3600,ampr_only,s041,,1.0,,58.22194792986471,0.11831486800711256,0,1.0,1.0,0.75,0,22133469,ok,,1.0,1.0
dorian,39,dorian_s039,ok,True,38.0,3600,ampr_only,s042,,1.0,1.0756708030879811,62.6276494870642,0.12893812975881092,0,1.0,1.0,0.75,6,23425035,ok,,1.0,1.0756708030879811
dorian,40,dorian_s040,ok,True,35.1,3600,ampr_only,s040,,1.0,0.9999962794391136,58.221731311562515,0.12114165868782201,0,1.0,1.0,1.0,-6,22406812,ok,,1.0,0.9999962794391136
dorian,41,dorian_s041,ok,True,273.0,3600,cumprcp,,1.0000191764924125,,,58.22194792986471,0.12100487849359413,0,1.0,1.0,1.0,0,48538886,ok,,1.0,1.0
dorian,42,dorian_s042,ok,True,34.5,3600,ampr_only,s042,,1.0,1.0756708030879811,62.6276494870642,0.13167373364336843,0,1.0,1.0,1.0,6,23436272,ok,,1.0,1.0756708030879811
dorian,43,dorian_s043,ok,True,34.7,3600,ampr_only,s040,,1.0,0.9999962794391136,58.221731311562515,0.1226918342224046,0,1.0,1.0,1.25,-6,22419331,ok,,1.0,0.9999962794391136
dorian,44,dorian_s044,ok,True,36.8,3600,ampr_only,s041,,1.0,,58.22194792986471,0.1226918342224046,0,1.0,1.0,1.25,0,22160053,ok,,1.0,1.0
dorian,45,dorian_s045,ok,True,118.7,3600,ampr_only,s042,,1.0,1.0756708030879811,62.6276494870642,0.1333606893721789,0,1.0,1.0,1.25,6,23455431,ok,,1.0,1.0756708030879811
dorian,46,dorian_s046,ok,True,32.2,3600,ampr_only,s040,,1.0000000000000002,0.9999962794391136,75.68825070503128,0.16240368394656454,0,1.0,1.3,0.75,-6,23265603,ok,,1.0000000000000002,0.9999962794391136
dorian,47,dorian_s047,ok,True,33.1,3600,ampr_only,s041,,1.0000000000000002,,75.68853230882414,0.16235809054848857,0,1.0,1.3,0.75,0,22982603,ok,,1.0000000000000002,1.0
dorian,48,dorian_s048,ok,True,34.9,3600,ampr_only,s042,,1.0,1.0756708030879811,81.41594433318346,0.18282952628459398,0,1.0,1.3,0.75,6,24391233,ok,,1.0,1.0756708030879811
dorian,49,dorian_s049,ok,True,36.4,3600,ampr_only,s040,,1.0000000000000002,0.9999962794391136,75.68825070503128,0.16482013404459034,0,1.0,1.3,1.0,-6,23281668,ok,,1.0000000000000002,0.9999962794391136
dorian,50,dorian_s050,ok,True,36.7,3600,ampr_only,s041,,1.0000000000000002,,75.68853230882414,0.1647745406465144,0,1.0,1.3,1.0,0,22988913,ok,,1.0000000000000002,1.0
dorian,51,dorian_s051,ok,True,36.0,3600,ampr_only,s042,,1.0,1.0756708030879811,81.41594433318346,0.18538275657684766,0,1.0,1.3,1.0,6,24402086,ok,,1.0,1.0756708030879811
dorian,52,dorian_s052,ok,True,73.9,3600,ampr_only,s040,,1.0000000000000002,0.9999962794391136,75.68825070503128,0.16637030957917293,0,1.0,1.3,1.25,-6,23297017,ok,,1.0000000000000002,0.9999962794391136
dorian,53,dorian_s053,ok,True,70.0,3600,ampr_only,s041,,1.0000000000000002,,75.68853230882414,0.16632471618109698,0,1.0,1.3,1.25,0,22991616,ok,,1.0000000000000002,1.0
dorian,54,dorian_s054,ok,True,60.7,3600,ampr_only,s042,,1.0,1.0756708030879811,81.41594433318346,0.1866593717229745,0,1.0,1.3,1.25,6,24409878,ok,,1.0,1.0756708030879811
dorian,55,dorian_s055,ok,True,55.6,3600,ampr_only,s040,,1.0000000000000004,0.9999962794391136,40.75521191809377,0.08927187343272694,0,1.2,0.7,0.75,-6,21507436,ok,,1.0000000000000004,0.9999962794391136
dorian,56,dorian_s056,ok,True,50.9,3600,ampr_only,s041,,1.0000000000000004,,40.75536355090531,0.08927187343272694,0,1.2,0.7,0.75,0,21297836,ok,,1.0000000000000004,1.0
dorian,57,dorian_s057,ok,True,50.7,3600,ampr_only,s042,,1.0000000000000004,1.0756708030879811,43.839354640944954,0.09027492819039803,0,1.2,0.7,0.75,6,22355049,ok,,1.0000000000000004,1.0756708030879811
dorian,58,dorian_s058,ok,True,32.0,3600,ampr_only,s040,,1.0000000000000004,0.9999962794391136,40.75521191809377,0.0921898509095883,0,1.2,0.7,1.0,-6,21532466,ok,,1.0000000000000004,0.9999962794391136
dorian,59,dorian_s059,ok,True,140.7,3600,ampr_only,s041,,1.0000000000000004,,40.75536355090531,0.0921898509095883,0,1.2,0.7,1.0,0,21315260,ok,,1.0000000000000004,1.0
dorian,60,dorian_s060,ok,True,29.5,3600,ampr_only,s042,,1.0000000000000004,1.0756708030879811,43.839354640944954,0.09323849906533534,0,1.2,0.7,1.0,6,22380218,ok,,1.0000000000000004,1.0756708030879811
dorian,61,dorian_s061,ok,True,32.3,3600,ampr_only,s040,,1.0000000000000004,0.9999962794391136,40.75521191809377,0.09405918023070259,0,1.2,0.7,1.25,-6,21551356,ok,,1.0000000000000004,0.9999962794391136
dorian,62,dorian_s062,ok,True,33.0,3600,ampr_only,s041,,1.0000000000000004,,40.75536355090531,0.09405918023070259,0,1.2,0.7,1.25,0,21336718,ok,,1.0000000000000004,1.0
dorian,63,dorian_s063,ok,True,48.0,3600,ampr_only,s042,,1.0000000000000004,1.0756708030879811,43.839354640944954,0.09510782838644964,0,1.2,0.7,1.25,6,22399270,ok,,1.0000000000000004,1.0756708030879811
dorian,64,dorian_s064,ok,True,70.3,3600,ampr_only,s040,,1.0,0.9999962794391136,58.221731311562515,0.12173437286280947,0,1.2,1.0,0.75,-6,22442676,ok,,1.0,0.9999962794391136
dorian,65,dorian_s065,ok,True,44.0,3600,ampr_only,s041,,1.0,,58.22194792986471,0.12173437286280947,0,1.2,1.0,0.75,0,22184544,ok,,1.0,1.0
dorian,66,dorian_s066,ok,True,40.5,3600,ampr_only,s042,,1.0,1.0756708030879811,62.6276494870642,0.1322664478183559,0,1.2,1.0,0.75,6,23478599,ok,,1.0,1.0756708030879811
dorian,67,dorian_s067,ok,True,42.1,3600,ampr_only,s040,,1.0,0.9999962794391136,58.221731311562515,0.1245611635435189,0,1.2,1.0,1.0,-6,22459979,ok,,1.0,0.9999962794391136
dorian,68,dorian_s068,ok,True,41.8,3600,ampr_only,s041,,1.0,,58.22194792986471,0.12451557014544294,0,1.2,1.0,1.0,0,22192239,ok,,1.0,1.0
dorian,69,dorian_s069,ok,True,44.5,3600,ampr_only,s042,,1.0,1.0756708030879811,62.6276494870642,0.13509323849906535,0,1.2,1.0,1.0,6,23492049,ok,,1.0,1.0756708030879811
dorian,70,dorian_s070,ok,True,41.2,3600,ampr_only,s040,,1.0,0.9999962794391136,58.221731311562515,0.12638489946655723,0,1.2,1.0,1.25,-6,22467707,ok,,1.0,0.9999962794391136
dorian,71,dorian_s071,ok,True,41.0,3600,ampr_only,s041,,1.0,,58.22194792986471,0.1262025258742534,0,1.2,1.0,1.25,0,22207012,ok,,1.0,1.0
dorian,72,dorian_s072,ok,True,47.6,3600,ampr_only,s042,,1.0,1.0756708030879811,62.6276494870642,0.13673460082979985,0,1.2,1.0,1.25,6,23506046,ok,,1.0,1.0756708030879811
dorian,73,dorian_s073,ok,True,44.4,3600,ampr_only,s040,,1.0000000000000002,0.9999962794391136,75.68825070503128,0.1656408152099576,0,1.2,1.3,0.75,-6,23303377,ok,,1.0000000000000002,0.9999962794391136
dorian,74,dorian_s074,ok,True,37.8,3600,ampr_only,s041,,1.0000000000000002,,75.68853230882414,0.1653216614234259,0,1.2,1.3,0.75,0,23029353,ok,,1.0000000000000002,1.0
dorian,75,dorian_s075,ok,True,36.8,3600,ampr_only,s042,,1.0,1.0756708030879811,81.41594433318346,0.18583869055760727,0,1.2,1.3,0.75,6,24428695,ok,,1.0,1.0756708030879811
dorian,76,dorian_s076,ok,True,35.7,3600,ampr_only,s040,,1.0000000000000002,0.9999962794391136,75.68825070503128,0.1680572653079834,0,1.2,1.3,1.0,-6,23330820,ok,,1.0000000000000002,0.9999962794391136
dorian,77,dorian_s077,ok,True,34.7,3600,ampr_only,s041,,1.0000000000000002,,75.68853230882414,0.16778370491952765,0,1.2,1.3,1.0,0,23038132,ok,,1.0000000000000002,1.0
dorian,78,dorian_s078,ok,True,35.6,3600,ampr_only,s042,,1.0,1.0756708030879811,81.41594433318346,0.18834632745178498,0,1.2,1.3,1.0,6,24443296,ok,,1.0,1.0756708030879811
dorian,79,dorian_s079,ok,True,114.5,3600,ampr_only,s040,,1.0000000000000002,0.9999962794391136,75.68825070503128,0.169607440842566,0,1.2,1.3,1.25,-6,23323174,ok,,1.0000000000000002,0.9999962794391136
dorian,80,dorian_s080,ok,True,34.8,3600,ampr_only,s041,,1.0000000000000002,,75.68853230882414,0.16933388045411024,0,1.2,1.3,1.25,0,23041232,ok,,1.0000000000000002,1.0
dorian,81,dorian_s081,ok,True,35.4,3600,ampr_only,s042,,1.0,1.0756708030879811,81.41594433318346,0.19003328318059545,0,1.2,1.3,1.25,6,24462974,ok,,1.0,1.0756708030879811
beryl,1,beryl_s001,ok,True,35.3,3600,ampr_only,s040,,0.9998500665988691,1.0000501062932903,91.14872644786854,0.21210048784935942,0,0.8,0.7,0.75,-6,20556066,ok,,0.9998500665988691,1.0000501062932903
beryl,2,beryl_s002,ok,True,34.6,3600,ampr_only,s041,,0.9998506531611456,,91.14421302162096,0.21118861988784024,0,0.8,0.7,0.75,0,20192018,ok,,0.9998506531611456,1.0
beryl,3,beryl_s003,ok,True,33.0,3600,ampr_only,s042,,0.9998453123552904,0.9595085473066381,87.45318428904237,0.20776911503214335,0,0.8,0.7,0.75,6,19824672,ok,,0.9998453123552904,0.9595085473066381
beryl,4,beryl_s004,ok,True,35.3,3600,ampr_only,s040,,0.9998500665988691,1.0000501062932903,91.14872644786854,0.2135594765877901,0,0.8,0.7,1.0,-6,20568439,ok,,0.9998500665988691,1.0000501062932903
beryl,5,beryl_s005,ok,True,32.9,3600,ampr_only,s041,,0.9998506531611456,,91.14421302162096,0.21287557561665071,0,0.8,0.7,1.0,0,20204761,ok,,0.9998506531611456,1.0
beryl,6,beryl_s006,ok,True,31.3,3600,ampr_only,s042,,0.9998453123552904,0.9595085473066381,87.45318428904237,0.20945607076095382,0,0.8,0.7,1.0,6,19833056,ok,,0.9998453123552904,0.9595085473066381
beryl,7,beryl_s007,ok,True,33.7,3600,ampr_only,s040,,0.9998500665988691,1.0000501062932903,91.14872644786854,0.21561117950120823,0,0.8,0.7,1.25,-6,20575277,ok,,0.9998500665988691,1.0000501062932903
beryl,8,beryl_s008,ok,True,122.5,3600,ampr_only,s041,,0.9998506531611456,,91.14421302162096,0.21469931153968905,0,0.8,0.7,1.25,0,20214214,ok,,0.9998506531611456,1.0
beryl,9,beryl_s009,ok,True,31.9,3600,ampr_only,s042,,0.9998453123552904,0.9595085473066381,87.45318428904237,0.21146218027629599,0,0.8,0.7,1.25,6,19847005,ok,,0.9998453123552904,0.9595085473066381
beryl,10,beryl_s010,ok,True,28.3,3600,ampr_only,s040,,1.0,1.0000501062932903,130.23199247966645,0.294031824191857,0,0.8,1.0,0.75,-6,21403945,ok,,1.0,1.0000501062932903
beryl,11,beryl_s011,ok,True,32.8,3600,ampr_only,s041,,1.0,,130.22546736420483,0.29266402224957827,0,0.8,1.0,0.75,0,21030022,ok,,1.0,1.0
beryl,12,beryl_s012,ok,True,39.2,3600,ampr_only,s042,,1.0,0.9595085473066381,124.9524490129562,0.2905667259380842,0,0.8,1.0,0.75,6,20631671,ok,,1.0,0.9595085473066381
beryl,13,beryl_s013,ok,True,33.5,3600,ampr_only,s040,,1.0,1.0000501062932903,130.23199247966645,0.2953996261341358,0,0.8,1.0,1.0,-6,21412729,ok,,1.0,1.0000501062932903
beryl,14,beryl_s014,ok,True,47.3,3600,ampr_only,s041,,1.0,,130.22546736420483,0.29430538458031275,0,0.8,1.0,1.0,0,21052311,ok,,1.0,1.0
beryl,15,beryl_s015,ok,True,37.9,3600,ampr_only,s042,,1.0,0.9595085473066381,124.9524490129562,0.2921624948707427,0,0.8,1.0,1.0,6,20640444,ok,,1.0,0.9595085473066381
beryl,16,beryl_s016,ok,True,38.1,3600,ampr_only,s040,,1.0,1.0000501062932903,130.23199247966645,0.29726895545525006,0,0.8,1.0,1.25,-6,21420286,ok,,1.0,1.0000501062932903
beryl,17,beryl_s017,ok,True,31.5,3600,ampr_only,s041,,1.0,,130.22546736420483,0.2959467469110473,0,0.8,1.0,1.25,0,21058942,ok,,1.0,1.0
beryl,18,beryl_s018,ok,True,32.4,3600,ampr_only,s042,,1.0,0.9595085473066381,124.9524490129562,0.2938494505995532,0,0.8,1.0,1.25,6,20643903,ok,,1.0,0.9595085473066381
beryl,19,beryl_s019,ok,True,33.6,3600,ampr_only,s040,,1.0000080394910698,1.0000501062932903,169.3029513221891,0.35106916518488124,0,0.8,1.3,0.75,-6,21865090,ok,,1.0000080394910698,1.0000501062932903
beryl,20,beryl_s020,ok,True,31.7,3600,ampr_only,s041,,1.0000077200074227,,169.2944145175134,0.3494733962522227,0,0.8,1.3,0.75,0,21468094,ok,,1.0000077200074227,1.0
beryl,21,beryl_s021,ok,True,32.7,3600,ampr_only,s042,,1.000009903192224,0.9595085473066381,162.43979237340093,0.3493366160579948,0,0.8,1.3,0.75,6,21044360,ok,,1.000009903192224,0.9595085473066381
beryl,22,beryl_s022,ok,True,34.2,3600,ampr_only,s040,,1.0000080394910698,1.0000501062932903,169.3029513221891,0.35257374732138785,0,0.8,1.3,1.0,-6,21873341,ok,,1.0000080394910698,1.0000501062932903
beryl,23,beryl_s023,ok,True,105.2,3600,ampr_only,s041,,1.0000077200074227,,169.2944145175134,0.35106916518488124,0,0.8,1.3,1.0,0,21479823,ok,,1.0000077200074227,1.0
beryl,24,beryl_s024,ok,True,29.6,3600,ampr_only,s042,,1.000009903192224,0.9595085473066381,162.43979237340093,0.35084119819450144,0,0.8,1.3,1.0,6,21059206,ok,,1.000009903192224,0.9595085473066381
beryl,25,beryl_s025,ok,True,31.4,3600,ampr_only,s040,,1.0000080394910698,1.0000501062932903,169.3029513221891,0.3539415492636666,0,0.8,1.3,1.25,-6,21881306,ok,,1.0000080394910698,1.0000501062932903
beryl,26,beryl_s026,ok,True,32.8,3600,ampr_only,s041,,1.0000077200074227,,169.2944145175134,0.352391373729084,0,0.8,1.3,1.25,0,21492026,ok,,1.0000077200074227,1.0
beryl,27,beryl_s027,ok,True,32.1,3600,ampr_only,s042,,1.000009903192224,0.9595085473066381,162.43979237340093,0.3525281539233119,0,0.8,1.3,1.25,6,21069098,ok,,1.000009903192224,0.9595085473066381
beryl,28,beryl_s028,ok,True,28.7,3600,ampr_only,s040,,0.9998500665988691,1.0000501062932903,91.14872644786854,0.2154288059089044,0,1.0,0.7,0.75,-6,20595731,ok,,0.9998500665988691,1.0000501062932903
beryl,29,beryl_s029,ok,True,29.3,3600,ampr_only,s041,,0.9998506531611456,,91.14421302162096,0.21410659736470158,0,1.0,0.7,0.75,0,20244990,ok,,0.9998506531611456,1.0
beryl,30,beryl_s030,ok,True,37.1,3600,ampr_only,s042,,0.9998453123552904,0.9595085473066381,87.45318428904237,0.2106870925090047,0,1.0,0.7,0.75,6,19867011,ok,,0.9998453123552904,0.9595085473066381
beryl,31,beryl_s031,ok,True,43.2,3600,ampr_only,s040,,0.9998500665988691,1.0000501062932903,91.14872644786854,0.21679660785118315,0,1.0,0.7,1.0,-6,20606335,ok,,0.9998500665988691,1.0000501062932903
beryl,32,beryl_s032,ok,True,39.3,3600,ampr_only,s041,,0.9998506531611456,,91.14421302162096,0.21561117950120823,0,1.0,0.7,1.0,0,20251703,ok,,0.9998506531611456,1.0
beryl,33,beryl_s033,ok,True,40.6,3600,ampr_only,s042,,0.9998453123552904,0.9595085473066381,87.45318428904237,0.21210048784935942,0,1.0,0.7,1.0,6,19881499,ok,,0.9998453123552904,0.9595085473066381
beryl,34,beryl_s034,ok,True,55.9,3600,ampr_only,s040,,0.9998500665988691,1.0000501062932903,91.14872644786854,0.2187115305703734,0,1.0,0.7,1.25,-6,20614897,ok,,0.9998500665988691,1.0000501062932903
beryl,35,beryl_s035,ok,True,38.2,3600,ampr_only,s041,,0.9998506531611456,,91.14421302162096,0.21757169561847445,0,1.0,0.7,1.25,0,20270747,ok,,0.9998506531611456,1.0
beryl,36,beryl_s036,ok,True,33.8,3600,ampr_only,s042,,0.9998453123552904,0.9595085473066381,87.45318428904237,0.21401541056854967,0,1.0,0.7,1.25,6,19886880,ok,,0.9998453123552904,0.9595085473066381
beryl,37,beryl_s037,ok,True,38.2,3600,ampr_only,s040,,1.0,1.0000501062932903,130.23199247966645,0.2966306478821867,0,1.0,1.0,0.75,-6,21442498,ok,,1.0,1.0000501062932903
beryl,38,beryl_s038,ok,True,37.3,3600,ampr_only,s041,,1.0,,130.22546736420483,0.29508047234760404,0,1.0,1.0,0.75,0,21070686,ok,,1.0,1.0
beryl,39,beryl_s039,ok,True,154.1,3600,ampr_only,s042,,1.0,0.9595085473066381,124.9524490129562,0.2928463958418821,0,1.0,1.0,0.75,6,20667326,ok,,1.0,0.9595085473066381
beryl,40,beryl_s040,ok,True,44.7,3600,ampr_only,s040,,1.0,1.0000501062932903,130.23199247966645,0.2983631970090731,0,1.0,1.0,1.0,-6,21450714,ok,,1.0,1.0000501062932903
beryl,41,beryl_s041,ok,True,141.8,3600,cumprcp,,0.9999183042057039,,,130.22546736420483,0.29676742807641454,0,1.0,1.0,1.0,0,46112949,ok,,1.0,1.0
beryl,42,beryl_s042,ok,True,49.1,3600,ampr_only,s042,,1.0,0.9595085473066381,124.9524490129562,0.29448775817261663,0,1.0,1.0,1.0,6,20673386,ok,,1.0,0.9595085473066381
beryl,43,beryl_s043,ok,True,57.5,3600,ampr_only,s040,,1.0,1.0000501062932903,130.23199247966645,0.29995896594173166,0,1.0,1.0,1.25,-6,21465005,ok,,1.0,1.0000501062932903
beryl,44,beryl_s044,ok,True,41.2,3600,ampr_only,s041,,1.0,,130.22546736420483,0.298454383805225,0,1.0,1.0,1.25,0,21086140,ok,,1.0,1.0
beryl,45,beryl_s045,ok,True,45.6,3600,ampr_only,s042,,1.0,0.9595085473066381,124.9524490129562,0.29631149409565494,0,1.0,1.0,1.25,6,20686802,ok,,1.0,0.9595085473066381
beryl,46,beryl_s046,ok,True,32.8,3600,ampr_only,s040,,1.0000080394910698,1.0000501062932903,169.3029513221891,0.35407832945789447,0,1.0,1.3,0.75,-6,21887773,ok,,1.0000080394910698,1.0000501062932903
beryl,47,beryl_s047,ok,True,34.6,3600,ampr_only,s041,,1.0000077200074227,,169.2944145175134,0.3519354397483244,0,1.0,1.3,0.75,0,21511872,ok,,1.0000077200074227,1.0
beryl,48,beryl_s048,ok,True,105.7,3600,ampr_only,s042,,1.000009903192224,0.9595085473066381,162.43979237340093,0.35152509916564084,0,1.0,1.3,0.75,6,21085497,ok,,1.000009903192224,0.9595085473066381
beryl,49,beryl_s049,ok,True,30.0,3600,ampr_only,s040,,1.0000080394910698,1.0000501062932903,169.3029513221891,0.35576528518670497,0,1.0,1.3,1.0,-6,21893293,ok,,1.0000080394910698,1.0000501062932903
beryl,50,beryl_s050,ok,True,30.6,3600,ampr_only,s041,,1.0000077200074227,,169.2944145175134,0.3536223954771349,0,1.0,1.3,1.0,0,21517701,ok,,1.0000077200074227,1.0
beryl,51,beryl_s051,ok,True,31.5,3600,ampr_only,s042,,1.000009903192224,0.9595085473066381,162.43979237340093,0.3534400218848311,0,1.0,1.3,1.0,6,21094540,ok,,1.000009903192224,0.9595085473066381
beryl,52,beryl_s052,ok,True,39.5,3600,ampr_only,s040,,1.0000080394910698,1.0000501062932903,169.3029513221891,0.35713308712898373,0,1.0,1.3,1.25,-6,21899952,ok,,1.0000080394910698,1.0000501062932903
beryl,53,beryl_s053,ok,True,34.2,3600,ampr_only,s041,,1.0000077200074227,,169.2944145175134,0.35489901062326173,0,1.0,1.3,1.25,0,21535287,ok,,1.0000077200074227,1.0
beryl,54,beryl_s054,ok,True,32.8,3600,ampr_only,s042,,1.000009903192224,0.9595085473066381,162.43979237340093,0.35503579081748965,0,1.0,1.3,1.25,6,21111637,ok,,1.000009903192224,0.9595085473066381
beryl,55,beryl_s055,ok,True,33.7,3600,ampr_only,s040,,0.9998500665988691,1.0000501062932903,91.14872644786854,0.2187115305703734,0,1.2,0.7,0.75,-6,20647677,ok,,0.9998500665988691,1.0000501062932903
beryl,56,beryl_s056,ok,True,30.5,3600,ampr_only,s041,,0.9998506531611456,,91.14421302162096,0.21743491542424656,0,1.2,0.7,0.75,0,20284281,ok,,0.9998506531611456,1.0
beryl,57,beryl_s057,ok,True,31.0,3600,ampr_only,s042,,0.9998453123552904,0.9595085473066381,87.45318428904237,0.21392422377239775,0,1.2,0.7,0.75,6,19917962,ok,,0.9998453123552904,0.9595085473066381
beryl,58,beryl_s058,ok,True,30.6,3600,ampr_only,s040,,0.9998500665988691,1.0000501062932903,91.14872644786854,0.220261706104956,0,1.2,0.7,1.0,-6,20649506,ok,,0.9998500665988691,1.0000501062932903
beryl,59,beryl_s059,ok,True,31.9,3600,ampr_only,s041,,0.9998506531611456,,91.14421302162096,0.21912187115305704,0,1.2,0.7,1.0,0,20300196,ok,,0.9998506531611456,1.0
beryl,60,beryl_s060,ok,True,29.8,3600,ampr_only,s042,,0.9998453123552904,0.9595085473066381,87.45318428904237,0.2154288059089044,0,1.2,0.7,1.0,6,19923907,ok,,0.9998453123552904,0.9595085473066381
beryl,61,beryl_s061,ok,True,30.6,3600,ampr_only,s040,,0.9998500665988691,1.0000501062932903,91.14872644786854,0.22208544202799435,0,1.2,0.7,1.25,-6,20663882,ok,,0.9998500665988691,1.0000501062932903
beryl,62,beryl_s062,ok,True,31.4,3600,ampr_only,s041,,0.9998506531611456,,91.14421302162096,0.22099120047417134,0,1.2,0.7,1.25,0,20309803,ok,,0.9998506531611456,1.0
beryl,63,beryl_s063,ok,True,30.5,3600,ampr_only,s042,,0.9998453123552904,0.9595085473066381,87.45318428904237,0.21743491542424656,0,1.2,0.7,1.25,6,19938772,ok,,0.9998453123552904,0.9595085473066381
beryl,64,beryl_s064,ok,True,31.7,3600,ampr_only,s040,,1.0,1.0000501062932903,130.23199247966645,0.30077964710709887,0,1.2,1.0,0.75,-6,21486254,ok,,1.0,1.0000501062932903
beryl,65,beryl_s065,ok,True,32.0,3600,ampr_only,s041,,1.0,,130.22546736420483,0.2985911639994529,0,1.2,1.0,0.75,0,21101859,ok,,1.0,1.0
beryl,66,beryl_s066,ok,True,32.6,3600,ampr_only,s042,,1.0,0.9595085473066381,124.9524490129562,0.2961747139014271,0,1.2,1.0,0.75,6,20707301,ok,,1.0,0.9595085473066381
beryl,67,beryl_s067,ok,True,31.6,3600,ampr_only,s040,,1.0,1.0000501062932903,130.23199247966645,0.3024210094378334,0,1.2,1.0,1.0,-6,21494277,ok,,1.0,1.0000501062932903
beryl,68,beryl_s068,ok,True,102.7,3600,ampr_only,s041,,1.0,,130.22546736420483,0.30005015273788355,0,1.2,1.0,1.0,0,21113470,ok,,1.0,1.0
beryl,69,beryl_s069,ok,True,29.9,3600,ampr_only,s042,,1.0,0.9595085473066381,124.9524490129562,0.2978616696302375,0,1.2,1.0,1.0,6,20710106,ok,,1.0,0.9595085473066381
beryl,70,beryl_s070,ok,True,31.2,3600,ampr_only,s040,,1.0,1.0000501062932903,130.23199247966645,0.3041991519627958,0,1.2,1.0,1.25,-6,21508503,ok,,1.0,1.0000501062932903
beryl,71,beryl_s071,ok,True,33.6,3600,ampr_only,s041,,1.0,,130.22546736420483,0.30182829526284594,0,1.2,1.0,1.25,0,21116144,ok,,1.0,1.0
beryl,72,beryl_s072,ok,True,33.2,3600,ampr_only,s042,,1.0,0.9595085473066381,124.9524490129562,0.2996398121551999,0,1.2,1.0,1.25,6,20720894,ok,,1.0,0.9595085473066381
beryl,73,beryl_s073,ok,True,33.7,3600,ampr_only,s040,,1.0000080394910698,1.0000501062932903,169.3029513221891,0.3572698673232116,0,1.2,1.3,0.75,-6,21927778,ok,,1.0000080394910698,1.0000501062932903
beryl,74,beryl_s074,ok,True,33.5,3600,ampr_only,s041,,1.0000077200074227,,169.2944145175134,0.3549446040213377,0,1.2,1.3,0.75,0,21546152,ok,,1.0000077200074227,1.0
beryl,75,beryl_s075,ok,True,33.0,3600,ampr_only,s042,,1.000009903192224,0.9595085473066381,162.43979237340093,0.35480782382710985,0,1.2,1.3,0.75,6,21132219,ok,,1.000009903192224,0.9595085473066381
beryl,76,beryl_s076,ok,True,32.9,3600,ampr_only,s040,,1.0000080394910698,1.0000501062932903,169.3029513221891,0.3589112296539461,0,1.2,1.3,1.0,-6,21927921,ok,,1.0000080394910698,1.0000501062932903
beryl,77,beryl_s077,ok,True,35.6,3600,ampr_only,s041,,1.0000077200074227,,169.2944145175134,0.35654037295399627,0,1.2,1.3,1.0,0,21556471,ok,,1.0000077200074227,1.0
beryl,78,beryl_s078,ok,True,34.0,3600,ampr_only,s042,,1.000009903192224,0.9595085473066381,162.43979237340093,0.35631240596361646,0,1.2,1.3,1.0,6,21138239,ok,,1.000009903192224,0.9595085473066381
beryl,79,beryl_s079,ok,True,34.5,3600,ampr_only,s040,,1.0000080394910698,1.0000501062932903,169.3029513221891,0.3602790315962249,0,1.2,1.3,1.25,-6,21945849,ok,,1.0000080394910698,1.0000501062932903
beryl,80,beryl_s080,ok,True,36.9,3600,ampr_only,s041,,1.0000077200074227,,169.2944145175134,0.3579993616924269,0,1.2,1.3,1.25,0,21562342,ok,,1.0000077200074227,1.0
beryl,81,beryl_s081,ok,True,33.1,3600,ampr_only,s042,,1.000009903192224,0.9595085473066381,162.43979237340093,0.35809054848857885,0,1.2,1.3,1.25,6,21146994,ok,,1.000009903192224,0.9595085473066381
