event,scenario,map_n_time,map_t0_h,map_t_last_h,map_dt_all_3600,n_active,n_msk2,zb_nan_active,zs_nan_active_total,zs_nan_active_max_per_snapshot,zs_finite_inactive,has_cumprcp,has_zsmax,cumprcp_all_nan,his_n_time,his_t_last_h,his_dt_s,his_n_station,his_zs_nan,bzs_n,bzs_dt_s,bzs_t_last_h,bzs_nan,bzs_ncol,dis_n,dis_dt_s,dis_t_last_h,dis_nan,dis_ncol,ampr_n,ampr_dt_s,ampr_t_last_h,ampr_nan,ampr_neg,ampr_shape,rain_interp_hours,active_outside_ampr
irma,irma_s003,241,0.0,240.0,True,24467,95,0,4406343,21926,0,True,False,True,1441,240.0,600.0,9,2882,2401,360.0,240.0,0,12,868,900.0,240.0,0,4,241,1.0,0.06666666666666667,0,0,42×53,0,0
irma,irma_s041,241,0.0,240.0,True,24467,95,0,4284452,21938,0,True,True,False,1441,240.0,600.0,9,2882,2401,360.0,240.0,0,12,868,900.0,240.0,0,4,241,1.0,0.06666666666666667,0,0,42×53,0,0
irma,irma_s081,241,0.0,240.0,True,24467,95,0,4215756,21901,0,True,False,True,1441,240.0,600.0,9,2882,2401,360.0,240.0,0,12,868,900.0,240.0,0,4,241,1.0,0.06666666666666667,0,0,42×53,0,0
matthew,matthew_s003,241,0.0,240.0,True,24467,95,0,4607335,21980,0,True,False,True,1441,240.0,600.0,9,2882,2401,360.0,240.0,0,12,961,900.0,240.0,0,4,241,1.0,0.06666666666666667,0,0,42×53,0,0
matthew,matthew_s041,241,0.0,240.0,True,24467,95,0,4448441,22006,0,True,True,False,1441,240.0,600.0,9,2882,2401,360.0,240.0,0,12,961,900.0,240.0,0,4,241,1.0,0.06666666666666667,0,0,42×53,0,0
matthew,matthew_s081,241,0.0,240.0,True,24467,95,0,4366718,22022,0,True,False,True,1441,240.0,600.0,9,2882,2401,360.0,240.0,0,12,961,900.0,240.0,0,4,241,1.0,0.06666666666666667,0,0,42×53,0,0
ian,ian_s003,241,0.0,240.0,True,24467,95,0,5057190,21769,0,True,False,True,1441,240.0,600.0,9,2882,2401,360.0,240.0,0,12,961,900.0,240.0,0,4,241,1.0,0.06666666666666667,0,0,42×53,3,0
ian,ian_s041,241,0.0,240.0,True,24467,95,0,5000430,21728,0,True,True,False,1441,240.0,600.0,9,2882,2401,360.0,240.0,0,12,961,900.0,240.0,0,4,241,1.0,0.06666666666666667,0,0,42×53,3,0
ian,ian_s081,241,0.0,240.0,True,24467,95,0,4933807,21683,0,True,False,True,1441,240.0,600.0,9,2882,2401,360.0,240.0,0,12,961,900.0,240.0,0,4,241,1.0,0.06666666666666667,0,0,42×53,3,0
milton,milton_s003,241,0.0,240.0,True,24467,95,0,4881460,21754,0,True,False,True,1441,240.0,600.0,9,2882,2401,360.0,240.0,0,12,961,900.0,240.0,0,4,241,1.0,0.06666666666666667,0,0,42×53,0,0
milton,milton_s041,241,0.0,240.0,True,24467,95,0,4644853,21696,0,True,True,False,1441,240.0,600.0,9,2882,2401,360.0,240.0,0,12,961,900.0,240.0,0,4,241,1.0,0.06666666666666667,0,0,42×53,0,0
milton,milton_s081,241,0.0,240.0,True,24467,95,0,4493399,21633,0,True,False,True,1441,240.0,600.0,9,2882,2401,360.0,240.0,0,12,961,900.0,240.0,0,4,241,1.0,0.06666666666666667,0,0,42×53,0,0
dorian,dorian_s003,241,0.0,240.0,True,24467,95,0,5032292,21766,0,True,False,True,1441,240.0,600.0,9,2882,2401,360.0,240.0,0,12,961,900.0,240.0,0,4,241,1.0,0.06666666666666667,0,0,42×53,0,0
dorian,dorian_s041,241,0.0,240.0,True,24467,95,0,4923083,21687,0,True,True,False,1441,240.0,600.0,9,2882,2401,360.0,240.0,0,12,961,900.0,240.0,0,4,241,1.0,0.06666666666666667,0,0,42×53,0,0
dorian,dorian_s081,241,0.0,240.0,True,24467,95,0,4760259,21638,0,True,False,True,1441,240.0,600.0,9,2882,2401,360.0,240.0,0,12,961,900.0,240.0,0,4,241,1.0,0.06666666666666667,0,0,42×53,0,0
beryl,beryl_s003,241,0.0,240.0,True,24467,95,0,4906483,22116,0,True,False,True,1441,240.0,600.0,9,2882,2401,360.0,240.0,0,12,961,900.0,240.0,0,4,241,1.0,0.06666666666666667,0,0,42×53,0,0
beryl,beryl_s041,241,0.0,240.0,True,24467,95,0,4743224,22074,0,True,True,False,1441,240.0,600.0,9,2882,2401,360.0,240.0,0,12,961,900.0,240.0,0,4,241,1.0,0.06666666666666667,0,0,42×53,0,0
beryl,beryl_s081,241,0.0,240.0,True,24467,95,0,4687282,22051,0,True,False,True,1441,240.0,600.0,9,2882,2401,360.0,240.0,0,12,961,900.0,240.0,0,4,241,1.0,0.06666666666666667,0,0,42×53,0,0
