new_path,new_sha256,new_bytes,old_source,old_sha256,processing,note
data/irma/raw/noaa_8720218_water_level_raw.json,d88d04aa78b37fd590a524abb20636bc25c0ba3fbafb82d201cfec56f6483a95,324777,outputs/boundary_research/noaa/8720218_water_level_raw.json,d88d04aa78b37fd590a524abb20636bc25c0ba3fbafb82d201cfec56f6483a95,direct copy,NOAA CO-OPS API raw response
data/irma/raw/noaa_8720218_metadata.json,e55371f4e9fb46111466b551a079ceda84517fcd9e7c497d9ee51d682b5c0e4f,5702,outputs/boundary_research/noaa/8720218_metadata.json,e55371f4e9fb46111466b551a079ceda84517fcd9e7c497d9ee51d682b5c0e4f,direct copy,NOAA CO-OPS mdapi station metadata (incl. datum table)
data/irma/raw/usgs_02246500_00060_raw.csv,60690ecc944bec4767eaf90917b2c39571b05fdef8031d6d88e80778589ed5d1,131045,outputs/boundary_research/usgs/02246500_00060.csv,60690ecc944bec4767eaf90917b2c39571b05fdef8031d6d88e80778589ed5d1,direct copy,"USGS NWIS IV raw signed total discharge, not de-tided"
data/irma/processed/mayport_8720218_waterlevel_6min_utc_navd88_m.csv,255b657f5bcb0edf3f639c473c8577a6a724d92a7e410fab88d6fb73fcbab796,324465,outputs/boundary_research/noaa/8720218_water_level_raw.json,d88d04aa78b37fd590a524abb20636bc25c0ba3fbafb82d201cfec56f6483a95,re-parse raw JSON,keep 4-digit flag and quality per record; cropped to the 10-day window
data/irma/processed/mayport_8720218_waterlevel_hourly_utc_navd88_m.csv,496e5a7d6b126676b5faa68efa1fffef99aa7a24c21baeaf743b8d9b02415f3e,27689,same as above,,hourly aggregation,"240 records, label = interval end time, not filled"
data/irma/processed/acosta_02246500_discharge_15min_utc_m3s.csv,bf9c30923e46260f5d67c6e3aca5fde0cc0e38ad3601786e646b4b5614c3d76d,141673,outputs/boundary_research/usgs/02246500_00060.csv,60690ecc944bec4767eaf90917b2c39571b05fdef8031d6d88e80778589ed5d1,re-parse + independent unit recomputation,keep sign and qualifier
data/irma/processed/acosta_02246500_discharge_hourly_utc_m3s.csv,4799e3dcda830e17d3e53c9e5df56e4c33ea8b9bba68083584a62008fbc0476c,50281,same as above,,hourly aggregation,"240 records, 93 hours with insufficient coverage flagged"
data/irma/processed/mrms_gaugecorr_qpe01h_jax_0p01deg.nc,dab839e110ecf32d4ece030e3b385ca515702545cab94a001469d2cb26b75511,4948140,data/mrms_raw_old/GaugeCorr_QPE_01H_00.00_*.grib2 (240 files),,decoded directly with own GRIB2 decoder,"keep MRMS native 0.01 deg grid, not reprojected"
data/static/terrain/dem_usgs_60m_26917.tif,489579d476f76de7621efb2fc5470c54ada5c2b6f5791cedd57129b7be270778,1706617,data/dem_crm_hu8/merged_jacksonville_dem_1arc.tif,66156c6314f09696a808f51d02b8a441a57cb0af13606a94deda79efd910e531,crop + bilinear resampling,"USGS 3DEP 1 arc-second (~30 m), EPSG:4269->26917"
data/static/terrain/crm_60m_26917.tif,7d8f0a1a80c32066deaff3eb1c81eed0c3f5396fc7c1ebb91c7f3173479769cf,2008085,data/dem_crm_hu8/crm_3_arc.tiff,a612410249a2420f0475b04203f5508b1cf986edbd4b5419a56278f556d11099,crop + bilinear resampling,"NOAA CRM 3 arc-second; vertical datum not confirmed, not converted"
data/static/terrain/topobathy_merged_60m_26917.tif,0e0170731833845adf4aa27122ec4436c5a699068aaada26e8d5e8b697dc7a6f,1923654,the two above,,per-cell smaller valid value,no vertical datum conversion -- see pending item D1
data/static/gis/bnd_downstream_waterlevel.geojson,ff08dbd4aebe0579467d6d24a9b7b9ead89622bef2a3b07801488aaa1bae58a1,11677,data/WBD_03_HU2_Shape/Shape/WBDHU10.shp + the stations above + merged terrain,,new,HUC10 / rectangle / gauges / candidate boundaries / locations to check
