fold,method,N,zero_rmse,rmse,improvement_pct,degrade,wet_km2,rain_mm,product
irma,B,5,0.02417569790571335,0.022136277129712556,8.43582999735791,1.13,479.8,322.1,MRMS
irma,B,10,0.02417569790571335,0.02367260416808246,2.0809895110080596,1.13,479.8,322.1,MRMS
irma,Bp,5,0.02417569790571335,0.024550047095210387,-1.548452462290932,1.13,479.8,322.1,MRMS
irma,Bp,10,0.02417569790571335,0.02271124014012017,6.057561487178791,1.13,479.8,322.1,MRMS
irma,C,5,0.02417569790571335,0.0973279230296638,-302.58578432460746,1.13,479.8,322.1,MRMS
irma,C,10,0.02417569790571335,0.06351800565599502,-162.7349411120167,1.13,479.8,322.1,MRMS
matthew,B,5,0.02177439146916297,0.020134668773587522,7.530509855568792,1.18,448.2,259.6,MRMS
matthew,B,10,0.02177439146916297,0.01961808800160885,9.902933317828372,1.18,448.2,259.6,MRMS
matthew,Bp,5,0.02177439146916297,0.019991549991884735,8.187790137800665,1.18,448.2,259.6,MRMS
matthew,Bp,10,0.02177439146916297,0.0193486821026383,11.14019360752274,1.18,448.2,259.6,MRMS
matthew,C,5,0.02177439146916297,0.09089241693751643,-317.42804645649386,1.18,448.2,259.6,MRMS
matthew,C,10,0.02177439146916297,0.05717325728707528,-162.57109121990575,1.18,448.2,259.6,MRMS
ian,B,5,0.020946400549625217,0.019288832537860064,7.913378758503742,1.13,94.2,39.3,MRMS
ian,B,10,0.020946400549625217,0.019674512357543264,6.072108613929426,1.13,94.2,39.3,MRMS
ian,Bp,5,0.020946400549625217,0.019173626196759462,8.463384191788858,1.13,94.2,39.3,MRMS
ian,Bp,10,0.020946400549625217,0.0197116481335175,5.8948190796905635,1.13,94.2,39.3,MRMS
ian,C,5,0.020946400549625217,0.0692374045508569,-230.54559606469348,1.13,94.2,39.3,MRMS
ian,C,10,0.020946400549625217,0.05170206416664758,-146.8303040618244,1.13,94.2,39.3,MRMS
milton,B,5,0.017817448116812906,0.016671832806781552,6.429738436843422,1.14,166.4,84.0,MRMS
milton,B,10,0.017817448116812906,0.016309652729571442,8.462465429146825,1.14,166.4,84.0,MRMS
milton,Bp,5,0.017817448116812906,0.01664023643696044,6.607072304263516,1.14,166.4,84.0,MRMS
milton,Bp,10,0.017817448116812906,0.01639817598445275,7.965630785369891,1.14,166.4,84.0,MRMS
milton,C,5,0.017817448116812906,0.0634752587234793,-256.253366404265,1.14,166.4,84.0,MRMS
milton,C,10,0.017817448116812906,0.07670977845936613,-330.53179084035736,1.14,166.4,84.0,MRMS
dorian,B,5,0.017406811497862728,0.01513626104552518,13.04403424266606,1.17,107.9,58.8,MRMS
dorian,B,10,0.017406811497862728,0.014994162010164817,13.860375795958639,1.17,107.9,58.8,MRMS
dorian,Bp,5,0.017406811497862728,0.015659908654934475,10.035742865043055,1.17,107.9,58.8,MRMS
dorian,Bp,10,0.017406811497862728,0.015207510343775108,12.6347157511165,1.17,107.9,58.8,MRMS
dorian,C,5,0.017406811497862728,0.05208160532940891,-199.20244345613602,1.17,107.9,58.8,MRMS
dorian,C,10,0.017406811497862728,0.04870725000421567,-179.81718541730706,1.17,107.9,58.8,MRMS
beryl,B,5,0.020461959607141585,0.01724926595367841,15.700811237755978,1.13,246.8,120.8,StageIV
beryl,B,10,0.020461959607141585,0.01733191817722469,15.296880113205063,1.13,246.8,120.8,StageIV
beryl,Bp,5,0.020461959607141585,0.01753812779600986,14.289109485443698,1.13,246.8,120.8,StageIV
beryl,Bp,10,0.020461959607141585,0.017670839167690456,13.640533424164218,1.13,246.8,120.8,StageIV
beryl,C,5,0.020461959607141585,0.05133165448803151,-150.86382474392067,1.13,246.8,120.8,StageIV
beryl,C,10,0.020461959607141585,0.05281875932026623,-158.1314807298884,1.13,246.8,120.8,StageIV
