method,N,mode,mask,rmse_mean6
zero,0,single,active,0.02043045152438646
B,1,single,active,0.019011890223088815
B,2,single,active,0.018734420876177226
B,3,single,active,0.0189819447875374
B,5,single,active,0.01843618970785755
B,10,single,active,0.018600156240699255
Bp,1,single,active,0.019282581900037243
Bp,2,single,active,0.018951499441571592
Bp,3,single,active,0.01924704237636538
Bp,5,single,active,0.018925582695293226
Bp,10,single,active,0.018508015978699045
C,1,single,active,0.1091572905471641
C,2,single,active,0.08312684946836375
C,3,single,active,0.07153501748730744
C,5,single,active,0.07072437717649281
C,10,single,active,0.058438185815594325
zero,0,single,land,0.011254948802143427
B,1,single,land,0.010600586059920071
B,2,single,land,0.010457239846249583
B,3,single,land,0.010396804274020894
B,5,single,land,0.010298742420538605
B,10,single,land,0.010179404333099412
Bp,1,single,land,0.01067246636083973
Bp,2,single,land,0.010548776683006439
Bp,3,single,land,0.010488765291442317
Bp,5,single,land,0.010437007996920893
Bp,10,single,land,0.010355601302564212
C,1,single,land,0.0721631931267472
C,2,single,land,0.05383081134898308
C,3,single,land,0.047349670983086754
C,5,single,land,0.04182359242380548
C,10,single,land,0.03171911837506092
zero,0,rollout,active,0.29308520266082055
B,1,rollout,active,0.2528247226548521
B,2,rollout,active,0.2576741023092672
B,3,rollout,active,0.2583410267572575
B,5,rollout,active,0.2505204950815232
B,10,rollout,active,0.25554966071942836
Bp,1,rollout,active,0.24919592452993258
Bp,2,rollout,active,0.24236506211506623
Bp,3,rollout,active,0.2568456035551974
Bp,5,rollout,active,0.25532298682206533
Bp,10,rollout,active,0.23905065071582965
C,1,rollout,active,0.8213265882809703
C,2,rollout,active,0.6783812178908496
C,3,rollout,active,3.1469178115529446
C,5,rollout,active,0.7615794942696379
C,10,rollout,active,0.887391808474153
zero,0,rollout,land,0.21912273371777938
B,1,rollout,land,0.18118220940229893
B,2,rollout,land,0.17778361721225291
B,3,rollout,land,0.166053742491198
B,5,rollout,land,0.1724740071238686
B,10,rollout,land,0.1742656586944902
Bp,1,rollout,land,0.17320311935467966
Bp,2,rollout,land,0.16604701222720006
Bp,3,rollout,land,0.1610756079301456
Bp,5,rollout,land,0.1709768547512979
Bp,10,rollout,land,0.15990054270077816
C,1,rollout,land,0.34334870487446295
C,2,rollout,land,0.3266763405620348
C,3,rollout,land,1.779194156810946
C,5,rollout,land,0.3897636436680727
C,10,rollout,land,0.3962529233251546
