fold,method,N,mode,mask,rmse_mean,rmse_min,rmse_max,mae_mean,csi01_mean,csi03_mean,exp1_rmse,persistence_rmse
irma,zero,0,single,active,0.02417569790571335,0.02417569790571335,0.02417569790571335,0.007854325402662291,0.9687955765415254,0.9835113695481239,0.02139649982963489,0.09629592578241476
irma,B,1,single,active,0.024217094530762217,0.023492618880030163,0.024720324520853206,0.008283781065359786,0.9704711861177847,0.9837714250111157,0.02139649982963489,0.09629592578241476
irma,B,2,single,active,0.024145843076900205,0.02360462313043439,0.02443172591554376,0.00828646929900625,0.9708275088604479,0.9840876999476945,0.02139649982963489,0.09629592578241476
irma,B,3,single,active,0.023362422029735225,0.022662286338965887,0.023728231907365106,0.00793321160063355,0.9711650869412365,0.9842801374943336,0.02139649982963489,0.09629592578241476
irma,B,5,single,active,0.022136277129712556,0.021763026896043012,0.022708682586134534,0.007384642642196497,0.9712842240744126,0.9845149194792907,0.02139649982963489,0.09629592578241476
irma,B,10,single,active,0.02367260416808246,0.021941372369897797,0.026265652995453224,0.007894182908574434,0.9720878986798888,0.985057953565414,0.02139649982963489,0.09629592578241476
irma,Bp,1,single,active,0.02422918612718911,0.023782926491476637,0.024539939938283496,0.008216984647043834,0.9708030628535923,0.9838419845671642,0.02139649982963489,0.09629592578241476
irma,Bp,2,single,active,0.02424830204503964,0.0234271712765005,0.024721057512498795,0.008258554763607175,0.9711778871595094,0.9841642774334892,0.02139649982963489,0.09629592578241476
irma,Bp,3,single,active,0.024214525845216762,0.02382828906120492,0.024585362808414266,0.008234756809960503,0.9711780425732656,0.9841521441217408,0.02139649982963489,0.09629592578241476
irma,Bp,5,single,active,0.024550047095210387,0.0232812446988043,0.02632753213846338,0.008365074907030342,0.9707921857384579,0.9841346489930864,0.02139649982963489,0.09629592578241476
irma,Bp,10,single,active,0.02271124014012017,0.02212915102887118,0.023731582612180193,0.00752156653909387,0.9717552820390053,0.9844285720237506,0.02139649982963489,0.09629592578241476
irma,C,1,single,active,0.16176685059385001,0.15059247152005698,0.17184564229659466,0.06678984014208716,0.7447275057831643,0.8357937228982099,0.02139649982963489,0.09629592578241476
irma,C,2,single,active,0.10361737938979036,0.0879785454696501,0.12825567286849346,0.04459325163752281,0.8081466760974679,0.8864274290609776,0.02139649982963489,0.09629592578241476
irma,C,3,single,active,0.08519616300949773,0.07133007020655015,0.10061080039955016,0.03538288076845603,0.8395249991438648,0.9089039312493964,0.02139649982963489,0.09629592578241476
irma,C,5,single,active,0.0973279230296638,0.07804595151051245,0.12194256286031242,0.04320737610515829,0.838127631491213,0.9024568062730648,0.02139649982963489,0.09629592578241476
irma,C,10,single,active,0.06351800565599502,0.05579774594218653,0.06976420902436534,0.027770624820453216,0.8803842117797163,0.932284126591613,0.02139649982963489,0.09629592578241476
irma,zero,0,single,land,0.015462606739155357,0.015462606739155357,0.015462606739155357,0.005120573621486324,0.9516494367556946,0.9702969006091383,0.014113531685535063,0.04039228785011369
irma,B,1,single,land,0.01496041571766612,0.014603907556528238,0.015158680729392774,0.0050718140919104185,0.9542297310527506,0.9706710525137318,0.014113531685535063,0.04039228785011369
irma,B,2,single,land,0.014687734293605538,0.014502239362736726,0.014857781432111387,0.004967375195164993,0.9547534916822308,0.9712280932774976,0.014113531685535063,0.04039228785011369
irma,B,3,single,land,0.014522849596195715,0.014299905345028462,0.014796456960703174,0.004891299916331269,0.955277384302783,0.9715929286142435,0.014113531685535063,0.04039228785011369
irma,B,5,single,land,0.014336649652321391,0.014290205295122958,0.014404622504497972,0.004822520024023279,0.9554482538280703,0.9720415375873768,0.014113531685535063,0.04039228785011369
irma,B,10,single,land,0.014029707881461346,0.013882106177607175,0.014247454917625304,0.004716439335115628,0.9567082623170106,0.9731130637481312,0.014113531685535063,0.04039228785011369
irma,Bp,1,single,land,0.015085916699047222,0.014820883874262641,0.015289134258305187,0.005069965129821527,0.9548033391004381,0.9708700679962737,0.014113531685535063,0.04039228785011369
irma,Bp,2,single,land,0.014788786904039682,0.014747279031139104,0.014857256008888493,0.004966619925880239,0.9553258426391938,0.9713928598912883,0.014113531685535063,0.04039228785011369
irma,Bp,3,single,land,0.01472638509215165,0.014658853676651913,0.01480749194157409,0.004941878236107631,0.9553298872968102,0.9713762300500605,0.014113531685535063,0.04039228785011369
irma,Bp,5,single,land,0.014695760952023332,0.014539901245306163,0.014880324541553205,0.004955601316358763,0.9547061480120388,0.9713370256790798,0.014113531685535063,0.04039228785011369
irma,Bp,10,single,land,0.014446809066650504,0.014424343071258974,0.014478782102721303,0.0048571726516173945,0.9562209816962053,0.9719262349535608,0.014113531685535063,0.04039228785011369
irma,C,1,single,land,0.10243754346708643,0.10014811591966624,0.10426643305362197,0.04201570118079459,0.6249469506287283,0.7098200912799376,0.014113531685535063,0.04039228785011369
irma,C,2,single,land,0.07334457209616205,0.06626714017391334,0.0871045229924047,0.030342432673684482,0.7115959811751956,0.7984579974483026,0.014113531685535063,0.04039228785011369
irma,C,3,single,land,0.060959075829737176,0.05214811249264361,0.07020698683462026,0.024744913656663592,0.755971437351913,0.8380019397577533,0.014113531685535063,0.04039228785011369
irma,C,5,single,land,0.0656862478680092,0.05386677865277315,0.07912475580881619,0.02821461795143075,0.7589227181297185,0.8305344217485601,0.014113531685535063,0.04039228785011369
irma,C,10,single,land,0.045543547545336384,0.03802874813779734,0.05010503980486797,0.019520337115729737,0.8176091258870501,0.8794317647570526,0.014113531685535063,0.04039228785011369
irma,zero,0,rollout,active,0.43949839923910244,0.43949839923910244,0.43949839923910244,0.13494195673272139,0.6902463339542723,0.7084261771137694,0.36972794323838987,
irma,B,1,rollout,active,0.33381767727646516,0.3165872814806419,0.35542046185570453,0.11910987706883923,0.6813277809848918,0.7087165898357025,0.36972794323838987,
irma,B,2,rollout,active,0.3411477653894981,0.31751782753039837,0.358208292590634,0.12003124088887512,0.6922774664877079,0.7260881391172553,0.36972794323838987,
irma,B,3,rollout,active,0.3139301065220062,0.2889305555220821,0.3289554941624062,0.11246106447507292,0.6968730538021366,0.733865037164198,0.36972794323838987,
irma,B,5,rollout,active,0.2793066881716529,0.2619225319442724,0.3045088647022418,0.10162295821177114,0.702159544497465,0.735449251071302,0.36972794323838987,
irma,B,10,rollout,active,0.3157051885242997,0.2508834569876505,0.3817328481898754,0.11262671931312547,0.6966345471593284,0.7310009107819853,0.36972794323838987,
irma,Bp,1,rollout,active,0.32596005343432494,0.31812048641138346,0.335363867955329,0.11842234886209028,0.6800149046679801,0.7048491029583497,0.36972794323838987,
irma,Bp,2,rollout,active,0.3322431113078479,0.29596926019694086,0.35537725507221274,0.11931339880853513,0.6858304317900833,0.7182871915101786,0.36972794323838987,
irma,Bp,3,rollout,active,0.3259779832748819,0.30658116856917556,0.34502677760745953,0.11776496874624572,0.6846799982479078,0.7203340519128215,0.36972794323838987,
irma,Bp,5,rollout,active,0.3257708227921123,0.3046721030476793,0.3559385518470644,0.11750898831352148,0.6825045874588374,0.717799565539857,0.36972794323838987,
irma,Bp,10,rollout,active,0.2771252348975523,0.26283102727205737,0.294217878592114,0.10287817179169971,0.7044183663035645,0.7331486332856053,0.36972794323838987,
irma,C,1,rollout,active,1.1262884200378984,0.9511275354541728,1.2376294641312058,0.3572104583215559,0.4504209601787772,0.4368149318896684,0.36972794323838987,
irma,C,2,rollout,active,0.8321715066793015,0.7267077533723143,0.9230456154645583,0.30280704766623606,0.5350518164381751,0.5444839998882295,0.36972794323838987,
irma,C,3,rollout,active,0.8312743919642304,0.7586553407302251,0.9162116640733394,0.30285576565189526,0.538864206760168,0.5553875059845538,0.36972794323838987,
irma,C,5,rollout,active,0.9410007896634841,0.6128365183646028,1.1907321682371241,0.381149102311988,0.5604154726246869,0.5580913147758538,0.36972794323838987,
irma,C,10,rollout,active,0.7035789055278898,0.4495549032973422,0.9100463783426872,0.2530589028002383,0.5648380131623898,0.6031020696690302,0.36972794323838987,
irma,zero,0,rollout,land,0.40434656511029815,0.40434656511029815,0.40434656511029815,0.10378950716065671,0.5413191910395829,0.5085112128900049,0.3364033004420896,
irma,B,1,rollout,land,0.2405753305320021,0.23014472012436923,0.25764384717794664,0.07673093414875846,0.5307502087686196,0.4926421761067122,0.3364033004420896,
irma,B,2,rollout,land,0.23054587864332352,0.21840207831215155,0.24283898911267265,0.07418440988842283,0.5471632434141817,0.5269751828010902,0.3364033004420896,
irma,B,3,rollout,land,0.21585134243181903,0.20736296129996715,0.23094942021998413,0.0711583538543865,0.5543026089665192,0.5420177372314902,0.3364033004420896,
irma,B,5,rollout,land,0.20700198568839803,0.185556458735675,0.24626874929841772,0.06918003703950881,0.5616845317098506,0.5473387382537979,0.3364033004420896,
irma,B,10,rollout,land,0.21722700245091842,0.19263630132739923,0.24605784501748829,0.07089005398168056,0.5505459843449693,0.5355027098004262,0.3364033004420896,
irma,Bp,1,rollout,land,0.24227877620492402,0.23392458968808638,0.2474715666076905,0.07847006425118547,0.532864691877192,0.4927425197596926,0.3364033004420896,
irma,Bp,2,rollout,land,0.22825222247480714,0.20758571386600416,0.2517195895170254,0.07502136540021526,0.538500596185835,0.5135040896527566,0.3364033004420896,
irma,Bp,3,rollout,land,0.2235634374612998,0.2034562971520972,0.23466570339628676,0.0742752171585458,0.5368358025698208,0.5174760956382664,0.3364033004420896,
irma,Bp,5,rollout,land,0.2221726004399804,0.21772553215079263,0.22718386710593869,0.07378117931779894,0.5305534407522524,0.510068383333231,0.3364033004420896,
irma,Bp,10,rollout,land,0.21119127150426142,0.20467025358388427,0.21764853432448703,0.07082575310782828,0.5652717322650225,0.5444027750255572,0.3364033004420896,
irma,C,1,rollout,land,0.3803785242844054,0.35638387822189826,0.4195160957716382,0.13902045139798516,0.2874156559136339,0.22482730891563515,0.3364033004420896,
irma,C,2,rollout,land,0.44477691945953096,0.3475172931884208,0.5214843056565381,0.1606448797635632,0.35684367279821627,0.3017515869173418,0.3364033004420896,
irma,C,3,rollout,land,0.6102320577562796,0.3686338093727092,0.7457654767616786,0.20099917571716083,0.3656861267447062,0.3253435949251322,0.3364033004420896,
irma,C,5,rollout,land,0.6498775276194834,0.31520065447188883,0.8974736168719336,0.24787318741218164,0.41517902058578526,0.36785130246627634,0.3364033004420896,
irma,C,10,rollout,land,0.4031058486473316,0.25098393311255596,0.5057067322406303,0.14365536270951174,0.4062788768743169,0.3970130177555042,0.3364033004420896,
matthew,zero,0,single,active,0.02177439146916297,0.02177439146916297,0.02177439146916297,0.00707209954525189,0.967476980992797,0.9839153372427853,0.01848043217625311,0.09259409900731148
matthew,B,1,single,active,0.02068704385164377,0.020000652991073564,0.021052278572732296,0.006769113775443853,0.967984890790492,0.9844247325813497,0.01848043217625311,0.09259409900731148
matthew,B,2,single,active,0.01983969077937064,0.019327549915934522,0.020405540588702503,0.00658365607555397,0.9686968151184981,0.9847355580039917,0.01848043217625311,0.09259409900731148
matthew,B,3,single,active,0.019840425666392287,0.019512667402326735,0.020341219996613612,0.006468333668751305,0.9697437399238602,0.9848796439024164,0.01848043217625311,0.09259409900731148
matthew,B,5,single,active,0.020134668773587522,0.019066790076071694,0.02076043720201832,0.006595177392547531,0.9703179134136791,0.9849657105408413,0.01848043217625311,0.09259409900731148
matthew,B,10,single,active,0.01961808800160885,0.019552383081064637,0.019694267395217513,0.006446653740115099,0.9707289309736752,0.9853639655578741,0.01848043217625311,0.09259409900731148
matthew,Bp,1,single,active,0.02038780636212681,0.020058905681528075,0.020571888958466414,0.006692688344051026,0.9678284128308197,0.9844448755653722,0.01848043217625311,0.09259409900731148
matthew,Bp,2,single,active,0.02005021221579155,0.019884616895891032,0.02036662573406375,0.006653595664810938,0.9686227334017093,0.984567307992741,0.01848043217625311,0.09259409900731148
matthew,Bp,3,single,active,0.019939201094958548,0.01960422271417649,0.02041408611790266,0.00661016774958026,0.969277120645975,0.9846388201035025,0.01848043217625311,0.09259409900731148
matthew,Bp,5,single,active,0.019991549991884735,0.019716366814189524,0.02016627766789509,0.006662117167043978,0.969415943240772,0.9846625202911018,0.01848043217625311,0.09259409900731148
matthew,Bp,10,single,active,0.0193486821026383,0.019048708350200783,0.01987316550658502,0.00632526369769627,0.9703719222032122,0.9850740929101978,0.01848043217625311,0.09259409900731148
matthew,C,1,single,active,0.12535963224117422,0.1138000043523079,0.14786628975893962,0.0507377639187872,0.7509447722840621,0.8437916257220364,0.01848043217625311,0.09259409900731148
matthew,C,2,single,active,0.08060828045465789,0.0760451586392814,0.08438680810997318,0.03306142547047128,0.810327161357491,0.8907358444039083,0.01848043217625311,0.09259409900731148
matthew,C,3,single,active,0.08702329068624388,0.07799800149884854,0.10147792981453668,0.033814022942257105,0.8214077553539573,0.8965788534896665,0.01848043217625311,0.09259409900731148
matthew,C,5,single,active,0.09089241693751643,0.06552890359248946,0.11029670594114432,0.03390822034311451,0.8544697011362224,0.9127801937211699,0.01848043217625311,0.09259409900731148
matthew,C,10,single,active,0.05717325728707528,0.048133159265322266,0.07025404450504431,0.022785285727098054,0.8944823025244245,0.942949441858176,0.01848043217625311,0.09259409900731148
matthew,zero,0,single,land,0.013715956274294392,0.013715956274294392,0.013715956274294392,0.00433129164556663,0.9446576958796221,0.9666870579402534,0.012269603922777145,0.03396630775989915
matthew,B,1,single,land,0.013187604068976337,0.013107661406907693,0.013327944960939446,0.004217168368473655,0.9453468432691999,0.9676379344578199,0.012269603922777145,0.03396630775989915
matthew,B,2,single,land,0.01297522502358319,0.012846797555264008,0.013047877778120415,0.004133811089001432,0.9465699388964882,0.9683892653653299,0.012269603922777145,0.03396630775989915
matthew,B,3,single,land,0.012957144468687407,0.012837615309594713,0.013107575846726182,0.004120444536944441,0.9484012435354963,0.9686497617635705,0.012269603922777145,0.03396630775989915
matthew,B,5,single,land,0.012818055466249272,0.012677864007215486,0.012968992566317417,0.004085309893571939,0.9493603870154624,0.9688369831463078,0.012269603922777145,0.03396630775989915
matthew,B,10,single,land,0.012623263077791616,0.012559330426470927,0.01267530385666812,0.0039950701149718435,0.9499850892536733,0.9696183046358727,0.012269603922777145,0.03396630775989915
matthew,Bp,1,single,land,0.013282933819232068,0.013207802743701686,0.013355652280591598,0.0042376390047489014,0.945026705655562,0.9676861702441847,0.012269603922777145,0.03396630775989915
matthew,Bp,2,single,land,0.01311799268815784,0.01305568499218206,0.013170702605479378,0.004184414225359327,0.9464068397412185,0.9680000174988564,0.012269603922777145,0.03396630775989915
matthew,Bp,3,single,land,0.013092795287090286,0.013023781289947618,0.013215613837636279,0.0041749378529009964,0.9475808266025704,0.9681745198278012,0.012269603922777145,0.03396630775989915
matthew,Bp,5,single,land,0.013005896785348858,0.012897415991247118,0.01310337729078213,0.0041545101837606,0.9477626452469724,0.9681978360437355,0.012269603922777145,0.03396630775989915
matthew,Bp,10,single,land,0.01283858567394885,0.012754982792765369,0.012929379052090554,0.00407413543393879,0.9494659606553619,0.9690571190693459,0.012269603922777145,0.03396630775989915
matthew,C,1,single,land,0.08634315593945807,0.08132347729304094,0.0902633358625498,0.03264776722607141,0.6006117037696045,0.6834970613511291,0.012269603922777145,0.03396630775989915
matthew,C,2,single,land,0.062206803544713724,0.05929947681911912,0.06525558508557121,0.023341799331065494,0.6885450567311233,0.7749955871081861,0.012269603922777145,0.03396630775989915
matthew,C,3,single,land,0.060177541936024405,0.0567675727443807,0.06544461785654719,0.02179001686779773,0.7013066951845236,0.7852216578688328,0.012269603922777145,0.03396630775989915
matthew,C,5,single,land,0.05136047900587182,0.048317589993211084,0.05445055870888692,0.018740072335351573,0.7585741002776337,0.8231565651495361,0.012269603922777145,0.03396630775989915
matthew,C,10,single,land,0.03548273000314509,0.034325645597922845,0.03666112820406867,0.013335190789896359,0.8229067966753664,0.8836144733931043,0.012269603922777145,0.03396630775989915
matthew,zero,0,rollout,active,0.19991633957580554,0.19991633957580554,0.19991633957580554,0.07004311615295145,0.7261322483968388,0.7706281837389652,0.2696407124647208,
matthew,B,1,rollout,active,0.18429988556853952,0.18183291321920764,0.18652292423412983,0.06261444132313213,0.7304748597431293,0.7894810600863845,0.2696407124647208,
matthew,B,2,rollout,active,0.1781508847323521,0.16733976301845188,0.18390497102769263,0.0613764086092451,0.7336342693649174,0.7885071846669356,0.2696407124647208,
matthew,B,3,rollout,active,0.17579819361270424,0.16165358189166365,0.18686322106808084,0.060653108379510164,0.7361908408674065,0.7861161619736695,0.2696407124647208,
matthew,B,5,rollout,active,0.18870697869606493,0.18079871602425507,0.1974602317568322,0.06347594038034553,0.7396617511438229,0.7887972658470375,0.2696407124647208,
matthew,B,10,rollout,active,0.19162058183766137,0.1864986567495064,0.19845614090976915,0.06352915119526208,0.7414106901963112,0.7911154091372269,0.2696407124647208,
matthew,Bp,1,rollout,active,0.1808375939145834,0.17504770367629235,0.18564920834637844,0.06197498874381574,0.7312431964682369,0.7922363084867694,0.2696407124647208,
matthew,Bp,2,rollout,active,0.18543401301918716,0.17586536141009249,0.19705278498332437,0.06392979195782598,0.7298611761389213,0.7883693915934336,0.2696407124647208,
matthew,Bp,3,rollout,active,0.18082445232089528,0.16935582572422725,0.19542148079449936,0.06332885004456842,0.7297450166618726,0.785312666563355,0.2696407124647208,
matthew,Bp,5,rollout,active,0.184039046507949,0.1801538074846205,0.18733598636401302,0.06392742310901435,0.7345035750531103,0.7899421217876971,0.2696407124647208,
matthew,Bp,10,rollout,active,0.17256248985215147,0.16361332747259494,0.18939851608545713,0.060177036941955496,0.737450237231422,0.7859642613017487,0.2696407124647208,
matthew,C,1,rollout,active,1.025846311385612,0.7534755762507391,1.411397989248706,0.3103308846869333,0.48797945276850013,0.5038850343351464,0.2696407124647208,
matthew,C,2,rollout,active,0.6517561190865971,0.5744598842174703,0.6930053776299145,0.21315188931073722,0.5574652021271534,0.5968801249735752,0.2696407124647208,
matthew,C,3,rollout,active,15.479015209432696,0.6344483093616191,44.61238757479252,2.5937316641318113,0.5264580583340073,0.5527685586278072,0.2696407124647208,
matthew,C,5,rollout,active,1.3082999718866508,0.455054543226444,2.7173749031622036,0.37468175002755716,0.5745779097984817,0.5979313552488316,0.2696407124647208,
matthew,C,10,rollout,active,1.042082522183101,0.34244400531843955,1.7623112804606007,0.27865128039973214,0.5665473771333848,0.5910897524658725,0.2696407124647208,
matthew,zero,0,rollout,land,0.1634077599725135,0.1634077599725135,0.1634077599725135,0.049516242200308334,0.5678957509362792,0.5591584850480045,0.23349998731105365,
matthew,B,1,rollout,land,0.1472718205191094,0.14459428422753284,0.15203743967618943,0.04424827697687977,0.5625708803277115,0.5709237279373456,0.23349998731105365,
matthew,B,2,rollout,land,0.14394933284755704,0.13995776251672062,0.14595495127234326,0.04361932283041358,0.5673451433482242,0.5705090155373586,0.23349998731105365,
matthew,B,3,rollout,land,0.1419134084416764,0.13573781576929167,0.14648667851798444,0.04393683537045908,0.5749266671585708,0.5721302009610117,0.23349998731105365,
matthew,B,5,rollout,land,0.14172775777879146,0.14047261730028515,0.14276664357184798,0.04331085126695625,0.5784902206069232,0.5733967127672109,0.23349998731105365,
matthew,B,10,rollout,land,0.14314328202021628,0.13801243624570889,0.1522814220854062,0.04290033576473279,0.5780266512021418,0.5746910456437208,0.23349998731105365,
matthew,Bp,1,rollout,land,0.14512838752052382,0.14308071677628884,0.148797879038244,0.043979190217024206,0.5624037260681497,0.5760703212336459,0.23349998731105365,
matthew,Bp,2,rollout,land,0.14611066505123524,0.14204042373661568,0.1486417818903811,0.04474534169102228,0.5619829124250544,0.5713487295914923,0.23349998731105365,
matthew,Bp,3,rollout,land,0.1439682145901425,0.13949630727487983,0.1472948108424324,0.04497192227746838,0.5650855659732567,0.5700436158147051,0.23349998731105365,
matthew,Bp,5,rollout,land,0.140631020187268,0.13906631523587704,0.141709644844201,0.043808291227312175,0.5693719073025726,0.5757981348860696,0.23349998731105365,
matthew,Bp,10,rollout,land,0.14520798055339326,0.1393335911866076,0.15679542378587563,0.045054092577472615,0.5763290685832402,0.5734888316210928,0.23349998731105365,
matthew,C,1,rollout,land,0.4571020928639804,0.3414832835031673,0.6838657092749261,0.12397504638599256,0.2789575708839566,0.22553332128859094,0.23349998731105365,
matthew,C,2,rollout,land,0.3702078786355598,0.32121058755811194,0.40143022059286704,0.10425269685629601,0.3390672737106643,0.30662519412018496,0.23349998731105365,
matthew,C,3,rollout,land,9.016279940712094,0.346712839782076,25.726068672353232,1.331759030798745,0.3076342848819908,0.27121331273492527,0.23349998731105365,
matthew,C,5,rollout,land,0.7005384675929291,0.2643416674074471,1.5724427655583553,0.17708549932243048,0.36151168723499455,0.30993346837789587,0.23349998731105365,
matthew,C,10,rollout,land,0.47664991597891687,0.22425307479993012,0.6066646952325786,0.11879707272456368,0.38170320608588343,0.348235861523883,0.23349998731105365,
ian,zero,0,single,active,0.020946400549625217,0.020946400549625217,0.020946400549625217,0.0044011962437014215,0.9848917342527077,0.9883380236534626,0.018540770992053025,0.10650589601998192
ian,B,1,single,active,0.01908522232674756,0.019049882527954975,0.01911005590865657,0.0037014409883936923,0.9851611666546423,0.9897613462625573,0.018540770992053025,0.10650589601998192
ian,B,2,single,active,0.019437305850477687,0.019269350962892187,0.019541339129367116,0.0038066119377555556,0.9854479218526223,0.9897893358715164,0.018540770992053025,0.10650589601998192
ian,B,3,single,active,0.01996398919206703,0.01956998718807342,0.020311334008608333,0.004084421336971444,0.9856725187659774,0.9897609006407952,0.018540770992053025,0.10650589601998192
ian,B,5,single,active,0.019288832537860064,0.01908376324704664,0.019445228888208533,0.0037269908174635876,0.9859319418395199,0.9898765972208695,0.018540770992053025,0.10650589601998192
ian,B,10,single,active,0.019674512357543264,0.01905681120766502,0.02037553848415203,0.003888536636092007,0.985824601582474,0.9898319907211938,0.018540770992053025,0.10650589601998192
ian,Bp,1,single,active,0.01968744107321607,0.019673253300166657,0.019714146479305812,0.0038204416418133806,0.9854257468143764,0.989773887877074,0.018540770992053025,0.10650589601998192
ian,Bp,2,single,active,0.01943363205298829,0.019222128164857678,0.01959982851860442,0.0037642661897430985,0.9856130617818971,0.9897577471362734,0.018540770992053025,0.10650589601998192
ian,Bp,3,single,active,0.019180038938880813,0.01889852771809017,0.019385434207998792,0.0037176735711235663,0.9857350551346168,0.989913855472644,0.018540770992053025,0.10650589601998192
ian,Bp,5,single,active,0.019173626196759462,0.01907940751992359,0.019258972464398172,0.0037348962643453886,0.9857035738743885,0.9897554353907746,0.018540770992053025,0.10650589601998192
ian,Bp,10,single,active,0.0197116481335175,0.018865420288171536,0.021376834490038795,0.003991769229936608,0.9854708816876699,0.9897980365131925,0.018540770992053025,0.10650589601998192
ian,C,1,single,active,0.07703062835846412,0.07167505400705837,0.08445338028509217,0.024068678122741105,0.8628370579991024,0.9140478954141597,0.018540770992053025,0.10650589601998192
ian,C,2,single,active,0.0706793084390747,0.06405861249793955,0.07593643613964025,0.020521588598398185,0.8930604256405794,0.9331003732946725,0.018540770992053025,0.10650589601998192
ian,C,3,single,active,0.05935234846377028,0.05212414538110013,0.0683235192299863,0.01758683885404896,0.9076144163753797,0.9392513760143769,0.018540770992053025,0.10650589601998192
ian,C,5,single,active,0.0692374045508569,0.054138655750236,0.09895628233520937,0.021066769296007478,0.9067780434008862,0.9492967653472406,0.018540770992053025,0.10650589601998192
ian,C,10,single,active,0.05170206416664758,0.0423347955443051,0.060246940256399276,0.0146285555453057,0.9313672165402372,0.9586424921743535,0.018540770992053025,0.10650589601998192
ian,zero,0,single,land,0.008418250471082704,0.008418250471082704,0.008418250471082704,0.0015235472083229612,0.9572313282497754,0.9609696063611051,0.00739834606520906,0.038594851826932064
ian,B,1,single,land,0.007556613585640966,0.007510153513857859,0.007595706605931744,0.0012524837621243994,0.9577780819711205,0.9659077867672515,0.00739834606520906,0.038594851826932064
ian,B,2,single,land,0.007582272729157169,0.007512053346186027,0.00764015169470687,0.0012406239266753917,0.9587307251565887,0.9660468467229449,0.00739834606520906,0.038594851826932064
ian,B,3,single,land,0.007543398260924918,0.007528069684040827,0.0075580670529290335,0.00122781243166709,0.9594369223238702,0.9659681527412282,0.00739834606520906,0.038594851826932064
ian,B,5,single,land,0.007546872930214055,0.007490528638129585,0.00758753223853834,0.0012173690528224498,0.9602952131013677,0.9664815562758476,0.00739834606520906,0.038594851826932064
ian,B,10,single,land,0.007703621835844007,0.007639060590448248,0.0077560551534600125,0.0012249013911680522,0.9600458562570249,0.9664226034870179,0.00739834606520906,0.038594851826932064
ian,Bp,1,single,land,0.007490890242437154,0.007448336064963945,0.007520456802940535,0.0012530929271516807,0.9587738243271618,0.9659842201331349,0.00739834606520906,0.038594851826932064
ian,Bp,2,single,land,0.007556207756526864,0.007493533197321107,0.00762845374720114,0.0012550072692869556,0.959316949725741,0.9660361747264293,0.00739834606520906,0.038594851826932064
ian,Bp,3,single,land,0.007513380534752795,0.0075020477951127,0.007528170488766441,0.0012418139200648071,0.9596755189696807,0.9666001516084523,0.00739834606520906,0.038594851826932064
ian,Bp,5,single,land,0.007584037298784911,0.007525517090574832,0.007694992095448549,0.0012474920763899482,0.9595841286439534,0.9662251159098011,0.00739834606520906,0.038594851826932064
ian,Bp,10,single,land,0.007675484834567994,0.007638211932504165,0.007747650408902024,0.0012426079603317507,0.9588745894321886,0.9662827298355076,0.00739834606520906,0.038594851826932064
ian,C,1,single,land,0.04692436936206324,0.04549404257638374,0.04970647965126026,0.010296940504826354,0.6417058563895731,0.7226672089092819,0.00739834606520906,0.038594851826932064
ian,C,2,single,land,0.038709150410763525,0.037573880069901484,0.03956797342180679,0.007971273758057102,0.7059387802531126,0.7801965667755528,0.00739834606520906,0.038594851826932064
ian,C,3,single,land,0.03506987837376276,0.0334813817508981,0.03794144644462703,0.007069936527870825,0.7379538927995277,0.7959225927023527,0.00739834606520906,0.038594851826932064
ian,C,5,single,land,0.03302338338606597,0.030167422278342793,0.03816940360706445,0.0073488430002223645,0.7422323424695797,0.8319875305856748,0.00739834606520906,0.038594851826932064
ian,C,10,single,land,0.026022370237476722,0.02302944778522474,0.028219794890006922,0.005223669836537762,0.803163766589663,0.862083931632304,0.00739834606520906,0.038594851826932064
ian,zero,0,rollout,active,0.223277389876622,0.223277389876622,0.223277389876622,0.062435238259983275,0.7660757813623866,0.7959036777892274,0.1612801558132329,
ian,B,1,rollout,active,0.21836561216757502,0.17717405629696395,0.24230974857195034,0.05629169767338169,0.852662415472455,0.8445038118395276,0.1612801558132329,
ian,B,2,rollout,active,0.2755907496983632,0.23125456469564964,0.308314422745253,0.07430779062261919,0.8185651856521782,0.8052213793637314,0.1612801558132329,
ian,B,3,rollout,active,0.245385876003226,0.22542640752324147,0.2782457783600184,0.06769135064874983,0.8470662852575309,0.8340371097141951,0.1612801558132329,
ian,B,5,rollout,active,0.2832342086098743,0.2675237738991267,0.3106274639675574,0.07611130406205835,0.8227287674355388,0.8074805733437213,0.1612801558132329,
ian,B,10,rollout,active,0.31345535051799106,0.28234750119334373,0.37044940324497483,0.0847237151974181,0.822501972400505,0.803893238500692,0.1612801558132329,
ian,Bp,1,rollout,active,0.1803675209788529,0.1500012417541505,0.20067568519650666,0.04494515182980848,0.8742733516737005,0.8744013622969691,0.1612801558132329,
ian,Bp,2,rollout,active,0.2317305238806202,0.20352706462967604,0.25413230747658594,0.06137439715698453,0.8394990261959333,0.830846204558802,0.1612801558132329,
ian,Bp,3,rollout,active,0.20985313007451464,0.18799019576169362,0.2432954041095028,0.05534607512849842,0.8585528364286121,0.8507165662812938,0.1612801558132329,
ian,Bp,5,rollout,active,0.22675874764850548,0.21796711019584641,0.23842113849987123,0.05875767611969827,0.8532883190724109,0.8428552997469564,0.1612801558132329,
ian,Bp,10,rollout,active,0.24670141651135827,0.2414109151469535,0.25319143522644866,0.06336415202265588,0.8605783896458027,0.8487551238890094,0.1612801558132329,
ian,C,1,rollout,active,0.6142904443739164,0.46503205668215364,0.8379980802078387,0.16584841134162528,0.7322556521997691,0.7401298031946517,0.1612801558132329,
ian,C,2,rollout,active,0.5491933655053975,0.36566267887808085,0.6991753035871381,0.13916638097511771,0.7749235014645013,0.7763455507886253,0.1612801558132329,
ian,C,3,rollout,active,0.3817059725621939,0.3473101993088452,0.4062680184985909,0.10040065820956619,0.7892149981869223,0.7819017811184042,0.1612801558132329,
ian,C,5,rollout,active,0.6341541854288759,0.3403844522487005,1.2147612201547096,0.17827829931926983,0.775797374052892,0.7829315396204222,0.1612801558132329,
ian,C,10,rollout,active,0.4539800001733769,0.2909977205986097,0.7566048188039127,0.11013856239833074,0.8352718227661026,0.8384160663339827,0.1612801558132329,
ian,zero,0,rollout,land,0.15316398305376727,0.15316398305376727,0.15316398305376727,0.03131050304172924,0.4904993890575409,0.4667835100074722,0.07354534017064292,
ian,B,1,rollout,land,0.13977606571583256,0.10380332287482906,0.172215115847433,0.02441588220215392,0.6285606445214098,0.5632659662701766,0.07354534017064292,
ian,B,2,rollout,land,0.19304258065614502,0.1356291570545715,0.23661803433717601,0.03551525808861835,0.5687379051764212,0.49199091699760156,0.07354534017064292,
ian,B,3,rollout,land,0.14045921701813835,0.12773587067332134,0.16179273916671877,0.026252302614687074,0.6164479126847232,0.5415845462125352,0.07354534017064292,
ian,B,5,rollout,land,0.1796165937599599,0.16242752049850082,0.21115996965579847,0.03358553860182285,0.5735510946494887,0.49260369218935746,0.07354534017064292,
ian,B,10,rollout,land,0.19130029834103368,0.15638896393447901,0.2477347341888194,0.03522901534021882,0.5727989567991146,0.48789053979482855,0.07354534017064292,
ian,Bp,1,rollout,land,0.10706391780595897,0.08350306051065082,0.12415757464797794,0.017849653876763707,0.6749218256823873,0.6287746830220785,0.07354534017064292,
ian,Bp,2,rollout,land,0.14140506686752632,0.10776386312967834,0.17116154158220942,0.026173822836639705,0.6096704419110235,0.5431989545658954,0.07354534017064292,
ian,Bp,3,rollout,land,0.12138112497971178,0.10540486047628167,0.15296263958984593,0.022107501768085767,0.6446932117974827,0.5821315943640385,0.07354534017064292,
ian,Bp,5,rollout,land,0.1302658206806156,0.12404479848974906,0.13650421890602438,0.023401480315346737,0.6339034582775755,0.5654986594358932,0.07354534017064292,
ian,Bp,10,rollout,land,0.12172199288024815,0.09472071868268364,0.1364890012678161,0.022014348216427383,0.6450820905566695,0.5772504615396046,0.07354534017064292,
ian,C,1,rollout,land,0.24034887579949152,0.18366098285316249,0.33993404350181783,0.04352685676880941,0.43271431269622124,0.40196463146039885,0.07354534017064292,
ian,C,2,rollout,land,0.19325514212821468,0.13867972335597012,0.23261885870719354,0.03195101449063553,0.49014930862150735,0.44872341815613126,0.07354534017064292,
ian,C,3,rollout,land,0.13345147009320327,0.10207488503191829,0.18007177032656738,0.02346879816948529,0.5047434575059665,0.4428262500140782,0.07354534017064292,
ian,C,5,rollout,land,0.21386055778092491,0.08870519670775005,0.41357366870173445,0.04358369335804996,0.499629395989782,0.46879760786641356,0.07354534017064292,
ian,C,10,rollout,land,0.14019433571863238,0.08661184938236613,0.24174427926351016,0.023625000513339673,0.5906406972617271,0.550310297666787,0.07354534017064292,
milton,zero,0,single,active,0.017817448116812906,0.017817448116812906,0.017817448116812906,0.005071503824586931,0.9762128410831581,0.986205536671387,0.01558211757598862,0.0945794966040836
milton,B,1,single,active,0.017051630656478873,0.01667192632256289,0.017360798512981248,0.004951182146393222,0.975625688564049,0.9868345750080656,0.01558211757598862,0.0945794966040836
milton,B,2,single,active,0.016548042358318516,0.015882669121659997,0.016989023030566975,0.004788863761537597,0.9768508421256753,0.9871696799443032,0.01558211757598862,0.0945794966040836
milton,B,3,single,active,0.01674077714273073,0.016148725568715414,0.01722947619705641,0.00481201745214459,0.9770588190728434,0.9873672915594166,0.01558211757598862,0.0945794966040836
milton,B,5,single,active,0.016671832806781552,0.016225069155630784,0.016942337782002968,0.0048233904273576765,0.9772952538568139,0.9875799376677454,0.01558211757598862,0.0945794966040836
milton,B,10,single,active,0.016309652729571442,0.01613130840654476,0.016606143182469082,0.004568895128994367,0.978167064791037,0.9880813082554699,0.01558211757598862,0.0945794966040836
milton,Bp,1,single,active,0.016960049865332893,0.01676022554602408,0.017192448805389785,0.004849786682542209,0.9756799229530935,0.9868728007930286,0.01558211757598862,0.0945794966040836
milton,Bp,2,single,active,0.016607588761871805,0.01626993232762833,0.01696591100649608,0.0047782304592106075,0.9765645492804897,0.9870151571776572,0.01558211757598862,0.0945794966040836
milton,Bp,3,single,active,0.016732124157843167,0.016590010526209415,0.01687576282470115,0.004786159290609524,0.9768192385997779,0.9872843067989278,0.01558211757598862,0.0945794966040836
milton,Bp,5,single,active,0.01664023643696044,0.016179635715792985,0.017229884160261735,0.004784211993840228,0.9770700661010356,0.9874357702119722,0.01558211757598862,0.0945794966040836
milton,Bp,10,single,active,0.01639817598445275,0.016208082872574848,0.016661769054119868,0.004590320109079889,0.9776797274852312,0.9877042032654346,0.01558211757598862,0.0945794966040836
milton,C,1,single,active,0.10605312317291221,0.10292610532529886,0.11006599005109319,0.03922189957318512,0.751797797532671,0.861539639316732,0.01558211757598862,0.0945794966040836
milton,C,2,single,active,0.0717474609510521,0.060758516084043125,0.08638923007302941,0.027384736525326994,0.8281653365532796,0.9129286939809527,0.01558211757598862,0.0945794966040836
milton,C,3,single,active,0.06743599121101788,0.0548433465237976,0.08975978210560448,0.025692359461184172,0.8328030103161881,0.9203272700363733,0.01558211757598862,0.0945794966040836
milton,C,5,single,active,0.0634752587234793,0.06126114463187706,0.06553717562346385,0.023274730403865254,0.8713817317075508,0.9369728384102186,0.01558211757598862,0.0945794966040836
milton,C,10,single,active,0.07670977845936613,0.058834998691853505,0.10141434174017003,0.026359326377796866,0.9079588475808231,0.9475992173872273,0.01558211757598862,0.0945794966040836
milton,zero,0,single,land,0.010012074280165149,0.010012074280165149,0.010012074280165149,0.002590189269863324,0.9503786416272644,0.9621902085214058,0.009098624863930309,0.03727333105311147
milton,B,1,single,land,0.009694896798704755,0.009688723171914436,0.009699381309006702,0.0025319416802567674,0.948937682997963,0.9640160765022291,0.009098624863930309,0.03727333105311147
milton,B,2,single,land,0.0095136532596971,0.009486845047600915,0.009563092119810532,0.0024536119328196306,0.9516373770367469,0.9650415075750326,0.009098624863930309,0.03727333105311147
milton,B,3,single,land,0.009499474793213057,0.009458084486757059,0.009575166909698297,0.0024385705507283953,0.9521063284810604,0.9656928950730879,0.009098624863930309,0.03727333105311147
milton,B,5,single,land,0.009408474888763256,0.009359779950839697,0.009486277161588301,0.0024139246336341426,0.952621051489054,0.9663409550867694,0.009098624863930309,0.03727333105311147
milton,B,10,single,land,0.009204519686338458,0.009169762013918954,0.009237943620702271,0.0023358138271472625,0.9544583440385136,0.9676980277685292,0.009098624863930309,0.03727333105311147
milton,Bp,1,single,land,0.009703189076795411,0.009696605589894564,0.009710708950017787,0.0025273163510530026,0.9491348913184052,0.9642149549963984,0.009098624863930309,0.03727333105311147
milton,Bp,2,single,land,0.009581969847446121,0.009518363686043786,0.009633939357168816,0.0024751500835974525,0.9510541156039912,0.9645770495499999,0.009098624863930309,0.03727333105311147
milton,Bp,3,single,land,0.009542184302973296,0.009500660717591087,0.009585426859711497,0.0024553805471418783,0.9516063938644027,0.9653818536912985,0.009098624863930309,0.03727333105311147
milton,Bp,5,single,land,0.009440985347256903,0.009402537028292747,0.0095004773161835,0.002434802103578445,0.9521494783180628,0.9658354102198982,0.009098624863930309,0.03727333105311147
milton,Bp,10,single,land,0.009313594724686453,0.009296942135298452,0.00934473643107816,0.0023780340937022896,0.9534788220286514,0.9665734205627587,0.009098624863930309,0.03727333105311147
milton,C,1,single,land,0.07396870624905472,0.061345292744734416,0.08284514343311648,0.02340443385095731,0.5117377926353618,0.6257936147892963,0.009098624863930309,0.03727333105311147
milton,C,2,single,land,0.04884573393650876,0.04157903122629367,0.05539237666875317,0.01660473741993043,0.6546714426545565,0.7653507744411389,0.009098624863930309,0.03727333105311147
milton,C,3,single,land,0.04627099750398172,0.03970200624221359,0.055156320640109634,0.015582264323654576,0.6612345109517249,0.783075902571753,0.009098624863930309,0.03727333105311147
milton,C,5,single,land,0.03691921760853888,0.034774046061457516,0.03831902831150547,0.01224467741023894,0.7375905764092328,0.8305701563900714,0.009098624863930309,0.03727333105311147
milton,C,10,single,land,0.031744821277804064,0.028606593210840754,0.03521487908977004,0.009863563811305036,0.8148320413348972,0.8653675488779178,0.009098624863930309,0.03727333105311147
milton,zero,0,rollout,active,0.31486695922441044,0.31486695922441044,0.31486695922441044,0.09109861542825427,0.6921669907465248,0.7359210050190761,0.28346550813023796,
milton,B,1,rollout,active,0.32627911626703915,0.303540191599212,0.33895266865930634,0.0971061867486739,0.685920080728159,0.7301265218246296,0.28346550813023796,
milton,B,2,rollout,active,0.28865179250744305,0.28355470309563574,0.2969707419956199,0.09100903461121788,0.6922105350184496,0.7408486092734333,0.28346550813023796,
milton,B,3,rollout,active,0.28637290852124275,0.23945884491563005,0.313002373107339,0.08939108998004686,0.6866352308522954,0.7366855256667731,0.28346550813023796,
milton,B,5,rollout,active,0.27603177686780106,0.25610591956723616,0.30137431303420054,0.08311808454000745,0.6799595851302236,0.7348358241821074,0.28346550813023796,
milton,B,10,rollout,active,0.24139340019864808,0.1745302000994843,0.3284557350233521,0.06841989551073835,0.6967167727890132,0.7614985967214469,0.28346550813023796,
milton,Bp,1,rollout,active,0.3157183293664078,0.29812920447841307,0.3263101737360041,0.09098450036820295,0.6872148189795498,0.7305040776164674,0.28346550813023796,
milton,Bp,2,rollout,active,0.2975095505429232,0.2620457473769566,0.3393367346779522,0.09088849521701277,0.6895042111192206,0.7335235536377516,0.28346550813023796,
milton,Bp,3,rollout,active,0.2864827813500604,0.25143560946922355,0.34771574050630427,0.08422699307445686,0.6798566804487055,0.7273223679307174,0.28346550813023796,
milton,Bp,5,rollout,active,0.2975868514197089,0.24325737893961435,0.32771492195282986,0.08707473276276369,0.6778138538533934,0.7244677790191315,0.28346550813023796,
milton,Bp,10,rollout,active,0.24263658027953225,0.20618063888752805,0.2995294238732975,0.07122323721745676,0.7044089903584047,0.7624689080310056,0.28346550813023796,
milton,C,1,rollout,active,0.6881719101317868,0.6503697650929176,0.7076588830242202,0.20214280386876096,0.5679157347298808,0.6166232703011891,0.28346550813023796,
milton,C,2,rollout,active,0.7727127977437517,0.6185920323791025,0.8587952261668366,0.2180775156381692,0.5783330876728091,0.6238318667696782,0.28346550813023796,
milton,C,3,rollout,active,0.6850229082484942,0.47769685765789155,0.9476476833805292,0.20946117883559068,0.612404702306835,0.6587594279958999,0.28346550813023796,
milton,C,5,rollout,active,0.8722336591412868,0.7444015757133218,1.0725022601403895,0.26323223310465976,0.6060243591441837,0.6397818922984743,0.28346550813023796,
milton,C,10,rollout,active,1.8568008300030217,0.9680906089426806,3.07129848467537,0.5817086921288543,0.5678384469503189,0.5806560423172719,0.28346550813023796,
milton,zero,0,rollout,land,0.24489693159012357,0.24489693159012357,0.24489693159012357,0.05342572687300754,0.43578231746667556,0.4140119943231946,0.25640678755786417,
milton,B,1,rollout,land,0.25494003815563604,0.2448948269515645,0.2729097268317685,0.05668336925677786,0.4090638577946833,0.3994247986667036,0.25640678755786417,
milton,B,2,rollout,land,0.1990617530552082,0.18688018645818524,0.2096367129112435,0.0498627319072338,0.42081584761492924,0.4155415086742656,0.25640678755786417,
milton,B,3,rollout,land,0.2122964292789303,0.17228680092576695,0.2557043957594387,0.05151582920528488,0.4158313235853026,0.4107394646544947,0.25640678755786417,
milton,B,5,rollout,land,0.21118180353884097,0.16936740173771445,0.2541022509687316,0.04689064726171072,0.3952934211540704,0.3906268238719213,0.25640678755786417,
milton,B,10,rollout,land,0.19777667830419934,0.14132128058953153,0.30754037175616356,0.040782887864531235,0.41099957495501277,0.4175638994280087,0.25640678755786417,
milton,Bp,1,rollout,land,0.2568158698586416,0.21465197651044599,0.28582069263519977,0.05592903935740742,0.41270351240425573,0.39922145905670803,0.25640678755786417,
milton,Bp,2,rollout,land,0.22829414062330589,0.20335329209437553,0.27623634531460056,0.053674312783235055,0.4195706171052825,0.40717249920802434,0.25640678755786417,
milton,Bp,3,rollout,land,0.23902144518658053,0.20275884120172216,0.28543241248496876,0.05300277662789174,0.40626622896547976,0.389605123421366,0.25640678755786417,
milton,Bp,5,rollout,land,0.24732492143451992,0.20227364277736568,0.27993306550342634,0.05339315937201591,0.39933353676400046,0.38287374904568555,0.25640678755786417,
milton,Bp,10,rollout,land,0.20110128009763414,0.18032938578840982,0.23673864625768165,0.044442616698856185,0.4320246976499855,0.43872377527340073,0.25640678755786417,
milton,C,1,rollout,land,0.2672114300863671,0.23961669061479773,0.3023808572976517,0.0667884999463997,0.276280076910872,0.2635130675956068,0.25640678755786417,
milton,C,2,rollout,land,0.43744974560670724,0.365734829090939,0.509642906101732,0.0876702708355143,0.29961660578223964,0.28426677365172337,0.25640678755786417,
milton,C,3,rollout,land,0.35092907878193275,0.26799738308302395,0.43784148120331834,0.08786358261155434,0.3351544781043323,0.31639240526541323,0.25640678755786417,
milton,C,5,rollout,land,0.41866672534406385,0.37631431041987645,0.4461789520812505,0.1054014208714148,0.3400412108572253,0.30563388963038435,0.25640678755786417,
milton,C,10,rollout,land,0.8031677162411529,0.4139110055484401,1.3532033115655429,0.21236579890266002,0.31390571760147257,0.2595044684482613,0.25640678755786417,
dorian,zero,0,single,active,0.017406811497862728,0.017406811497862728,0.017406811497862728,0.004442651270881581,0.9796877662293406,0.9854305855818764,0.014853754621182366,0.11822695012212854
dorian,B,1,single,active,0.015549578832365768,0.015493923213115329,0.01561237362801063,0.004012376366549711,0.9810273722450303,0.9875851711980959,0.014853754621182366,0.11822695012212854
dorian,B,2,single,active,0.015017917878414009,0.014886996864153547,0.015140889136613206,0.0037762681783581192,0.9814610003373868,0.987985233605658,0.014853754621182366,0.11822695012212854
dorian,B,3,single,active,0.016031033216932066,0.01482581616168748,0.017312560819468394,0.004185225317302009,0.9813164976414098,0.9879561528939914,0.014853754621182366,0.11822695012212854
dorian,B,5,single,active,0.01513626104552518,0.014833321322224195,0.015614227135698239,0.0038028492682912005,0.9818331620111809,0.9882421557761053,0.014853754621182366,0.11822695012212854
dorian,B,10,single,active,0.014994162010164817,0.014732173293661078,0.015509294944113357,0.003717882847588783,0.9820352715941171,0.9886913694093811,0.014853754621182366,0.11822695012212854
dorian,Bp,1,single,active,0.01638743510023807,0.01614091814704216,0.016864658139623446,0.004205123363603115,0.9806668153601191,0.9872471197282291,0.014853754621182366,0.11822695012212854
dorian,Bp,2,single,active,0.015650803098197417,0.015599706467670685,0.015718385066826476,0.0039367744827197085,0.9811567522584893,0.987542395797315,0.014853754621182366,0.11822695012212854
dorian,Bp,3,single,active,0.017367659220971488,0.0158436778324994,0.01963083772526501,0.00457092862686543,0.980809155756701,0.987681546036758,0.014853754621182366,0.11822695012212854
dorian,Bp,5,single,active,0.015659908654934475,0.015449368601194105,0.01590951761802645,0.003976016864706941,0.9814299036270956,0.9879939723516306,0.014853754621182366,0.11822695012212854
dorian,Bp,10,single,active,0.015207510343775108,0.015000183611081172,0.015391734593454758,0.0038245805365703946,0.9815386457849494,0.9882959528955549,0.014853754621182366,0.11822695012212854
dorian,C,1,single,active,0.08662967754674959,0.0809344556941549,0.09269409707835231,0.028684684328137432,0.8166919609288179,0.8955705864243971,0.014853754621182366,0.11822695012212854
dorian,C,2,single,active,0.08921297969406371,0.08008786732533368,0.1003529286469979,0.02856534637485904,0.842335006710055,0.9069519979944204,0.014853754621182366,0.11822695012212854
dorian,C,3,single,active,0.056469868896545976,0.055174868699031814,0.058502750800842364,0.018616840776738166,0.869917677951125,0.9286882965892875,0.014853754621182366,0.11822695012212854
dorian,C,5,single,active,0.05208160532940891,0.04437020147067542,0.06254881456249085,0.01724044847008836,0.8888389606398416,0.9422062245297651,0.014853754621182366,0.11822695012212854
dorian,C,10,single,active,0.04870725000421567,0.0439987726503018,0.05209443864174963,0.015272755571428867,0.9133698970418278,0.9550597643405284,0.014853754621182366,0.11822695012212854
dorian,zero,0,single,land,0.008650785581772874,0.008650785581772874,0.008650785581772874,0.0016434049228370177,0.9476323917302804,0.9542687025656231,0.007349489948063824,0.03754486109420179
dorian,B,1,single,land,0.007630296200528106,0.007562826116798644,0.0076772624266628195,0.0014831159994356817,0.9510607543794802,0.9605327667327755,0.007349489948063824,0.03754486109420179
dorian,B,2,single,land,0.007478284837842845,0.007419068170099826,0.007591046923460323,0.001463564879937004,0.952148044057341,0.961692459936693,0.007349489948063824,0.03754486109420179
dorian,B,3,single,land,0.007388089739802068,0.0072918885374763905,0.007496446051135075,0.0014493514320851311,0.95178837435597,0.9616709232788291,0.007349489948063824,0.03754486109420179
dorian,B,5,single,land,0.007335331931942405,0.007243244675215656,0.007514449675367332,0.001426777443830059,0.9532132894241796,0.9624866780634801,0.007349489948063824,0.03754486109420179
dorian,B,10,single,land,0.007195286923303634,0.00712567666086304,0.007281667075163318,0.001391956121678229,0.9537017966802338,0.9637969739215766,0.007349489948063824,0.03754486109420179
dorian,Bp,1,single,land,0.00783436172749584,0.007814246342508189,0.00786378709192615,0.0015193799991291073,0.950395210757437,0.9591641299762367,0.007349489948063824,0.03754486109420179
dorian,Bp,2,single,land,0.007704797672437694,0.00764849774497458,0.007739457114271131,0.0014992344411448395,0.9517022964992213,0.9603289600839378,0.007349489948063824,0.03754486109420179
dorian,Bp,3,single,land,0.00754159244131533,0.007509279140917709,0.007564185256841984,0.0014798546648778482,0.9507247155867656,0.96105660008604,0.007349489948063824,0.03754486109420179
dorian,Bp,5,single,land,0.007450568741169458,0.007403587801175621,0.00750085218010702,0.0014527175361706212,0.9524276177579424,0.9619538509992057,0.007349489948063824,0.03754486109420179
dorian,Bp,10,single,land,0.007386352819344459,0.007305642707433904,0.007471419298656228,0.0014448337167013326,0.9526685999318231,0.9627525660399089,0.007349489948063824,0.03754486109420179
dorian,C,1,single,land,0.053225096306302934,0.051402665567403985,0.054433069381777416,0.01323857666567472,0.5582523685928172,0.6609416216615223,0.007349489948063824,0.03754486109420179
dorian,C,2,single,land,0.04615541271907735,0.043620076312858434,0.04967628952466443,0.011166891122684786,0.6111776630916108,0.7058115111708072,0.007349489948063824,0.03754486109420179
dorian,C,3,single,land,0.03688803095081587,0.03512654477088274,0.037997049381284176,0.009300052193964362,0.6667421580594582,0.7648819840286728,0.007349489948063824,0.03754486109420179
dorian,C,5,single,land,0.0311312437364189,0.02869059534817511,0.0323783262226211,0.008025853906430895,0.7150013471045771,0.8079765113827154,0.007349489948063824,0.03754486109420179
dorian,C,10,single,land,0.024957197479498913,0.02330487524331379,0.026863594744073658,0.006168082149414539,0.7742395380658196,0.8528913417499454,0.007349489948063824,0.03754486109420179
dorian,zero,0,rollout,active,0.2916361311142812,0.2916361311142812,0.2916361311142812,0.08199405638686535,0.7850592542719896,0.7789525668316936,0.14208461243750783,
dorian,B,1,rollout,active,0.16116281510052463,0.15852876850891465,0.16281377732904137,0.04498879162760517,0.8324893830352743,0.8502807821756245,0.14208461243750783,
dorian,B,2,rollout,active,0.1439595929689432,0.1362976207726285,0.15062779126094983,0.03860855886200968,0.8422231495612958,0.8657808797449792,0.14208461243750783,
dorian,B,3,rollout,active,0.18842800121892525,0.14717775556829965,0.22014836399193188,0.04955882938671614,0.8381779290053215,0.8616741969258298,0.14208461243750783,
dorian,B,5,rollout,active,0.15879405475601885,0.1421308469458465,0.18488737675707612,0.04201435314359003,0.8424270935787425,0.8658671805284625,0.14208461243750783,
dorian,B,10,rollout,active,0.14971262422522855,0.12973791195575082,0.17562943791708904,0.04091233947735218,0.8463411095223551,0.8706642315149523,0.14208461243750783,
dorian,Bp,1,rollout,active,0.1782752755284008,0.1611340078864623,0.2066201773143609,0.04852698117445786,0.8320490742246771,0.8490879217270256,0.14208461243750783,
dorian,Bp,2,rollout,active,0.14674495973604643,0.14280247021225018,0.14981422970498134,0.03990011106731793,0.8297537597133542,0.8500533650051038,0.14208461243750783,
dorian,Bp,3,rollout,active,0.22674359080660178,0.17498253035121603,0.30879481655539787,0.05831013994178713,0.8346711306048515,0.8559718994753095,0.14208461243750783,
dorian,Bp,5,rollout,active,0.16213085400172592,0.15781066916708997,0.16723318430678452,0.04432810309054363,0.8399796944409169,0.8619951685183448,0.14208461243750783,
dorian,Bp,10,rollout,active,0.15486818995467633,0.1470279402707569,0.1624932042890194,0.0412290900222621,0.8423626952815938,0.8663201583122478,0.14208461243750783,
dorian,C,1,rollout,active,0.6198360239277007,0.5330021936013487,0.7469096124801311,0.16795085050878147,0.6757051174033163,0.7052979513962251,0.14208461243750783,
dorian,C,2,rollout,active,0.5496757304857494,0.48418312302341926,0.584682924705124,0.15277387625887937,0.6767163142995137,0.6908004802905076,0.14208461243750783,
dorian,C,3,rollout,active,0.3148617991753389,0.2589950945836018,0.36163696208960777,0.08735161061476715,0.7441098708027463,0.7782607456455439,0.14208461243750783,
dorian,C,5,rollout,active,0.3443439417359127,0.1867757110930095,0.49399353981140137,0.0956500657611381,0.7621881211804468,0.7989610509884361,0.14208461243750783,
dorian,C,10,rollout,active,0.3764345168372472,0.24675209349875557,0.47631012239814297,0.09815504548894893,0.7843067068541115,0.8152164565668593,0.14208461243750783,
dorian,zero,0,rollout,land,0.17344301371309465,0.17344301371309465,0.17344301371309465,0.0334287119650132,0.5167481666846488,0.4482901265216146,0.08474679867849798,
dorian,B,1,rollout,land,0.09382572645524345,0.09102396482292287,0.09712264040425916,0.018027579671213555,0.595263445281636,0.5720929194368433,0.08474679867849798,
dorian,B,2,rollout,land,0.0873379797930574,0.0840125078735245,0.09301588980963009,0.01608814962739575,0.6077934253997518,0.5982965648609845,0.08474679867849798,
dorian,B,3,rollout,land,0.09197943248173746,0.08555274585867309,0.10234603620305649,0.016839841224662516,0.599851126415375,0.5942763364124964,0.08474679867849798,
dorian,B,5,rollout,land,0.09104101372971417,0.08305191047351408,0.10278182815248653,0.016432749847045156,0.608008881625759,0.6012920112696034,0.08474679867849798,
dorian,B,10,rollout,land,0.0791135854314733,0.07190824796127626,0.08514142539341404,0.015003625954065373,0.6146773380740647,0.6168890141781914,0.08474679867849798,
dorian,Bp,1,rollout,land,0.09339503548928248,0.09115368881443862,0.09769683993228626,0.017780719551618012,0.5905339750585273,0.5610570383126952,0.08474679867849798,
dorian,Bp,2,rollout,land,0.09606888445669208,0.09382461377476851,0.09925317338124057,0.01801332460208527,0.5849445792470777,0.5584479229777796,0.08474679867849798,
dorian,Bp,3,rollout,land,0.08769041968720571,0.08098903776132366,0.09278867017600488,0.016488242692905355,0.5904010302123792,0.5766860515370831,0.08474679867849798,
dorian,Bp,5,rollout,land,0.08728814724272926,0.0839297528275826,0.09025904882385952,0.016141410708805815,0.600578365256104,0.5859983031566594,0.08474679867849798,
dorian,Bp,10,rollout,land,0.0850057080422575,0.07948999454672165,0.09346649692341505,0.015535911307353628,0.6031485139713456,0.5937013795667623,0.08474679867849798,
dorian,C,1,rollout,land,0.2201293308191079,0.16216076231677343,0.26703978499937303,0.04292658082697783,0.3623999782992806,0.3423526315323386,0.08474679867849798,
dorian,C,2,rollout,land,0.16594105071603252,0.12290334016002756,0.2486990899186109,0.03594350393497495,0.36355083155716467,0.3269301690233369,0.08474679867849798,
dorian,C,3,rollout,land,0.1250928332083481,0.10242233355600087,0.15433792173542882,0.025018855800859472,0.4454266697502242,0.4401979747971134,0.08474679867849798,
dorian,C,5,rollout,land,0.1353709221244659,0.07877840361493949,0.18789815264448526,0.02759584754676934,0.46951740627857896,0.46298455265699534,0.08474679867849798,
dorian,C,10,rollout,land,0.12328829606329413,0.11587305985979139,0.13438355701425297,0.022846636698579077,0.5142586387674465,0.5050169468592572,0.08474679867849798,
beryl,zero,0,single,active,0.020461959607141585,0.020461959607141585,0.020461959607141585,0.005966116307282661,0.9641575820451407,0.9785691604926663,0.018159087320968888,0.10223036924961718
beryl,B,1,single,active,0.017480771140534698,0.0172983751251273,0.017642823230375915,0.0051053826916774145,0.9687871461117256,0.9820852335077216,0.018159087320968888,0.10223036924961718
beryl,B,2,single,active,0.01741772531358231,0.017178040292918,0.01763993247832076,0.005109244372879323,0.9686835859480682,0.9823058801732208,0.018159087320968888,0.10223036924961718
beryl,B,3,single,active,0.017953021477367045,0.017248465133669465,0.018916595629043857,0.005337554763986219,0.9679599182824257,0.9822538999959729,0.018159087320968888,0.10223036924961718
beryl,B,5,single,active,0.01724926595367841,0.01702716109583398,0.017546259375860167,0.004992828160966256,0.9693983225768648,0.9827336253684376,0.018159087320968888,0.10223036924961718
beryl,B,10,single,active,0.01733191817722469,0.01726998107770361,0.017384376363856535,0.00491709639598783,0.9703335391328242,0.9830922820026703,0.018159087320968888,0.10223036924961718
beryl,Bp,1,single,active,0.018043572872120512,0.017937519623841554,0.01819400959332953,0.0052518022646245366,0.9681497671348577,0.9816643421304324,0.018159087320968888,0.10223036924961718
beryl,Bp,2,single,active,0.017718458475540846,0.017665080491841362,0.017746672919425766,0.005138813940243685,0.9684671826474962,0.9819867222669414,0.018159087320968888,0.10223036924961718
beryl,Bp,3,single,active,0.018048705000321488,0.01769175976738639,0.018582060065698923,0.005313706728482249,0.9676830952798845,0.981987153061134,0.018159087320968888,0.10223036924961718
beryl,Bp,5,single,active,0.01753812779600986,0.017231083285006485,0.01781985274306663,0.005118827417101317,0.969021491882459,0.9824688450990852,0.018159087320968888,0.10223036924961718
beryl,Bp,10,single,active,0.017670839167690456,0.017474630939627443,0.017787637974255834,0.005159060755946664,0.968648032067938,0.9824890340741259,0.018159087320968888,0.10223036924961718
beryl,C,1,single,active,0.0981038313698344,0.09189806208745267,0.1050440269235318,0.03617217369561299,0.7213593151045776,0.8401716126460347,0.018159087320968888,0.10223036924961718
beryl,C,2,single,active,0.08289568788154371,0.07187660023069546,0.09785207709722354,0.030763247084200123,0.7833940568737807,0.8814742879615954,0.018159087320968888,0.10223036924961718
beryl,C,3,single,active,0.0737324426567689,0.05975947787063714,0.09014029961597261,0.025912498740553246,0.8196858709032774,0.9012243082743782,0.018159087320968888,0.10223036924961718
beryl,C,5,single,active,0.05133165448803151,0.047717926188232125,0.057418989512062445,0.017719178942236125,0.8696304402642961,0.9290375234325632,0.018159087320968888,0.10223036924961718
beryl,C,10,single,active,0.05281875932026623,0.03912342276842255,0.07664504792632432,0.01758240619753024,0.8929688495146201,0.9420927842390716,0.018159087320968888,0.10223036924961718
beryl,zero,0,single,land,0.011270019466390075,0.011270019466390075,0.011270019466390075,0.0030314526430987353,0.9299621823525194,0.9450676415680073,0.01049556444265145,0.027032993885598735
beryl,B,1,single,land,0.010573689988004153,0.010432006330173544,0.01064877683164928,0.0028171873634904553,0.9391706580504039,0.953804211873726,0.01049556444265145,0.027032993885598735
beryl,B,2,single,land,0.010506268933611652,0.010440326235557051,0.010630591465268886,0.0028310576758313597,0.9384481642000576,0.9540224512449113,0.01049556444265145,0.027032993885598735
beryl,B,3,single,land,0.010469868785302198,0.010389298663947838,0.010619639329317957,0.0028151134876418828,0.9366555847993991,0.9536197633703161,0.01049556444265145,0.027032993885598735
beryl,B,5,single,land,0.010347069653741254,0.010323784851058651,0.010370932154755468,0.0027516986517750895,0.9394602603912011,0.9549092697088217,0.01049556444265145,0.027032993885598735
beryl,B,10,single,land,0.010320026593857414,0.010295424335529295,0.010342041947630276,0.0027111689681779878,0.9411058490713478,0.9554673287048905,0.01049556444265145,0.027032993885598735
beryl,Bp,1,single,land,0.010637506600030688,0.010530712221076136,0.010715605542628369,0.002807837990788246,0.9382690903123875,0.953083387824615,0.01049556444265145,0.027032993885598735
beryl,Bp,2,single,land,0.010542905229430436,0.010493570090408374,0.010625194840202011,0.002793318799015839,0.9382729360967833,0.9533522721859349,0.01049556444265145,0.027032993885598735
beryl,Bp,3,single,land,0.010516254090370535,0.01046087363029616,0.010600768291442587,0.002795433732074047,0.93629593841474,0.9530441796504471,0.01049556444265145,0.027032993885598735
beryl,Bp,5,single,land,0.010444798856941905,0.010416749543471604,0.010494948811514132,0.00276521230687852,0.9389628236153439,0.9543318308076266,0.01049556444265145,0.027032993885598735
beryl,Bp,10,single,land,0.01047278069618702,0.010442050287321486,0.010509892844946234,0.0027853766357098576,0.9377330552797013,0.9540548352642668,0.01049556444265145,0.027032993885598735
beryl,C,1,single,land,0.07008028743651773,0.06409839975023879,0.07772148456342672,0.022215724418058417,0.47030678260646014,0.5670290223629119,0.01049556444265145,0.027032993885598735
beryl,C,2,single,land,0.05372319538667306,0.04819398156633374,0.0640443233857607,0.01753419498610853,0.5784781026048831,0.6804312622381404,0.01049556444265145,0.027032993885598735
beryl,C,3,single,land,0.0447325013041986,0.04106517097371523,0.05176817432217786,0.013689347762154686,0.6380397043782063,0.7310682822001704,0.01049556444265145,0.027032993885598735
beryl,C,5,single,land,0.03282098293792809,0.03213022705680519,0.03387904935682747,0.01000670403927042,0.7351842419064445,0.8092110908211385,0.01049556444265145,0.027032993885598735
beryl,C,10,single,land,0.02656404370710431,0.024879457929365002,0.029777850446037972,0.00832283883039685,0.7888876515366373,0.8464595517293295,0.01049556444265145,0.027032993885598735
beryl,zero,0,rollout,active,0.2893159969347018,0.2893159969347018,0.2893159969347018,0.08368810033459792,0.6724073480889627,0.716694429072566,0.22107782641842982,
beryl,B,1,rollout,active,0.29302322954896926,0.2738445389757338,0.31315265335209885,0.07921700555300838,0.7009457683980941,0.7223841206752198,0.22107782641842982,
beryl,B,2,rollout,active,0.31854382855900343,0.2938368383544198,0.33507361881853537,0.08808238573954474,0.6962227428214834,0.7107642755477879,0.22107782641842982,
beryl,B,3,rollout,active,0.3401310746654407,0.33587367404716817,0.3466610337265466,0.09873651382427935,0.6854028435391348,0.698346950274313,0.22107782641842982,
beryl,B,5,rollout,active,0.3170492633877269,0.3041629322055093,0.3383628289723201,0.09283711583318731,0.6849799196958825,0.6999691594865124,0.22107782641842982,
beryl,B,10,rollout,active,0.32141081901274177,0.31502103592706293,0.3254509771192138,0.09215868310302922,0.6830695767582285,0.7059941009054503,0.22107782641842982,
beryl,Bp,1,rollout,active,0.3140167739570258,0.30593818400069916,0.32227219368352267,0.08437205510704333,0.6993276064459115,0.7263866612851736,0.22107782641842982,
beryl,Bp,2,rollout,active,0.2605282142037724,0.23798283813594417,0.2941770536037994,0.07082880251509198,0.7141598996684415,0.7459005825424926,0.22107782641842982,
beryl,Bp,3,rollout,active,0.3111916835042303,0.2919557136846858,0.3437017833181217,0.08288488942847246,0.7020960835563218,0.73574046158436,0.22107782641842982,
beryl,Bp,5,rollout,active,0.3356515985623904,0.3112233265871555,0.3505257118446523,0.09419113295342015,0.6859987831858119,0.7087901635604513,0.22107782641842982,
beryl,Bp,10,rollout,active,0.34040999279970724,0.3102274711277824,0.35560804736978846,0.10035308850894466,0.676925921738,0.6995624759791937,0.22107782641842982,
beryl,C,1,rollout,active,0.8535264198289069,0.4894960442873878,1.0480772350109644,0.2386814122770016,0.4808239400187964,0.5338265246374624,0.22107782641842982,
beryl,C,2,rollout,active,0.7147777878442995,0.6345392776353783,0.769026901694757,0.20396135224082387,0.5377998682109805,0.5924942561247634,0.22107782641842982,
beryl,C,3,rollout,active,1.1896265879347163,0.4474593962190017,2.160790323507844,0.3074989972937463,0.5653113179083863,0.6119707028707877,0.22107782641842982,
beryl,C,5,rollout,active,0.46944441776161616,0.35234379121769843,0.5944682917387029,0.12603672305703587,0.608721508030883,0.6678876645533739,0.22107782641842982,
beryl,C,10,rollout,active,0.891474076120281,0.3810415690271675,1.843806205613581,0.2351206278649721,0.6050649319149423,0.6135466370236502,0.22107782641842982,
beryl,zero,0,rollout,land,0.17547814886687932,0.17547814886687932,0.17547814886687932,0.03915410678073788,0.36898594495348574,0.32019722126047484,0.14893932172457386,
beryl,B,1,rollout,land,0.21070427503597,0.191371149000229,0.22360288893184377,0.04294052277346522,0.46467717325903407,0.3901705858562939,0.14893932172457386,
beryl,B,2,rollout,land,0.21276417827822627,0.15806731684296682,0.24333224898602543,0.04515129043650452,0.4642246594828469,0.3831463485279151,0.14893932172457386,
beryl,B,3,rollout,land,0.1938226252948865,0.1604688572878904,0.23537663632531108,0.045965139286617614,0.43853675563500866,0.36194090858080813,0.14893932172457386,
beryl,B,5,rollout,land,0.20427488824750686,0.1864702442171348,0.22243923495372264,0.0472692684446523,0.4364136668494056,0.3647671921102118,0.14893932172457386,
beryl,B,10,rollout,land,0.21703310561910025,0.1991795926871407,0.22694948435102388,0.04793396741873481,0.4251705480519839,0.3665405115367393,0.14893932172457386,
beryl,Bp,1,rollout,land,0.19453672924874696,0.17998527195609626,0.21885955458698858,0.041418111391942285,0.456826696775731,0.3913268717055334,0.14893932172457386,
beryl,Bp,2,rollout,land,0.1561510938896338,0.133756453568982,0.19343951711733345,0.03577861443037117,0.47403554498723577,0.4179568841398065,0.14893932172457386,
beryl,Bp,3,rollout,land,0.1508290056759333,0.13608651721903506,0.17486479661944704,0.03660266741491446,0.44773924742267474,0.3993293878422146,0.14893932172457386,
beryl,Bp,5,rollout,land,0.19817861852267418,0.1754419328350382,0.22008758818283913,0.04556631492866511,0.43766544855599393,0.3761867976107378,0.14893932172457386,
beryl,Bp,10,rollout,land,0.1951750231268746,0.167663088026813,0.21313948097189528,0.04806389906751917,0.42118386879297337,0.3637068269946168,0.14893932172457386,
beryl,C,1,rollout,land,0.4949219753934255,0.18285246081622394,0.6709148537232695,0.10207829816964333,0.18216450115339286,0.13787011605240737,0.14893932172457386,
beryl,C,2,rollout,land,0.34842730682616346,0.24901636958875772,0.4447267445383389,0.07746127838314225,0.23939181825807307,0.19546849125061516,0.14893932172457386,
beryl,C,3,rollout,land,0.4391795603138184,0.21139931867419598,0.8038830905823098,0.08318291927830447,0.25111747071319507,0.20903544476265282,0.14893932172457386,
beryl,C,5,rollout,land,0.22026766154656882,0.1936142516951741,0.25166699017255145,0.047489523398136925,0.29240371121661995,0.26053823518482344,0.14893932172457386,
beryl,C,10,rollout,land,0.4311114273015999,0.2266781842013131,0.7983179517169648,0.093331105521954,0.36870077467316714,0.2873732118703132,0.14893932172457386,
