method,mode,mask,from_N,to_N,rmse_from,rmse_to,gain_pct_vs_zero,step_gain_pct
B,single,active,0,1,0.02043045152438646,0.019011890223088815,6.943367353405791,6.943367353405791
B,single,active,1,2,0.019011890223088815,0.018734420876177226,8.301483920630908,1.459451657124648
B,single,active,2,3,0.018734420876177226,0.0189819447875374,7.089939912096774,-1.3212253156697618
B,single,active,3,5,0.0189819447875374,0.01843618970785755,9.761222428924267,2.8751273159226924
B,single,active,5,10,0.01843618970785755,0.018600156240699255,8.958662913066332,-0.8893732134456359
Bp,single,active,0,1,0.02043045152438646,0.019282581900037243,5.618425138470789,5.618425138470789
Bp,single,active,1,2,0.019282581900037243,0.018951499441571592,7.238959359510691,1.7170027342915697
Bp,single,active,2,3,0.018951499441571592,0.01924704237636538,5.792378825345711,-1.5594699285138904
Bp,single,active,3,5,0.01924704237636538,0.018925582695293226,7.365812876416233,1.67017703180668
Bp,single,active,5,10,0.018925582695293226,0.018508015978699045,9.409657654373095,2.2063612165454196
C,single,active,0,1,0.02043045152438646,0.1091572905471641,-434.2872154189562,-434.2872154189562
C,single,active,1,2,0.1091572905471641,0.08312684946836375,-306.8772017551389,23.84672700130208
C,single,active,2,3,0.08312684946836375,0.07153501748730744,-250.13919003170773,13.94475076968713
C,single,active,3,5,0.07153501748730744,0.07072437717649281,-246.17138584565234,1.1332076782653453
C,single,active,5,10,0.07072437717649281,0.058438185815594325,-186.03472490972888,17.371932919590474
B,single,land,0,1,0.011254948802143427,0.010600586059920071,5.814000167630591,5.814000167630591
B,single,land,1,2,0.010600586059920071,0.010457239846249583,7.087628472747261,1.3522480064802114
B,single,land,2,3,0.010457239846249583,0.010396804274020894,7.624597350092839,0.5779304397456647
B,single,land,3,5,0.010396804274020894,0.010298742420538605,8.495875000539487,0.9431922627159696
B,single,land,5,10,0.010298742420538605,0.010179404333099412,9.556191573605249,1.1587636875080904
Bp,single,land,0,1,0.011254948802143427,0.01067246636083973,5.175345099684216,5.175345099684216
Bp,single,land,1,2,0.01067246636083973,0.010548776683006439,6.274325468299799,1.1589605781016379
Bp,single,land,2,3,0.010548776683006439,0.010488765291442317,6.8075255087361715,0.5688943217538888
Bp,single,land,3,5,0.010488765291442317,0.010437007996920893,7.267388058369159,0.49345459721224183
Bp,single,land,5,10,0.010437007996920893,0.010355601302564212,7.990684945700866,0.7799811438364053
C,single,land,0,1,0.011254948802143427,0.0721631931267472,-541.1685596739828,-541.1685596739828
C,single,land,1,2,0.0721631931267472,0.05383081134898308,-378.28570609518334,25.404061244303843
C,single,land,2,3,0.05383081134898308,0.047349670983086754,-320.70090069240774,12.0398340717537
C,single,land,3,5,0.047349670983086754,0.04182359242380548,-271.6018007637712,11.67078555045332
C,single,land,5,10,0.04182359242380548,0.03171911837506092,-181.82374644849764,24.159746839425527
B,rollout,active,0,1,0.29308520266082055,0.2528247226548521,13.73678358390573,13.73678358390573
B,rollout,active,1,2,0.2528247226548521,0.2576741023092672,12.08218635061343,-1.9180796891589103
B,rollout,active,2,3,0.2576741023092672,0.2583410267572575,11.854633256176882,-0.25882478759540395
B,rollout,active,3,5,0.2583410267572575,0.2505204950815232,14.522980755379976,3.0272124307544277
B,rollout,active,5,10,0.2505204950815232,0.25554966071942836,12.807040956220176,-2.007486707332511
Bp,rollout,active,0,1,0.29308520266082055,0.24919592452993258,14.97492119439405,14.97492119439405
Bp,rollout,active,1,2,0.24919592452993258,0.24236506211506623,17.305595808073377,2.741161368409882
Bp,rollout,active,2,3,0.24236506211506623,0.2568456035551974,12.364868228288627,-5.974681876076823
Bp,rollout,active,3,5,0.2568456035551974,0.25532298682206533,12.88438157093055,0.5928140143558538
Bp,rollout,active,5,10,0.25532298682206533,0.23905065071582965,18.436465387685782,6.373235840913878
C,rollout,active,0,1,0.29308520266082055,0.8213265882809703,-180.23475113189832,-180.23475113189832
C,rollout,active,1,2,0.8213265882809703,0.6783812178908496,-131.4621180912779,17.404205882254967
C,rollout,active,2,3,0.6783812178908496,3.1469178115529446,-973.7211510452086,-363.8863412723903
C,rollout,active,3,5,3.1469178115529446,0.7615794942696379,-159.84917947256207,75.79919337347381
C,rollout,active,5,10,0.7615794942696379,0.887391808474153,-202.7760529763446,-16.519918820184404
B,rollout,land,0,1,0.21912273371777938,0.18118220940229893,17.31473666458826,17.31473666458826
B,rollout,land,1,2,0.18118220940229893,0.17778361721225291,18.86573602115126,1.8757869225999677
B,rollout,land,2,3,0.17778361721225291,0.166053742491198,24.218843168930132,6.597837812609476
B,rollout,land,3,5,0.166053742491198,0.1724740071238686,21.28885752858137,-3.866377557260361
B,rollout,land,5,10,0.1724740071238686,0.1742656586944902,20.47121002107575,-1.038795120782965
Bp,rollout,land,0,1,0.21912273371777938,0.17320311935467966,20.956116046928383,20.956116046928383
Bp,rollout,land,1,2,0.17320311935467966,0.16604701222720006,24.22191462750668,4.1316271636110455
Bp,rollout,land,2,3,0.16604701222720006,0.1610756079301456,26.490690766205923,2.9939739537451833
Bp,rollout,land,3,5,0.1610756079301456,0.1709768547512979,21.972105837494386,-6.146956046533257
Bp,rollout,land,5,10,0.1709768547512979,0.15990054270077816,27.02694969718516,6.478252314695625
C,rollout,land,0,1,0.21912273371777938,0.34334870487446295,-56.69241572929684,-56.69241572929684
C,rollout,land,1,2,0.34334870487446295,0.3266763405620348,-49.08372810955336,4.855811038671014
C,rollout,land,2,3,0.3266763405620348,1.779194156810946,-711.9623768031623,-444.63514368683906
C,rollout,land,3,5,1.779194156810946,0.3897636436680727,-77.87458063117789,78.09324844194121
C,rollout,land,5,10,0.3897636436680727,0.3962529233251546,-80.83606233003248,-1.6649268761989124
