Method,N,Single-step active,Single-step land,Rollout active,Rollout land
Zero-shot (Exp 2),-,0.0204,0.0113,0.2931,0.2191
Full fine-tuning,1,0.0190,0.0106,0.2528,0.1812
Full fine-tuning,2,0.0187,0.0105,0.2577,0.1778
Full fine-tuning,3,0.0190,0.0104,0.2583,0.1661
Full fine-tuning,5,0.0184,0.0103,0.2505,0.1725
Full fine-tuning,10,0.0186,0.0102,0.2555,0.1743
Frozen encoder,1,0.0193,0.0107,0.2492,0.1732
Frozen encoder,2,0.0190,0.0105,0.2424,0.1660
Frozen encoder,3,0.0192,0.0105,0.2568,0.1611
Frozen encoder,5,0.0189,0.0104,0.2553,0.1710
Frozen encoder,10,0.0185,0.0104,0.2391,0.1599
From scratch,1,0.1092,0.0722,0.7502,0.3212
From scratch,2,0.0831,0.0538,0.6904,0.3495
From scratch,3,0.0715,0.0473,0.6321,0.3245
From scratch,5,0.0707,0.0418,0.6037,0.2646
From scratch,10,0.0584,0.0317,0.6137,0.2597
Persistence (h(t-1)),-,0.1017,0.0358,,
Exp 1 same-event model,-,0.0178,0.0101,,
