mae_active,rmse_active,bias_active,mae_land,rmse_land,bias_land,csi_0.1,land_area_km2_sfincs_gt0.1,land_area_km2_pred_gt0.1,csi_0.3,land_area_km2_sfincs_gt0.3,land_area_km2_pred_gt0.3,sid,event,config
0.20538362860679626,0.5233161550782772,0.052706316113471985,0.15302063524723053,0.45889521574735814,0.011177134700119495,0.5046540880503144,186.76,89.0,0.65919941241278,81.88,76.88,beryl_s005,beryl,zero
0.1735241413116455,0.5004737300111115,0.04201299697160721,0.12759263813495636,0.46589436237356247,-0.0013616707874462008,0.5211230648123852,183.76,77.28,0.7149011161151361,80.2,67.4,beryl_s006,beryl,zero
0.2501777410507202,0.5720534002469674,0.055251866579055786,0.20190171897411346,0.5362829362957253,0.01839982345700264,0.5435984308131241,307.8,182.0,0.6285434995112414,143.28,120.48,beryl_s024,beryl,zero
0.1741602122783661,0.3636665486984547,0.02132726088166237,0.1379421502351761,0.32140570868253154,-0.0054278504103422165,0.5761178861788618,260.24,157.44,0.6902949571836346,115.48,108.2,beryl_s037,beryl,zero
0.2170664519071579,0.4911925666582537,0.034368567168712616,0.1714114546775818,0.4385108880573419,-0.0039352974854409695,0.5091076545231273,260.36,126.84,0.6447761194029851,115.32000000000001,100.76,beryl_s041,beryl,zero
0.18974041938781738,0.41426705939747194,0.036058131605386734,0.159654900431633,0.39308304667052696,0.007146097254008055,0.6054469891237068,310.64,212.92000000000002,0.6876839007986549,147.16,131.96,beryl_s046,beryl,zero
0.20116671919822693,0.4252742892958168,0.046209052205085754,0.1640758514404297,0.3909613633583965,0.0075185876339674,0.5988229093464511,312.12,213.20000000000002,0.6802948129606452,148.28,132.36,beryl_s049,beryl,zero
0.15587472915649414,0.35266230054268466,0.007050651125609875,0.11042634397745132,0.2704202086119702,-0.02639397419989109,0.5352963867815353,192.24,82.68,0.7361669538579361,89.60000000000001,70.44,beryl_s059,beryl,zero
0.15872207283973694,0.3693069085540401,0.007053365930914879,0.11313851177692413,0.3059493532130322,-0.024959608912467957,0.524154902214739,190.76,77.28,0.7393162393162394,89.2,66.28,beryl_s063,beryl,zero
0.19309362769126892,0.4220359254503756,0.03510739281773567,0.15636830031871796,0.3820070280766061,0.0007519613136537373,0.5363976916067632,263.24,141.08,0.6716556087023607,119.32000000000001,111.36,beryl_s068,beryl,zero
0.19339454174041748,0.5442162194285216,0.110565684735775,0.16068901121616364,0.521393238860111,0.08998618274927139,0.6208430652875098,186.76,193.44,0.6545651166383439,81.88,143.88,beryl_s005,beryl,B_N1_s0
0.1670372635126114,0.47541896441044096,0.08023005723953247,0.1382744014263153,0.4641375812534691,0.06390154361724854,0.6217063261752757,183.76,172.36,0.6773874319643741,80.2,123.96000000000001,beryl_s006,beryl,B_N1_s0
0.16870656609535217,0.44822043464143785,0.06807099282741547,0.14011675119400024,0.43573236421781664,0.045154668390750885,0.6923076923076923,307.8,278.84000000000003,0.7059445178335535,143.28,170.64000000000001,beryl_s024,beryl,B_N1_s0
0.15652771294116974,0.4604486546283861,0.0828535333275795,0.14002415537834167,0.46739898369984867,0.07204195111989975,0.687040232494778,260.24,280.08,0.693815149409312,115.48,169.36,beryl_s037,beryl,B_N1_s0
0.16863881051540375,0.46950678131343354,0.07750305533409119,0.14804643392562866,0.46825607241005046,0.06877618283033371,0.6723111276516561,260.36,255.88,0.683044982698962,115.32000000000001,168.4,beryl_s041,beryl,B_N1_s0
0.14977142214775085,0.4148234145426554,0.07427995651960373,0.13419067859649658,0.41923808507833354,0.06285020709037781,0.7238421955403087,310.64,330.84000000000003,0.7272265277601321,147.16,194.0,beryl_s046,beryl,B_N1_s0
0.15667538344860077,0.3876757892291388,0.07452501356601715,0.1346876472234726,0.3800857431848907,0.060172226279973984,0.7217249796582588,312.12,331.56,0.7219634990560101,148.28,196.32,beryl_s049,beryl,B_N1_s0
0.16139060258865356,0.47935685654237126,0.08808490633964539,0.1450752317905426,0.48597047151007944,0.08345535397529602,0.6427337508097604,192.24,213.64000000000001,0.6777474195506983,89.60000000000001,149.84,beryl_s059,beryl,B_N1_s0
0.17583289742469788,0.6006205637550714,0.09315157681703568,0.156721830368042,0.6140463019353342,0.08818075805902481,0.6358426099415849,190.76,200.20000000000002,0.6814283486667706,89.2,139.44,beryl_s063,beryl,B_N1_s0
0.16231024265289307,0.4653616344720908,0.07688567042350769,0.14617545902729034,0.4709931740173006,0.07012923806905746,0.6680948040109389,263.24,266.0,0.6853137334966654,119.32000000000001,173.32,beryl_s068,beryl,B_N1_s0
0.20377568900585175,0.535877609170666,0.0941554605960846,0.15438586473464966,0.47995486028567785,0.046623844653367996,0.5443176299174356,186.76,119.28,0.6788958770090846,81.88,99.84,beryl_s005,beryl,B_N1_s1
0.18245530128479004,0.4236549374881542,0.0742061510682106,0.12965747714042664,0.32947897433559176,0.024798963218927383,0.551651614499567,183.76,115.2,0.6890605352972876,80.2,93.24,beryl_s006,beryl,B_N1_s1
0.20387980341911316,0.41798601854550227,0.09172499924898148,0.1528977006673813,0.32223069525829384,0.044443465769290924,0.6276310090948463,307.8,241.12,0.693785610176229,143.28,165.36,beryl_s024,beryl,B_N1_s1
0.20663592219352722,0.4359027843632807,0.11945059150457382,0.16340814530849457,0.3708307524531432,0.07773457467556,0.6482686053185384,260.24,226.32,0.6887137630171686,115.48,161.84,beryl_s037,beryl,B_N1_s1
0.20611292123794556,0.4341872841030981,0.10474216192960739,0.1642998456954956,0.36684051069834006,0.06317631155252457,0.60542695973546,260.36,197.24,0.6809510250569476,115.32000000000001,154.28,beryl_s041,beryl,B_N1_s1
0.19336368143558502,0.3994387402929203,0.10833185911178589,0.15087026357650757,0.32960626754422073,0.06809016317129135,0.6844901745804166,310.64,285.56,0.7259905116040518,147.16,188.6,beryl_s046,beryl,B_N1_s1
0.20002557337284088,0.4151554227600437,0.10756208747625351,0.15519285202026367,0.34082175024569006,0.06889989227056503,0.680549736026146,312.12,287.32,0.7232439335887612,148.28,188.76,beryl_s049,beryl,B_N1_s1
0.177982360124588,0.44086606887741947,0.08785838633775711,0.14256326854228973,0.39543813560098884,0.053349174559116364,0.5880294014700735,192.24,149.48,0.6993905452149564,89.60000000000001,120.4,beryl_s059,beryl,B_N1_s1
0.16664372384548187,0.3866185168480345,0.06521056592464447,0.1273786574602127,0.31650081195795976,0.027808906510472298,0.5685806374597111,190.76,132.12,0.6981035366478728,89.2,105.68,beryl_s063,beryl,B_N1_s1
0.21407373249530792,0.5397234007685261,0.11590788513422012,0.18042413890361786,0.5120588253287812,0.08401162177324295,0.6101048617731173,263.24,209.64000000000001,0.6831944444444444,119.32000000000001,162.76,beryl_s068,beryl,B_N1_s1
0.19986490905284882,0.569619314287519,0.10505684465169907,0.15423864126205444,0.525214220861478,0.06317254900932312,0.5884425651867512,186.76,151.52,0.6845117845117845,81.88,115.72,beryl_s005,beryl,B_N1_s2
0.19093728065490723,0.5689098909108159,0.09628602117300034,0.1454424113035202,0.5253383278713214,0.05260954424738884,0.5777804700751151,183.76,134.48,0.6955454226587162,80.2,103.88,beryl_s006,beryl,B_N1_s2
0.19164589047431946,0.49924653820730336,0.06303480267524719,0.15164321660995483,0.46301997131521805,0.022422298789024353,0.62179600494962,307.8,223.44,0.6834799340296867,143.28,144.04,beryl_s024,beryl,B_N1_s2
0.16251645982265472,0.49571326053144227,0.07081098109483719,0.1376662403345108,0.49007798590522844,0.043321393430233,0.6680092059838896,260.24,232.84,0.7054034048852702,115.48,142.68,beryl_s037,beryl,B_N1_s2
0.17934827506542206,0.49182945277665174,0.06958737969398499,0.14823034405708313,0.47484810746647704,0.04101048409938812,0.6274871396680578,260.36,207.64000000000001,0.6927374301675978,115.32000000000001,142.6,beryl_s041,beryl,B_N1_s2
0.16137894988059998,0.48435212194983995,0.06748179346323013,0.13802047073841095,0.479658664847436,0.039972346276044846,0.7014480408858603,310.64,285.64,0.7258517034068136,147.16,166.92000000000002,beryl_s046,beryl,B_N1_s2
0.1621447056531906,0.41986066048905624,0.06463058292865753,0.13346342742443085,0.40104621093894716,0.03357075899839401,0.6997964721845319,312.12,286.92,0.7243121095307723,148.28,167.96,beryl_s049,beryl,B_N1_s2
0.16495414078235626,0.49536410103151335,0.0706280991435051,0.13757286965847015,0.4838469503592011,0.05312364548444748,0.6317923763179237,192.24,168.4,0.7038065675543211,89.60000000000001,124.92,beryl_s059,beryl,B_N1_s2
0.15985073149204254,0.4769851413467536,0.06579576432704926,0.12984852492809296,0.46231378950468227,0.04009870067238808,0.6071937321937322,190.76,148.08,0.7148450800136193,89.2,111.08,beryl_s063,beryl,B_N1_s2
0.16116920113563538,0.45788476930173916,0.0513334684073925,0.13665872812271118,0.4507429038457287,0.03247721865773201,0.6400613967766692,263.24,217.88,0.7056239015817223,119.32000000000001,143.88,beryl_s068,beryl,B_N1_s2
0.21316374838352203,0.5601921139272853,0.12317322194576263,0.16249147057533264,0.5046928248905003,0.07883104681968689,0.5907036049611685,186.76,159.44,0.6746692797648212,81.88,125.60000000000001,beryl_s005,beryl,B_N2_s0
0.19984957575798035,0.5546429309293779,0.10567289590835571,0.14864927530288696,0.49970613646355505,0.05900396779179573,0.5825688073394495,183.76,137.92000000000002,0.6894755123306704,80.2,106.24000000000001,beryl_s006,beryl,B_N2_s0
0.20823997259140015,0.5242120775558452,0.10278626531362534,0.15833470225334167,0.46359062193463857,0.057072341442108154,0.6605947640430399,307.8,273.48,0.6884038916644755,143.28,167.72,beryl_s024,beryl,B_N2_s0
0.20080913603305817,0.5427275585691307,0.12835770845413208,0.16095854341983795,0.5061605395348965,0.08723381161689758,0.6700428871247377,260.24,269.12,0.6852545429324456,115.48,167.8,beryl_s037,beryl,B_N2_s0
0.20418401062488556,0.5305235430628923,0.11462152749300003,0.1618036925792694,0.4858391262625632,0.07723873108625412,0.6459528062423616,260.36,237.24,0.686615276804485,115.32000000000001,163.36,beryl_s041,beryl,B_N2_s0
0.1946505755186081,0.5289468725232824,0.12307015806436539,0.1553097516298294,0.4908794689354089,0.0835670754313469,0.7030405677877248,310.64,331.28000000000003,0.7090455396132253,147.16,198.08,beryl_s046,beryl,B_N2_s0
0.19953420758247375,0.5289074803383941,0.1210259348154068,0.15850351750850677,0.4875091256465315,0.08358339220285416,0.701494936505385,312.12,331.96,0.7098175499565595,148.28,200.08,beryl_s049,beryl,B_N2_s0
0.19501569867134094,0.5349246406902305,0.11372526735067368,0.15831358730793,0.5007582023093125,0.08393900096416473,0.6182307433568786,192.24,182.36,0.6849765258215963,89.60000000000001,138.4,beryl_s059,beryl,B_N2_s0
0.18926817178726196,0.5212109289329758,0.0899113342165947,0.1468573808670044,0.477075518562799,0.06082858517765999,0.6088620809650852,190.76,161.32,0.7023102310231023,89.2,120.76,beryl_s063,beryl,B_N2_s0
0.19298234581947327,0.512131701739214,0.09978160262107849,0.15598604083061218,0.4743404001231939,0.07025423645973206,0.6509215522830416,263.24,247.04,0.6894202697066593,119.32000000000001,164.04,beryl_s068,beryl,B_N2_s0
0.20772922039031982,0.5369837979807338,0.10749460011720657,0.15902146697044373,0.49098081497185625,0.07283078879117966,0.5926654326700601,186.76,161.20000000000002,0.669234551712834,81.88,122.84,beryl_s005,beryl,B_N2_s1
0.19545510411262512,0.5346124152079492,0.09339998662471771,0.14751218259334564,0.49200274951737955,0.05728325620293617,0.588369031949264,183.76,144.48,0.6782339804157361,80.2,107.92,beryl_s006,beryl,B_N2_s1
0.20117901265621185,0.5063880946220216,0.0991109237074852,0.15555539727210999,0.4621535759427253,0.06253521144390106,0.6732572877059569,307.8,281.6,0.7025816649104321,143.28,171.12,beryl_s024,beryl,B_N2_s1
0.20066553354263306,0.5303236329238322,0.12149496376514435,0.16268333792686462,0.5037002111699076,0.0896819680929184,0.6671484057447385,260.24,275.32,0.6816365890618542,115.48,170.16,beryl_s037,beryl,B_N2_s1
0.21297037601470947,0.5236797196695758,0.11346331238746643,0.17314280569553375,0.4903677421333313,0.0845312774181366,0.6407821229050279,260.36,241.8,0.6716541978387365,115.32000000000001,164.68,beryl_s041,beryl,B_N2_s1
0.19988349080085754,0.5207056776939626,0.12831266224384308,0.16333571076393127,0.4944776316976189,0.09633208066225052,0.7046861184792219,310.64,334.96,0.7116738727609636,147.16,204.44,beryl_s046,beryl,B_N2_s1
0.20660580694675446,0.5286258572177285,0.12660619616508484,0.16807664930820465,0.5011543001774701,0.09664253145456314,0.7027070318757008,312.12,335.56,0.7086913822735085,148.28,205.84,beryl_s049,beryl,B_N2_s1
0.20284444093704224,0.5427503924765072,0.11379397660493851,0.1670001745223999,0.5188596024611286,0.09181750565767288,0.6130847308031774,192.24,189.88,0.6720554272517321,89.60000000000001,142.16,beryl_s059,beryl,B_N2_s1
0.19111396372318268,0.521523867288714,0.0870618000626564,0.15035614371299744,0.4878047800976464,0.06389085948467255,0.6066988950276243,190.76,164.88,0.6901178010471204,89.2,121.36,beryl_s063,beryl,B_N2_s1
0.2044467180967331,0.5197160879632238,0.11276203393936157,0.16986392438411713,0.4944459555370001,0.09012848138809204,0.6547488082141547,263.24,256.04,0.6880207621909575,119.32000000000001,172.32,beryl_s068,beryl,B_N2_s1
0.18040499091148376,0.39417797963470064,0.07210061699151993,0.12593425810337067,0.30110572240942285,0.041171491146087646,0.6116504854368932,186.76,161.68,0.6909398814563928,81.88,114.84,beryl_s005,beryl,B_N2_s2
0.1691526472568512,0.3814253598060953,0.058178678154945374,0.11415315419435501,0.28267792508397477,0.02710629627108574,0.6070384802727715,183.76,141.44,0.7092691622103386,80.2,100.68,beryl_s006,beryl,B_N2_s2
0.18144111335277557,0.37981097051861307,0.040978871285915375,0.12797529995441437,0.2814119157364672,0.008307522162795067,0.6642047406389557,307.8,264.6,0.6849882612898771,143.28,142.08,beryl_s024,beryl,B_N2_s2
0.16845539212226868,0.3505795492929554,0.06415865570306778,0.12266852706670761,0.2710785787565351,0.03682185709476471,0.6751592356687898,260.24,273.44,0.696285506190823,115.48,147.64000000000001,beryl_s037,beryl,B_N2_s2
0.17424483597278595,0.3635341319544948,0.05572975426912308,0.12600991129875183,0.27763949149735173,0.030013034120202065,0.6535277516462841,260.36,240.0,0.698204826368452,115.32000000000001,143.64000000000001,beryl_s041,beryl,B_N2_s2
0.16483008861541748,0.3349500830800998,0.05515998229384422,0.12169266492128372,0.25763625142417257,0.027337005361914635,0.7114012325656828,310.64,330.84000000000003,0.7152987524622456,147.16,172.64000000000001,beryl_s046,beryl,B_N2_s2
0.15828287601470947,0.30221255406764713,0.040840283036231995,0.11766254901885986,0.23445360693326786,0.02042333409190178,0.7106775682020562,312.12,330.44,0.7193561155825307,148.28,170.28,beryl_s049,beryl,B_N2_s2
0.1602848768234253,0.3518568007630444,0.05896284803748131,0.11589022725820541,0.2762100244824837,0.0412256084382534,0.6457388939256573,192.24,185.92000000000002,0.7185430463576159,89.60000000000001,122.92,beryl_s059,beryl,B_N2_s2
0.15309692919254303,0.3374395107818709,0.04855835810303688,0.10871955007314682,0.26008502464994177,0.028696583583950996,0.6350799393161396,190.76,166.96,0.7287379972565158,89.2,111.4,beryl_s063,beryl,B_N2_s2
0.1751067340373993,0.4305431451999263,0.05718911439180374,0.13428179919719696,0.3858026324490125,0.03961287811398506,0.661248852157943,263.24,257.68,0.6991470290588405,119.32000000000001,148.12,beryl_s068,beryl,B_N2_s2
0.2131938487291336,0.5420856355840125,0.1095602884888649,0.1651783585548401,0.49863480291127743,0.07529550790786743,0.5814896328043554,186.76,156.64000000000001,0.6659042640091488,81.88,123.32000000000001,beryl_s005,beryl,B_N3_s0
0.2012050598859787,0.5374299215593784,0.09401149302721024,0.15239328145980835,0.4947067976638508,0.0580323189496994,0.5746932884291557,183.76,137.20000000000002,0.6810344827586207,80.2,107.12,beryl_s006,beryl,B_N3_s0
0.20741654932498932,0.5017798586941081,0.09205396473407745,0.15963928401470184,0.4529173995178166,0.05705635994672775,0.6546126095172651,307.8,260.0,0.6901260504201681,143.28,168.92000000000002,beryl_s024,beryl,B_N3_s0
0.20465809106826782,0.529542373213662,0.11218313127756119,0.16378824412822723,0.4988837614791228,0.08264298737049103,0.6635888826711435,260.24,250.52,0.6852961672473867,115.48,165.48,beryl_s037,beryl,B_N3_s0
0.2160302996635437,0.5257454574426522,0.10844852775335312,0.1742565929889679,0.490365534486809,0.08107815682888031,0.6314547342584725,260.36,228.20000000000002,0.6649690295939436,115.32000000000001,165.8,beryl_s041,beryl,B_N3_s0
0.20792023837566376,0.5261980720189382,0.12209998816251755,0.16920655965805054,0.4981673673117149,0.09362848103046417,0.69742789054154,310.64,312.88,0.704772475027747,147.16,203.08,beryl_s046,beryl,B_N3_s0
0.21063880622386932,0.5264611483937562,0.11242400854825974,0.16818498075008392,0.49170415688617336,0.08673210442066193,0.6958805186279337,312.12,311.8,0.7019443760767905,148.28,202.20000000000002,beryl_s049,beryl,B_N3_s0
0.20125102996826172,0.5223018784443777,0.09852751344442368,0.16275620460510254,0.49065207591009863,0.07947134226560593,0.60766092475068,192.24,172.48,0.6808610936517914,89.60000000000001,135.56,beryl_s059,beryl,B_N3_s0
0.1901676505804062,0.5044983434570994,0.07302230596542358,0.1488049328327179,0.46625529691774503,0.05314209312200546,0.5881669185167965,190.76,153.04,0.6892003297609234,89.2,117.88,beryl_s063,beryl,B_N3_s0
0.20499849319458008,0.43197490659565857,0.0921187549829483,0.16436751186847687,0.3750071019886378,0.0753541961312294,0.6457298209430955,263.24,236.24,0.6728328382392654,119.32000000000001,173.52,beryl_s068,beryl,B_N3_s0
0.1871281862258911,0.4117570255905632,0.0637221708893776,0.13098840415477753,0.31748871472650897,0.023121565580368042,0.5543665436654367,186.76,116.0,0.7002164502164502,81.88,92.48,beryl_s005,beryl,B_N3_s1
0.17858853936195374,0.3986297785029609,0.055490557104349136,0.1226169764995575,0.30221176205667377,0.013460719957947731,0.5453054013124684,183.76,103.32000000000001,0.7088323353293413,80.2,82.4,beryl_s006,beryl,B_N3_s1
0.20029501616954803,0.40374250056149313,0.07212004065513611,0.1459764540195465,0.30959224155401166,0.032265592366456985,0.6326904616458678,307.8,237.84,0.6873039683621983,143.28,148.96,beryl_s024,beryl,B_N3_s1
0.2015775889158249,0.41335239050662276,0.09536214172840118,0.1528853327035904,0.33994218059168585,0.062319088727235794,0.6495938843764931,260.24,227.56,0.6923299565846599,115.48,149.6,beryl_s037,beryl,B_N3_s1
0.20740793645381927,0.42543964594129086,0.08873967081308365,0.1589278280735016,0.35207731095893874,0.0570051446557045,0.6175462645647704,260.36,197.72,0.6837310195227766,115.32000000000001,147.72,beryl_s041,beryl,B_N3_s1
0.1948138177394867,0.3880425621549924,0.08990896493196487,0.14557459950447083,0.3067247918904971,0.058749910444021225,0.6873532371687353,310.64,291.44,0.7148028442146089,147.16,180.72,beryl_s046,beryl,B_N3_s1
0.19899046421051025,0.3990961059669023,0.08545174449682236,0.1474582701921463,0.31272397440878275,0.05553286895155907,0.6844485386483544,312.12,289.72,0.7093951093951094,148.28,180.32,beryl_s049,beryl,B_N3_s1
0.16885900497436523,0.3665023722314945,0.059375107288360596,0.12496009469032288,0.29512183366014544,0.03159814700484276,0.5898761572682457,192.24,133.96,0.726581403387487,89.60000000000001,107.32000000000001,beryl_s059,beryl,B_N3_s1
0.1648366004228592,0.3642014074443587,0.043634261935949326,0.11841126531362534,0.28426673364004834,0.015466516837477684,0.5754566629888439,190.76,120.56,0.728673835125448,89.2,94.0,beryl_s063,beryl,B_N3_s1
0.193018838763237,0.3909831598024865,0.07736185193061829,0.15052099525928497,0.3249433827736351,0.053496941924095154,0.6296655356277266,263.24,206.44,0.699540625897215,119.32000000000001,151.56,beryl_s068,beryl,B_N3_s1
0.19482861459255219,0.42351557068390455,0.061757177114486694,0.1330564320087433,0.31553569988296465,0.029892269521951675,0.5692418946607207,186.76,131.32,0.6894681595521344,81.88,101.68,beryl_s005,beryl,B_N3_s2
0.18919020891189575,0.41944503950604717,0.05761406570672989,0.12669189274311066,0.3093207283722468,0.025276625528931618,0.5656253858501049,183.76,120.72,0.6925845932325414,80.2,93.24,beryl_s006,beryl,B_N3_s2
0.20339103043079376,0.41328296765306033,0.0457843653857708,0.14274093508720398,0.30385590101409155,0.012875796295702457,0.6305263157894737,307.8,233.0,0.6678532311062432,143.28,141.28,beryl_s024,beryl,B_N3_s2
0.18169935047626495,0.36203128373983834,0.05550781637430191,0.1283535361289978,0.2675324836263783,0.03058825060725212,0.6585062637467725,260.24,230.76,0.690818421824582,115.48,142.92000000000002,beryl_s037,beryl,B_N3_s2
0.1956920176744461,0.3953707109831466,0.05489907041192055,0.13899099826812744,0.2938181584878094,0.029784901067614555,0.6200117370892019,260.36,199.44,0.684079236977256,115.32000000000001,141.04,beryl_s041,beryl,B_N3_s2
0.17807671427726746,0.3360697725273753,0.052123524248600006,0.12755678594112396,0.24814204639750614,0.03064808063209057,0.6958575887960854,310.64,290.68,0.7079853862212944,147.16,173.72,beryl_s046,beryl,B_N3_s2
0.18385569751262665,0.35289579302188107,0.047407541424036026,0.13111382722854614,0.2596139098368577,0.027034496888518333,0.6888721300486006,312.12,291.36,0.7022603273577552,148.28,173.16,beryl_s049,beryl,B_N3_s2
0.1737441122531891,0.3671754667237129,0.04704383388161659,0.1222643107175827,0.2801433647831831,0.03130916878581047,0.6104374702805516,192.24,146.92000000000002,0.7206580732700135,89.60000000000001,113.48,beryl_s059,beryl,B_N3_s2
0.1753549873828888,0.3813046424726069,0.0377330407500267,0.12008406221866608,0.28282982555070396,0.020429858937859535,0.5881928580016833,190.76,134.88,0.7230607230607231,89.2,100.8,beryl_s063,beryl,B_N3_s2
0.18138933181762695,0.35787533941075367,0.04098973050713539,0.1307213008403778,0.2686106248576424,0.02499612420797348,0.6350223257619879,263.24,207.8,0.6997959778490236,119.32000000000001,144.52,beryl_s068,beryl,B_N3_s2
0.19810013473033905,0.443960242849249,0.10359976440668106,0.1456751972436905,0.3626193870039586,0.05999621003866196,0.58462254274747,186.76,155.44,0.6781761110193293,81.88,121.72,beryl_s005,beryl,B_N5_s0
0.18721812963485718,0.4634833562060027,0.08755810558795929,0.13572145998477936,0.39421667566142793,0.040446486324071884,0.5617374328940947,183.76,125.52,0.6978109983982915,80.2,98.68,beryl_s006,beryl,B_N5_s0
0.2107727825641632,0.5064594306472849,0.11037461459636688,0.1630607545375824,0.45317389022961646,0.06638602167367935,0.6426564495530013,307.8,261.2,0.6931106471816284,143.28,173.04,beryl_s024,beryl,B_N5_s0
0.2114216536283493,0.548410424523159,0.12490294873714447,0.16941620409488678,0.5121424027635739,0.08633839339017868,0.6489095127610209,260.24,247.72,0.6816909294512878,115.48,162.36,beryl_s037,beryl,B_N5_s0
0.2138998955488205,0.46366412518357414,0.10947094857692719,0.16786669194698334,0.40064648735316644,0.07585276663303375,0.6235770063035093,260.36,227.20000000000002,0.6690528634361234,115.32000000000001,166.92000000000002,beryl_s041,beryl,B_N5_s0
0.20773036777973175,0.5350239646899333,0.1249954104423523,0.16651910543441772,0.49933212482680434,0.08884180337190628,0.6872441460618962,310.64,310.96,0.7040358744394619,147.16,197.32,beryl_s046,beryl,B_N5_s0
0.2071964591741562,0.507040066098055,0.1136338859796524,0.16276393830776215,0.46186293291885117,0.07924851775169373,0.6831238779174147,312.12,310.16,0.6970861748295102,148.28,196.48000000000002,beryl_s049,beryl,B_N5_s0
0.19685804843902588,0.5308799107213862,0.10510023683309555,0.15910270810127258,0.49874463939861297,0.07531517744064331,0.6002064930595389,192.24,163.0,0.6940514469453376,89.60000000000001,129.16,beryl_s059,beryl,B_N5_s0
0.1811160296201706,0.5088254148689089,0.07657598704099655,0.14128434658050537,0.4736831039068624,0.04306890070438385,0.5746590093323761,190.76,132.96,0.7138408304498269,89.2,104.32000000000001,beryl_s063,beryl,B_N5_s0
0.20644056797027588,0.5105978244537258,0.1048789694905281,0.16890186071395874,0.47484277781453116,0.07738922536373138,0.6233024257750305,263.24,227.32,0.6833747583540458,119.32000000000001,165.6,beryl_s068,beryl,B_N5_s0
0.19965599477291107,0.4409911914110519,0.10669863969087601,0.14652034640312195,0.3619374276384634,0.05756235122680664,0.5742447218010032,186.76,150.36,0.6749334221038615,81.88,117.96000000000001,beryl_s005,beryl,B_N5_s1
0.17826679348945618,0.4001363104188158,0.07957786321640015,0.12359194457530975,0.30726777242191133,0.0272283423691988,0.5703337453646478,183.76,121.68,0.7081669691470055,80.2,93.60000000000001,beryl_s006,beryl,B_N5_s1
0.20180892944335938,0.4028618831541762,0.09298186749219894,0.14937934279441833,0.31256630673297775,0.04258931800723076,0.6440430107526882,307.8,253.96,0.6834012353791563,143.28,166.4,beryl_s024,beryl,B_N5_s1
0.19589024782180786,0.40391829526798345,0.10727597773075104,0.15121686458587646,0.3317170221283085,0.06706719845533371,0.6486687767641035,260.24,245.44,0.6778242677824268,115.48,163.04,beryl_s037,beryl,B_N5_s1
0.20180410146713257,0.40955695052333907,0.10442981123924255,0.15735314786434174,0.3389536524022781,0.0636540949344635,0.6210326859308385,260.36,221.32,0.6707841776544067,115.32000000000001,163.48,beryl_s041,beryl,B_N5_s1
0.1916155219078064,0.38373702893396333,0.10667911916971207,0.14684443175792694,0.3051975611294197,0.06774096190929413,0.6909526959973536,310.64,304.52,0.6969246031746031,147.16,197.52,beryl_s046,beryl,B_N5_s1
0.19931679964065552,0.4099156524392961,0.1093188002705574,0.15280058979988098,0.33668971993494284,0.07163141667842865,0.6872694483154357,312.12,308.48,0.6970070205690356,148.28,200.16,beryl_s049,beryl,B_N5_s1
0.18442609906196594,0.42095745994086414,0.09652701765298843,0.14687702059745789,0.36831610570621914,0.0649346187710762,0.5993131081854608,192.24,163.84,0.6972034715525555,89.60000000000001,130.08,beryl_s059,beryl,B_N5_s1
0.16400361061096191,0.3719951924173474,0.05966341122984886,0.12155410647392273,0.29750813987019326,0.023983897641301155,0.5795112555675936,190.76,131.36,0.7191697191697192,89.2,102.36,beryl_s063,beryl,B_N5_s1
0.1954740732908249,0.40108563366476335,0.09784823656082153,0.1576632559299469,0.3402991674074436,0.06830335408449173,0.6378168747635263,263.24,226.64000000000001,0.6813698630136986,119.32000000000001,168.92000000000002,beryl_s068,beryl,B_N5_s1
0.21767914295196533,0.5567876354962783,0.09014476835727692,0.16373036801815033,0.5060568151432787,0.05651196464896202,0.5455956075435665,186.76,128.48,0.6668384879725086,81.88,103.48,beryl_s005,beryl,B_N5_s2
0.20667880773544312,0.5517014706793667,0.06910664588212967,0.1512977033853531,0.5003618699812776,0.03340224176645279,0.5224621494167287,183.76,104.24000000000001,0.6798903107861061,80.2,84.68,beryl_s006,beryl,B_N5_s2
0.22632239758968353,0.5188978031144253,0.08821164816617966,0.17410270869731903,0.4626610536309779,0.054148655384778976,0.6045271805628387,307.8,223.84,0.6800531914893617,143.28,159.4,beryl_s024,beryl,B_N5_s2
0.21131519973278046,0.46721767891250376,0.0910077765583992,0.16383501887321472,0.4111867457702755,0.06312263756990433,0.6207195910099353,260.24,209.12,0.6800057167357438,115.48,152.0,beryl_s037,beryl,B_N5_s2
0.23031844198703766,0.4965411016898601,0.09568388760089874,0.18148858845233917,0.43871837319514306,0.07058980315923691,0.5896395090364357,260.36,194.84,0.6653470945850417,115.32000000000001,153.12,beryl_s041,beryl,B_N5_s2
0.20802417397499084,0.45200888082408375,0.08966654539108276,0.16081182658672333,0.3928887007126019,0.06260646879673004,0.6600017089635136,310.64,263.72,0.6918767507002801,147.16,181.64000000000001,beryl_s046,beryl,B_N5_s2
0.22101476788520813,0.5342027369528218,0.09551802277565002,0.17353790998458862,0.49063186191245056,0.07053691893815994,0.6554878048780488,312.12,267.08,0.683377308707124,148.28,184.96,beryl_s049,beryl,B_N5_s2
0.20111453533172607,0.5257076556885821,0.07538818567991257,0.1563611477613449,0.4882518186529629,0.05507822707295418,0.5731678486997636,192.24,137.4,0.6944863415451651,89.60000000000001,112.12,beryl_s059,beryl,B_N5_s2
0.19332900643348694,0.5100492475332271,0.05143061280250549,0.1457223743200302,0.4651330496873115,0.02796848863363266,0.5370887459026344,190.76,112.96000000000001,0.7078291814946619,89.2,92.04,beryl_s063,beryl,B_N5_s2
0.21709641814231873,0.4863199854308647,0.0863875225186348,0.17340216040611267,0.44021739241781216,0.06808219850063324,0.6041646489104117,263.24,196.56,0.6862302483069977,119.32000000000001,156.04,beryl_s068,beryl,B_N5_s2
0.20322464406490326,0.48518475478502293,0.07789459824562073,0.14879995584487915,0.41961883284407225,0.04060644656419754,0.5438066465256798,186.76,121.52,0.6872021182700795,81.88,97.72,beryl_s005,beryl,B_N10_s0
0.19979172945022583,0.5310318794603393,0.06568071991205215,0.146292045712471,0.4803503378158323,0.0257489662617445,0.5153259101714,183.76,98.0,0.6906582136863696,80.2,79.76,beryl_s006,beryl,B_N10_s0
0.22306494414806366,0.5071169165565893,0.08952931314706802,0.1732720285654068,0.4540795452239582,0.05195315554738045,0.5980144561525733,307.8,223.48000000000002,0.6800428036383093,143.28,156.4,beryl_s024,beryl,B_N10_s0
0.20920059084892273,0.5018692965690393,0.09267517179250717,0.16475005447864532,0.46100192288245384,0.06208683177828789,0.6109300095877277,260.24,209.12,0.6908163265306122,115.48,145.76,beryl_s037,beryl,B_N10_s0
0.22791440784931183,0.5217381954861213,0.0980546846985817,0.18201500177383423,0.4781028781425362,0.0690077543258667,0.5813392512543419,260.36,192.48000000000002,0.6711505437893531,115.32000000000001,149.08,beryl_s041,beryl,B_N10_s0
0.2128492295742035,0.5040675961261133,0.10138627886772156,0.17056047916412354,0.46650056148884694,0.0729997307062149,0.656234182554412,310.64,271.96,0.6993755575379126,147.16,183.52,beryl_s046,beryl,B_N10_s0
0.21860677003860474,0.5079029992961036,0.1001049280166626,0.1743757575750351,0.46597666502964247,0.0732300728559494,0.6555686011405568,312.12,274.8,0.6976244629770028,148.28,186.4,beryl_s049,beryl,B_N10_s0
0.1924578845500946,0.5005458595665286,0.06677591055631638,0.14991043508052826,0.4644271007847927,0.04297768697142601,0.5580367805111058,192.24,126.92,0.7148566463944396,89.60000000000001,102.44,beryl_s059,beryl,B_N10_s0
0.18561723828315735,0.5020662569308227,0.04483624920248985,0.1408955156803131,0.4624723018345503,0.018237408250570297,0.5303161810291382,190.76,100.2,0.719728888074739,89.2,83.60000000000001,beryl_s063,beryl,B_N10_s0
0.2178855985403061,0.5066613083121148,0.09056704491376877,0.17776408791542053,0.4712615868567657,0.0695323571562767,0.5986676964664993,263.24,196.4,0.6828337104072398,119.32000000000001,154.0,beryl_s068,beryl,B_N10_s0
0.21067138016223907,0.5096922117033449,0.12050941586494446,0.15645168721675873,0.4312130401345403,0.06928499042987823,0.5722042513863216,186.76,154.88,0.6687387534761983,81.88,123.44,beryl_s005,beryl,B_N10_s1
0.19181381165981293,0.5108296133723124,0.08848325908184052,0.136234849691391,0.4359984023259839,0.03388826549053192,0.5499628988374969,183.76,114.84,0.7007788444122441,80.2,92.72,beryl_s006,beryl,B_N10_s1
0.2235218584537506,0.5202217713013353,0.10888440161943436,0.1698342263698578,0.44661832063273005,0.05876399576663971,0.6237955953200275,307.8,244.48000000000002,0.6695966907962771,143.28,170.68,beryl_s024,beryl,B_N10_s1
0.20554916560649872,0.4821925609647091,0.11947999149560928,0.1585676074028015,0.411804630298417,0.07392072677612305,0.6447306571401711,260.24,236.84,0.6771784232365146,115.48,166.84,beryl_s037,beryl,B_N10_s1
0.22810888290405273,0.5542440324223415,0.12999486923217773,0.18191476166248322,0.5022571676168952,0.08809911459684372,0.615931721194879,260.36,218.52,0.6740843123704215,115.32000000000001,166.44,beryl_s041,beryl,B_N10_s1
0.19688044488430023,0.4452386701763995,0.11299274861812592,0.15116046369075775,0.36733645354988725,0.06785787642002106,0.6838585639053749,310.64,292.40000000000003,0.6934729064039409,147.16,200.16,beryl_s046,beryl,B_N10_s1
0.21066319942474365,0.46734224777926536,0.1178027093410492,0.1629154086112976,0.39142835942364906,0.07650034129619598,0.6769790718835305,312.12,296.08,0.6853333333333333,148.28,205.16,beryl_s049,beryl,B_N10_s1
0.21844731271266937,0.588409476766161,0.13088339567184448,0.17850488424301147,0.5506517596003152,0.09578658640384674,0.5873157659669496,192.24,173.68,0.6711906230721777,89.60000000000001,141.12,beryl_s059,beryl,B_N10_s1
0.17539484798908234,0.45781900308770684,0.06589369475841522,0.12857340276241302,0.3864271785612853,0.025212617591023445,0.5711854103343466,190.76,123.44,0.7222907488986784,89.2,99.04,beryl_s063,beryl,B_N10_s1
0.22281771898269653,0.5615244176708744,0.12414760887622833,0.1820104867219925,0.5176775147580969,0.08959861099720001,0.6258999621068586,263.24,220.56,0.6815764352925133,119.32000000000001,171.20000000000002,beryl_s068,beryl,B_N10_s1
0.2165175974369049,0.5624121599844872,0.1177377849817276,0.16367124021053314,0.5101078312905607,0.0692845806479454,0.5556859523530102,186.76,140.76,0.6655529568994321,81.88,114.24000000000001,beryl_s005,beryl,B_N10_s2
0.19215813279151917,0.5276884324567527,0.07965872436761856,0.1359342336654663,0.46676659628920514,0.026956968009471893,0.5317250910918457,183.76,101.16,0.7051592475321289,80.2,83.32000000000001,beryl_s006,beryl,B_N10_s2
0.2330671101808548,0.5426005844436306,0.12059257924556732,0.18137574195861816,0.48487155878606847,0.07231511920690536,0.6083505866114561,307.8,235.24,0.6715718192472978,143.28,167.48,beryl_s024,beryl,B_N10_s2
0.2250393182039261,0.5557467776959846,0.13097764551639557,0.17885394394397736,0.5083105368578794,0.08589448034763336,0.6159847764034253,260.24,216.4,0.6725490196078432,115.48,159.48,beryl_s037,beryl,B_N10_s2
0.2432437539100647,0.5645035707751908,0.13880938291549683,0.19581979513168335,0.5169121735475362,0.09720426797866821,0.5961848723545601,260.36,209.68,0.6597327455572393,115.32000000000001,163.88,beryl_s041,beryl,B_N10_s2
0.2246389538049698,0.5528595099314909,0.1335521787405014,0.17963451147079468,0.5087653385298555,0.09048076719045639,0.6571741511500547,310.64,273.40000000000003,0.6896724181045262,147.16,190.68,beryl_s046,beryl,B_N10_s2
0.23202069103717804,0.5631894629427713,0.13142220675945282,0.18403786420822144,0.5151140535195732,0.08959659934043884,0.651690093708166,312.12,274.8,0.6836305101535414,148.28,192.88,beryl_s049,beryl,B_N10_s2
0.19628994166851044,0.5297358413989322,0.09859766811132431,0.1519099324941635,0.48554970700181094,0.05848926305770874,0.5764733671902681,192.24,138.96,0.7063665378800604,89.60000000000001,114.0,beryl_s059,beryl,B_N10_s2
0.182938814163208,0.5047231792284087,0.06592131406068802,0.13412997126579285,0.45155544179423085,0.02302408590912819,0.5396179913739988,190.76,106.28,0.724406595397717,89.2,88.76,beryl_s063,beryl,B_N10_s2
0.23144324123859406,0.5424424032603283,0.12971703708171844,0.18912461400032043,0.49934217641675865,0.09378708899021149,0.6097911477294501,263.24,206.16,0.684787130772431,119.32000000000001,163.92000000000002,beryl_s068,beryl,B_N10_s2
0.20796528458595276,0.46883759057541596,0.10720181465148926,0.1596200168132782,0.4007806122455339,0.08201557397842407,0.6093130779392338,186.76,195.32,0.6372772955687529,81.88,145.56,beryl_s005,beryl,Bp_N1_s0
0.1862233728170395,0.496489239554368,0.10088057070970535,0.1501511037349701,0.4778482866629058,0.07484600692987442,0.6047624473054575,183.76,176.96,0.6641332470892626,80.2,128.8,beryl_s006,beryl,Bp_N1_s0
0.18228906393051147,0.44826464890776563,0.07673222571611404,0.1458427906036377,0.42417546079810126,0.046722929924726486,0.6713191489361702,307.8,275.0,0.7012083004990807,143.28,172.20000000000002,beryl_s024,beryl,Bp_N1_s0
0.18231388926506042,0.3630817093917409,0.08579529076814651,0.1495591700077057,0.3294466683174881,0.07208177447319031,0.6693296602387512,260.24,264.24,0.6819181093707062,115.48,171.52,beryl_s037,beryl,Bp_N1_s0
0.18209567666053772,0.35817171736931,0.07158641517162323,0.14544904232025146,0.30745233515024634,0.057079337537288666,0.6659444182760245,260.36,244.32,0.6768890730763918,115.32000000000001,167.6,beryl_s041,beryl,Bp_N1_s0
0.17502884566783905,0.3334249045730354,0.07595664262771606,0.14319156110286713,0.2961199731389747,0.06264736503362656,0.700683633967548,310.64,312.6,0.7187223835374321,147.16,194.76,beryl_s046,beryl,Bp_N1_s0
0.17866428196430206,0.340905296274131,0.07525651901960373,0.1446087807416916,0.298848136127509,0.058887701481580734,0.6991528908627355,312.12,311.6,0.7193916349809886,148.28,191.72,beryl_s049,beryl,Bp_N1_s0
0.1773132085800171,0.3867385676115491,0.08077061921358109,0.14404892921447754,0.34411984743288704,0.07349870353937149,0.6330640818524502,192.24,211.6,0.660655737704918,89.60000000000001,153.48,beryl_s059,beryl,Bp_N1_s0
0.16879791021347046,0.4524478677230487,0.07732664048671722,0.14040608704090118,0.4399551805969837,0.06548891961574554,0.6223668247490901,190.76,194.92000000000002,0.6746612677153091,89.2,138.28,beryl_s063,beryl,Bp_N1_s0
0.177616149187088,0.35428266541409376,0.06760195642709732,0.14447961747646332,0.30685433409786184,0.059049203991889954,0.6711870704068363,263.24,253.76000000000002,0.6823433464727471,119.32000000000001,173.12,beryl_s068,beryl,Bp_N1_s0
0.18066036701202393,0.4476355930223198,0.0673258975148201,0.13058534264564514,0.34491230120343325,0.016570068895816803,0.5507282152554924,186.76,113.12,0.6862674793832915,81.88,91.72,beryl_s005,beryl,Bp_N1_s1
0.16750240325927734,0.42558908664727424,0.05193281173706055,0.1152079626917839,0.30904629711725456,0.0005317583563737571,0.5398929390772368,183.76,96.84,0.7140962485790072,80.2,79.04,beryl_s006,beryl,Bp_N1_s1
0.20435431599617004,0.44258899586429423,0.07667665928602219,0.15376266837120056,0.33464030416781354,0.028746923431754112,0.6074496056091148,307.8,223.16,0.6765698852126941,143.28,150.68,beryl_s024,beryl,Bp_N1_s1
0.1857883483171463,0.4295617362852482,0.0925065279006958,0.14382392168045044,0.34231572649121617,0.049473702907562256,0.6397181168640501,260.24,207.20000000000002,0.712002367914755,115.48,144.6,beryl_s037,beryl,Bp_N1_s1
0.19354625046253204,0.43341510719104864,0.08103326708078384,0.1514810174703598,0.34457013563756805,0.03639726713299751,0.586795618276917,260.36,180.12,0.6900697639899065,115.32000000000001,137.48,beryl_s041,beryl,Bp_N1_s1
0.1883050501346588,0.42430900475659566,0.09261659532785416,0.14798806607723236,0.34405150087860287,0.05039869248867035,0.6602932350167195,310.64,261.24,0.7238598810310641,147.16,171.84,beryl_s046,beryl,Bp_N1_s1
0.1947079747915268,0.432578791345991,0.09111477434635162,0.15246956050395966,0.3465029717175602,0.050347667187452316,0.6549463647199046,312.12,262.76,0.7169218688653317,148.28,173.84,beryl_s049,beryl,Bp_N1_s1
0.15759886801242828,0.39902790399889904,0.05580997094511986,0.11941689997911453,0.3171668505700219,0.016388757154345512,0.5832004904966278,192.24,121.52,0.7260176991150442,89.60000000000001,97.84,beryl_s059,beryl,Bp_N1_s1
0.15756075084209442,0.39655398102505557,0.045772090554237366,0.11788710951805115,0.3089353494012392,0.0066450536251068115,0.5622074402562207,190.76,113.84,0.719656283566058,89.2,92.4,beryl_s063,beryl,Bp_N1_s1
0.18550656735897064,0.4203264868128172,0.07972504943609238,0.1499718278646469,0.3480988791472317,0.04230814799666405,0.6008583690987125,263.24,190.56,0.7018669778296382,119.32000000000001,144.76,beryl_s068,beryl,Bp_N1_s1
0.2047414928674698,0.5916191239926398,0.11291061341762543,0.1538619101047516,0.5262968847682502,0.06524789333343506,0.598696682464455,186.76,150.28,0.6887350109778754,81.88,115.44,beryl_s005,beryl,Bp_N1_s2
0.19305601716041565,0.5717878080561356,0.09907905757427216,0.14648890495300293,0.5247704073555094,0.05460895970463753,0.5878048780487805,183.76,134.32,0.6991197183098592,80.2,103.2,beryl_s006,beryl,Bp_N1_s2
0.20108617842197418,0.5124315708310472,0.08446607738733292,0.153662770986557,0.45340734947342526,0.03660432994365692,0.6326907842619488,307.8,231.44,0.7030908096280087,143.28,152.20000000000002,beryl_s024,beryl,Bp_N1_s2
0.18700923025608063,0.5109768176505273,0.09536521881818771,0.148027241230011,0.47515034551304075,0.054470665752887726,0.6509452160493827,260.24,221.72,0.710913140311804,115.48,142.8,beryl_s037,beryl,Bp_N1_s2
0.19489751756191254,0.5179216348756478,0.08265937864780426,0.15468904376029968,0.4742049942597508,0.04438113421201706,0.6198646926169232,260.36,197.76,0.6934598843244847,115.32000000000001,138.8,beryl_s041,beryl,Bp_N1_s2
0.1779107302427292,0.46826644524629,0.08171223849058151,0.14069758355617523,0.4337198205535916,0.04186388477683067,0.681323390760264,310.64,271.28000000000003,0.7242347279775431,147.16,166.16,beryl_s046,beryl,Bp_N1_s2
0.16441351175308228,0.3394039839849552,0.0640442818403244,0.1252989023923874,0.26783972386092486,0.023696761578321457,0.6824632321321064,312.12,267.64,0.7354611847443874,148.28,162.36,beryl_s049,beryl,Bp_N1_s2
0.17596665024757385,0.5203799445014169,0.08136408776044846,0.14074580371379852,0.49117741843569596,0.05277533829212189,0.6188563327032136,192.24,153.12,0.708603761025129,89.60000000000001,118.44,beryl_s059,beryl,Bp_N1_s2
0.17377424240112305,0.509168007799226,0.0686194896697998,0.13795149326324463,0.48296324006361263,0.04137883707880974,0.5986402671755725,190.76,142.64000000000001,0.7073587160662456,89.2,108.16,beryl_s063,beryl,Bp_N1_s2
0.18542294204235077,0.5092617789482781,0.07402533292770386,0.14854151010513306,0.46940273923622505,0.04158702492713928,0.6294232649071358,263.24,200.8,0.7072703141129627,119.32000000000001,141.12,beryl_s068,beryl,Bp_N1_s2
0.16557073593139648,0.38666693569789035,0.03727961331605911,0.11849761754274368,0.29768821846769183,0.00936354510486126,0.5770622738050668,186.76,116.0,0.704248366013072,81.88,90.92,beryl_s005,beryl,Bp_N2_s0
0.16029365360736847,0.3774915600346303,0.034490372985601425,0.11197509616613388,0.28403222086978575,0.005950880236923695,0.5745947315096251,183.76,110.84,0.713276310896244,80.2,85.68,beryl_s006,beryl,Bp_N2_s0
0.16882437467575073,0.32086838544312724,0.033365342766046524,0.12918753921985626,0.25562453253600587,0.009719811379909515,0.6389011962782455,307.8,229.28,0.7159059087090451,143.28,144.20000000000002,beryl_s024,beryl,Bp_N2_s0
0.1400579810142517,0.27661808224981166,0.04782499000430107,0.11962013691663742,0.25842226920757194,0.02996605448424816,0.6651605932619585,260.24,215.16,0.734690776477739,115.48,138.52,beryl_s037,beryl,Bp_N2_s0
0.16276921331882477,0.3328622543861749,0.04660128802061081,0.13474687933921814,0.2990370837801758,0.02902708202600479,0.6348314606741573,260.36,188.76,0.7182906500984998,115.32000000000001,135.6,beryl_s041,beryl,Bp_N2_s0
0.1434306502342224,0.2633398962286927,0.0512995719909668,0.12100526690483093,0.2387915953147269,0.03186647966504097,0.6938494623655914,310.64,274.28000000000003,0.7497639282341831,147.16,169.04,beryl_s046,beryl,Bp_N2_s0
0.16334320604801178,0.3021012334428478,0.0618625208735466,0.13225196301937103,0.26148871895122977,0.03827473148703575,0.6874094280112523,312.12,276.96,0.7413333333333333,148.28,171.48,beryl_s049,beryl,Bp_N2_s0
0.12695667147636414,0.27774466977425444,0.0319499634206295,0.10569950938224792,0.2511670100398142,0.016799896955490112,0.6227405959941378,192.24,136.52,0.7467600700525394,89.60000000000001,106.72,beryl_s059,beryl,Bp_N2_s0
0.14126423001289368,0.30847731132239836,0.023745374754071236,0.11087824404239655,0.26627619298587013,0.0072269015945494175,0.5921650497359695,190.76,125.12,0.7313592579379237,89.2,96.4,beryl_s063,beryl,Bp_N2_s0
0.14633838832378387,0.29458657915362696,0.0398026742041111,0.1255345493555069,0.27177037832838524,0.026877308264374733,0.6500944615690564,263.24,197.84,0.7346724628991156,119.32000000000001,140.92000000000002,beryl_s068,beryl,Bp_N2_s0
0.20855854451656342,0.4611997296982699,0.09667748957872391,0.1585909128189087,0.3903974061073046,0.06721735745668411,0.5824553366926248,186.76,163.28,0.6483989166799426,81.88,129.36,beryl_s005,beryl,Bp_N2_s1
0.1928219050168991,0.5280602180457045,0.08802158385515213,0.15017125010490417,0.4913845148187363,0.056836433708667755,0.580679913813742,183.76,141.72,0.6699473952146615,80.2,110.8,beryl_s006,beryl,Bp_N2_s1
0.207081601023674,0.5042248470329881,0.09867086261510849,0.16293635964393616,0.461942777282952,0.061232734471559525,0.6527849185946872,307.8,261.0,0.7057735500066059,143.28,170.52,beryl_s024,beryl,Bp_N2_s1
0.16516858339309692,0.3222689144638454,0.0781855583190918,0.13565397262573242,0.28957453926977134,0.05249536409974098,0.6635966578047854,260.24,237.88,0.7041948969295084,115.48,154.76,beryl_s037,beryl,Bp_N2_s1
0.19647075235843658,0.5083617920182565,0.09313609451055527,0.16364538669586182,0.4837060986367889,0.06730611622333527,0.6343362491588965,260.36,217.0,0.6851378232452401,115.32000000000001,156.44,beryl_s041,beryl,Bp_N2_s1
0.1679553985595703,0.31209912730641476,0.08209018409252167,0.13959628343582153,0.27893528953767655,0.05692918598651886,0.6920244371913967,310.64,295.36,0.7337147315043557,147.16,183.56,beryl_s046,beryl,Bp_N2_s1
0.17148029804229736,0.31898284403853167,0.07979199290275574,0.1414608657360077,0.2826546540789595,0.055524375289678574,0.6909030267656133,312.12,296.32,0.7298413107986066,148.28,185.4,beryl_s049,beryl,Bp_N2_s1
0.17973315715789795,0.4971827617148399,0.08307505398988724,0.15043272078037262,0.47665208062152814,0.06661949306726456,0.6116504854368932,192.24,169.44,0.6875596563792555,89.60000000000001,132.08,beryl_s059,beryl,Bp_N2_s1
0.1710679531097412,0.49243143387925004,0.0662146657705307,0.14361818134784698,0.4838089011619078,0.051062650978565216,0.5980070339976553,190.76,151.76,0.7002843284830239,89.2,114.8,beryl_s063,beryl,Bp_N2_s1
0.18726253509521484,0.4970167430967611,0.08775187283754349,0.16021019220352173,0.4797070225659348,0.06763450056314468,0.643455098934551,263.24,225.08,0.6963077790304397,119.32000000000001,159.52,beryl_s068,beryl,Bp_N2_s1
0.17027398943901062,0.3926318364683437,0.051800280809402466,0.12364967167377472,0.31267469422000516,0.02770458161830902,0.6058429701765063,186.76,138.20000000000002,0.7044577044577045,81.88,103.96000000000001,beryl_s005,beryl,Bp_N2_s2
0.1538526713848114,0.4048599441571986,0.03639477491378784,0.11785762012004852,0.37397114335774606,0.020444713532924652,0.5968972851244839,183.76,124.08,0.7151736745886654,80.2,92.4,beryl_s006,beryl,Bp_N2_s2
0.15944406390190125,0.3088571497184273,0.013236455619335175,0.12058163434267044,0.24303079127720803,-0.005826366599649191,0.6485374362644244,307.8,226.64000000000001,0.7152015956688987,143.28,135.6,beryl_s024,beryl,Bp_N2_s2
0.1434500515460968,0.2810016847230555,0.026373310014605522,0.11298291385173798,0.23948077220724845,0.014139307662844658,0.6614964393717686,260.24,218.32,0.7301880974406414,115.48,130.76,beryl_s037,beryl,Bp_N2_s2
0.15720060467720032,0.3140470111847999,0.025449635460972786,0.122856006026268,0.25995870340906924,0.01320798322558403,0.6398925052254404,260.36,195.96,0.7207082371054657,115.32000000000001,129.08,beryl_s041,beryl,Bp_N2_s2
0.15059323608875275,0.28270229917474965,0.033261023461818695,0.12095607817173004,0.2448342746449917,0.018093300983309746,0.6957119532525565,310.64,275.96,0.7402899343544858,147.16,159.20000000000002,beryl_s046,beryl,Bp_N2_s2
0.1594543755054474,0.29814586714542773,0.03798230364918709,0.1254277527332306,0.24969464961775026,0.019970674067735672,0.6919661914112525,312.12,277.88,0.7362637362637363,148.28,161.0,beryl_s049,beryl,Bp_N2_s2
0.1323934644460678,0.2907115598076358,0.015362092293798923,0.10294503718614578,0.24496776684228994,0.014282057993113995,0.6416576054125891,192.24,148.56,0.7458630900539975,89.60000000000001,108.68,beryl_s059,beryl,Bp_N2_s2
0.15113618969917297,0.4410721333218681,0.030499737709760666,0.12302147597074509,0.4280145837324062,0.026287488639354706,0.6147897535041082,190.76,141.08,0.7266841644794401,89.2,102.88,beryl_s063,beryl,Bp_N2_s2
0.14376825094223022,0.2887061017951755,0.011467278935015202,0.1155039593577385,0.24410496130608897,0.009092556312680244,0.652380481045234,263.24,201.8,0.7323493609251369,119.32000000000001,133.44,beryl_s068,beryl,Bp_N2_s2
0.17545008659362793,0.3986441493115353,0.04858717694878578,0.12818051874637604,0.3175083379814359,0.02268422767519951,0.5751193828823313,186.76,125.08,0.6968999114260408,81.88,98.60000000000001,beryl_s005,beryl,Bp_N3_s0
0.1598065346479416,0.368485129185322,0.0317520797252655,0.11311516910791397,0.28486952458635717,0.006627616472542286,0.5706322057519321,183.76,109.4,0.7086497499536951,80.2,86.12,beryl_s006,beryl,Bp_N3_s0
0.18248143792152405,0.35006723764621095,0.049621593207120895,0.1443507969379425,0.2941526586411434,0.032750487327575684,0.6444188722669736,307.8,232.56,0.7196223316912972,143.28,156.68,beryl_s024,beryl,Bp_N3_s0
0.15991100668907166,0.324950842471645,0.0469292588531971,0.13375458121299744,0.29800761952219457,0.04035238176584244,0.664453773308601,260.24,219.0,0.7173234200743495,115.48,143.8,beryl_s037,beryl,Bp_N3_s0
0.17620831727981567,0.364763238889841,0.04727838188409805,0.14350539445877075,0.32145859531153553,0.037253789603710175,0.6352076296443473,260.36,195.32,0.7081410924244679,115.32000000000001,141.08,beryl_s041,beryl,Bp_N3_s0
0.1615801751613617,0.3085898044155508,0.04938671365380287,0.13524574041366577,0.27815135096319976,0.042105782777071,0.6863869863013699,310.64,274.52,0.7400558733537316,147.16,173.36,beryl_s046,beryl,Bp_N3_s0
0.173238143324852,0.3307488538599595,0.053883105516433716,0.14145410060882568,0.2879513707850044,0.04476674646139145,0.6854171993522543,312.12,276.16,0.7348824927383153,148.28,174.64000000000001,beryl_s049,beryl,Bp_N3_s0
0.1597990244626999,0.36436251661897023,0.039191704243421555,0.1255163699388504,0.3107714687442203,0.03071865253150463,0.6048175530646315,192.24,143.36,0.7200339558573854,89.60000000000001,112.96000000000001,beryl_s059,beryl,Bp_N3_s0
0.1444031149148941,0.32529314711992535,0.009077712893486023,0.11065252870321274,0.2718300903939448,0.00350149511359632,0.588810496348558,190.76,119.96000000000001,0.7331536388140162,89.2,93.92,beryl_s063,beryl,Bp_N3_s0
0.1656426042318344,0.33744254326345297,0.03718246519565582,0.13616280257701874,0.29541757468327406,0.03274965286254883,0.6436170212765957,263.24,201.48000000000002,0.7144323848635964,119.32000000000001,145.56,beryl_s068,beryl,Bp_N3_s0
0.18893472850322723,0.4862955908199021,0.043163154274225235,0.1390834003686905,0.43105086991380237,0.014189094305038452,0.5361990950226244,186.76,99.4,0.69236471460341,81.88,80.72,beryl_s005,beryl,Bp_N3_s1
0.16956700384616852,0.38049759314958687,0.02434576116502285,0.11566251516342163,0.28382311078482014,-0.006971730384975672,0.5312379234831894,183.76,89.0,0.7128789341571732,80.2,71.96000000000001,beryl_s006,beryl,Bp_N3_s1
0.20257826149463654,0.40158507464981064,0.05494523048400879,0.15145590901374817,0.3148500901237421,0.02692442573606968,0.6168555240793201,307.8,220.04,0.6932894195142034,143.28,147.6,beryl_s024,beryl,Bp_N3_s1
0.1903141587972641,0.392123838717231,0.0664205253124237,0.1451311707496643,0.32286734628581926,0.0422116294503212,0.6370239497447978,260.24,204.16,0.7031553761028861,115.48,137.4,beryl_s037,beryl,Bp_N3_s1
0.20399266481399536,0.4269673095262029,0.05919023975729942,0.15831534564495087,0.3603946894427424,0.03771747276186943,0.5952594363111244,260.36,177.64000000000001,0.6891649206824304,115.32000000000001,133.48,beryl_s041,beryl,Bp_N3_s1
0.19463138282299042,0.3874074704826403,0.07093415409326553,0.1493932008743286,0.3167971720792728,0.04743253439664841,0.6698585231193926,310.64,260.92,0.722422302254235,147.16,166.64000000000001,beryl_s046,beryl,Bp_N3_s1
0.18897248804569244,0.3599163434689886,0.05850148946046829,0.14632786810398102,0.2975049785309991,0.04236787557601929,0.6692723992784125,312.12,262.44,0.729744207847864,148.28,165.68,beryl_s049,beryl,Bp_N3_s1
0.17755773663520813,0.46543340455525867,0.03763238713145256,0.13630351424217224,0.4237082956097128,0.023401623591780663,0.5704689789936492,192.24,119.4,0.7194449386230208,89.60000000000001,94.32000000000001,beryl_s059,beryl,Bp_N3_s1
0.1760246753692627,0.46559967620506576,0.025894172489643097,0.13126809895038605,0.41475646763681295,0.010918701998889446,0.5541464627626508,190.76,106.52,0.718789866958265,89.2,85.36,beryl_s063,beryl,Bp_N3_s1
0.19650790095329285,0.41234292011344365,0.05348508805036545,0.15543992817401886,0.35197130407389193,0.03966836258769035,0.6089743589743589,263.24,186.64000000000001,0.6945545281080288,119.32000000000001,139.8,beryl_s068,beryl,Bp_N3_s1
0.17651522159576416,0.38604648122254004,0.036957111209630966,0.12224627286195755,0.2897787385416424,0.010585881769657135,0.5717485998755445,186.76,115.72,0.6996197718631179,81.88,90.92,beryl_s005,beryl,Bp_N3_s2
0.1684449166059494,0.37324265974467097,0.02834704890847206,0.11388300359249115,0.27420543549584736,0.001898380694910884,0.5616734486266531,183.76,104.76,0.7087633702383186,80.2,81.36,beryl_s006,beryl,Bp_N3_s2
0.18758828938007355,0.3587824480820907,0.028283298015594482,0.13830633461475372,0.2799213031964022,0.006245410535484552,0.6265434840543662,307.8,221.88,0.7080597848861573,143.28,143.16,beryl_s024,beryl,Bp_N3_s2
0.15800216794013977,0.2983223162040202,0.02096433937549591,0.11884983628988266,0.2406365738194272,0.009412496350705624,0.6362646068528421,260.24,197.96,0.7176744186046512,115.48,124.96000000000001,beryl_s037,beryl,Bp_N3_s2
0.17433230578899384,0.33692514620701874,0.02178083173930645,0.13172046840190887,0.27227408246281376,0.00955876149237156,0.608148893360161,260.36,176.32,0.7000307031010132,115.32000000000001,124.92,beryl_s041,beryl,Bp_N3_s2
0.1680256426334381,0.3090799921078744,0.03535638749599457,0.1288137435913086,0.2530346602708162,0.024410918354988098,0.6812472932005197,310.64,263.04,0.7289669142471303,147.16,162.24,beryl_s046,beryl,Bp_N3_s2
0.18094299733638763,0.33731921721382463,0.04059397056698799,0.13561813533306122,0.2679390216901024,0.026350880041718483,0.6733361957921855,312.12,264.6,0.7204301075268817,148.28,161.0,beryl_s049,beryl,Bp_N3_s2
0.15198259055614471,0.3127459066246188,0.012875182554125786,0.11044464260339737,0.24697227622972748,0.006621194537729025,0.5973391919931649,192.24,128.52,0.7333569405099151,89.60000000000001,99.28,beryl_s059,beryl,Bp_N3_s2
0.1579369753599167,0.33697444610621136,0.007025781087577343,0.11180154979228973,0.2609405656215372,-0.0022021220065653324,0.573982125124131,190.76,113.72,0.7264133793855663,89.2,87.96000000000001,beryl_s063,beryl,Bp_N3_s2
0.1669810563325882,0.3223397538897119,0.014752806164324284,0.1263437569141388,0.2589401431393283,0.007765132002532482,0.6181165203511573,263.24,182.84,0.7168141592920354,119.32000000000001,128.04,beryl_s068,beryl,Bp_N3_s2
0.21543198823928833,0.5792020675273857,0.11444098502397537,0.1628107875585556,0.5113327150837081,0.06823854148387909,0.5648801944669521,186.76,151.28,0.6639209225700164,81.88,119.44,beryl_s005,beryl,Bp_N5_s0
0.20086781680583954,0.5692205569232283,0.09242623299360275,0.14662785828113556,0.49772221842869024,0.044657494872808456,0.5529998783010831,183.76,123.96000000000001,0.6829311255945041,80.2,99.28,beryl_s006,beryl,Bp_N5_s0
0.23473410308361053,0.5707866573021637,0.13547788560390472,0.18476678431034088,0.5025473739911683,0.08772720396518707,0.6428692699490662,307.8,263.6,0.6915301944728761,143.28,182.88,beryl_s024,beryl,Bp_N5_s0
0.2083122283220291,0.5307272808414993,0.12914128601551056,0.16439978778362274,0.4665001176845657,0.08407707512378693,0.6466486938737567,260.24,245.56,0.6830936758341477,115.48,164.08,beryl_s037,beryl,Bp_N5_s0
0.22972843050956726,0.5835055018168745,0.12904122471809387,0.18509212136268616,0.5271507625164779,0.08915984630584717,0.6146943353897925,260.36,227.88,0.6638239339752408,115.32000000000001,165.84,beryl_s041,beryl,Bp_N5_s0
0.20903658866882324,0.4506665833658441,0.13459502160549164,0.16661347448825836,0.3677501988696448,0.09194480627775192,0.6834461940115852,310.64,312.0,0.7093889716840537,147.16,200.72,beryl_s046,beryl,Bp_N5_s0
0.2099674493074417,0.4466739699189064,0.13121561706066132,0.16763907670974731,0.3647497355376316,0.09021993726491928,0.6814080156084871,312.12,312.48,0.7063698206555349,148.28,200.88,beryl_s049,beryl,Bp_N5_s0
0.2105579972267151,0.5728271924404241,0.11643685400485992,0.16896460950374603,0.5225984089907952,0.08404844999313354,0.5929014084507043,192.24,170.52,0.6760761072988147,89.60000000000001,137.6,beryl_s059,beryl,Bp_N5_s0
0.19394761323928833,0.5414981106610278,0.07879321277141571,0.14802104234695435,0.48167051758842516,0.04503114894032478,0.5643552739645664,190.76,139.84,0.6934885290148448,89.2,109.68,beryl_s063,beryl,Bp_N5_s0
0.22544781863689423,0.5503742783860547,0.12999668717384338,0.1871156245470047,0.4985411675619,0.09814460575580597,0.627855563743552,263.24,240.92000000000002,0.6668008048289739,119.32000000000001,175.04,beryl_s068,beryl,Bp_N5_s0
0.18669863045215607,0.40511865564852156,0.053760506212711334,0.1336696296930313,0.3163574121436239,0.024589778855443,0.5553412105136243,186.76,126.52,0.6832690284110838,81.88,99.36,beryl_s005,beryl,Bp_N5_s1
0.18829405307769775,0.4992573370381904,0.053059518337249756,0.13778018951416016,0.4499334230006912,0.023360831663012505,0.5399102020453979,183.76,107.4,0.6989068000741152,80.2,83.88,beryl_s006,beryl,Bp_N5_s1
0.2066199779510498,0.39485049500422087,0.07414331287145615,0.1570482850074768,0.3135748343983831,0.04914211481809616,0.6363012523588952,307.8,252.52,0.6966631634261692,143.28,170.64000000000001,beryl_s024,beryl,Bp_N5_s1
0.18928872048854828,0.36160656960941323,0.07803519815206528,0.1500169336795807,0.31493595244130507,0.05903453007340431,0.6462340123164377,260.24,232.08,0.6937221663554087,115.48,153.4,beryl_s037,beryl,Bp_N5_s1
0.20292653143405914,0.3916254198307013,0.06902974843978882,0.16236050426959991,0.3400125919484753,0.05375959351658821,0.6044997606510292,260.36,207.28,0.6700665816687916,115.32000000000001,153.52,beryl_s041,beryl,Bp_N5_s1
0.19152231514453888,0.3434981521790966,0.08367551118135452,0.1530856192111969,0.2935575666281117,0.06526586413383484,0.6782990716180372,310.64,296.52,0.7006674222390127,147.16,190.32,beryl_s046,beryl,Bp_N5_s1
0.19387918710708618,0.347977215218714,0.0822107195854187,0.15397833287715912,0.29329896660025334,0.06443467736244202,0.6789165083821951,312.12,298.36,0.7043565852430118,148.28,190.44,beryl_s049,beryl,Bp_N5_s1
0.19029681384563446,0.5159022082240989,0.06394406408071518,0.15127824246883392,0.48968668426120104,0.050341956317424774,0.5729824561403509,192.24,143.0,0.7021204981487714,89.60000000000001,112.24000000000001,beryl_s059,beryl,Bp_N5_s1
0.18124820291996002,0.4905139263471164,0.03732813149690628,0.13718970119953156,0.44869949061894804,0.022087406367063522,0.5556500607533414,190.76,118.64,0.7131424506491197,89.2,93.4,beryl_s063,beryl,Bp_N5_s1
0.196353480219841,0.37861206835385186,0.06593887507915497,0.15910835564136505,0.33080643376661795,0.056882262229919434,0.6251666984187464,263.24,216.48000000000002,0.6768182450285078,119.32000000000001,160.28,beryl_s068,beryl,Bp_N5_s1
0.19795559346675873,0.44547638795064176,0.06967443227767944,0.1413305550813675,0.35430722306455853,0.031445953994989395,0.545108760251991,186.76,130.48,0.667355016348305,81.88,103.0,beryl_s005,beryl,Bp_N5_s2
0.18410034477710724,0.4268636159080354,0.05088512599468231,0.12608563899993896,0.3273055271134508,0.010757026262581348,0.5340909090909091,183.76,104.92,0.6928479024209943,80.2,83.52,beryl_s006,beryl,Bp_N5_s2
0.24179700016975403,0.5177477089525819,0.12225796282291412,0.19431738555431366,0.4625016388952497,0.08429447561502457,0.6203213125961374,307.8,247.92000000000002,0.6856217616580311,143.28,174.56,beryl_s024,beryl,Bp_N5_s2
0.20811039209365845,0.4351464859784527,0.11140188574790955,0.16483312845230103,0.37278766900495436,0.07537872344255447,0.642168902323824,260.24,232.4,0.6789503070910106,115.48,162.96,beryl_s037,beryl,Bp_N5_s2
0.22508682310581207,0.4695485554978196,0.0997871682047844,0.17927129566669464,0.4049954015445087,0.07234464585781097,0.6005132591958939,260.36,210.48000000000002,0.6592963426505354,115.32000000000001,159.28,beryl_s041,beryl,Bp_N5_s2
0.21906116604804993,0.5416405801289248,0.13571229577064514,0.18216384947299957,0.5122758888884851,0.09810441732406616,0.6719397051515653,310.64,294.12,0.7035326426164025,147.16,196.04,beryl_s046,beryl,Bp_N5_s2
0.2183416485786438,0.5360886177019198,0.12482164800167084,0.17951206862926483,0.503647881109675,0.08885598927736282,0.6655675541999835,312.12,293.36,0.6936085550857995,148.28,193.84,beryl_s049,beryl,Bp_N5_s2
0.18153011798858643,0.4123828032048588,0.06094393506646156,0.13900363445281982,0.3434935735372216,0.038338229060173035,0.5711801530257361,192.24,147.16,0.6914030147424217,89.60000000000001,116.16,beryl_s059,beryl,Bp_N5_s2
0.18136785924434662,0.49481252397748804,0.04324578493833542,0.13879133760929108,0.4486543594800226,0.01851368509232998,0.5372430471584039,190.76,115.04,0.6981232294617564,89.2,91.76,beryl_s063,beryl,Bp_N5_s2
0.21608614921569824,0.4607186664510245,0.0929252877831459,0.1763613373041153,0.4049255660172253,0.07267247885465622,0.6141546030844924,263.24,216.44,0.6730689512228825,119.32000000000001,162.32,beryl_s068,beryl,Bp_N5_s2
0.18318688869476318,0.3982272112211072,0.04125591740012169,0.12689246237277985,0.2991852352470793,0.004786754958331585,0.5247820672478207,186.76,100.28,0.696078431372549,81.88,82.16,beryl_s005,beryl,Bp_N10_s0
0.1781582087278366,0.3928134978360118,0.03486865013837814,0.12007454037666321,0.28908127499340613,-0.0030150767415761948,0.5192135835567471,183.76,89.52,0.7094165222414789,80.2,72.16,beryl_s006,beryl,Bp_N10_s0
0.2147999256849289,0.4172382661753002,0.0694233775138855,0.1629703938961029,0.33589949199918684,0.03799835592508316,0.6056105610561056,307.8,228.96,0.6905506458191706,143.28,151.36,beryl_s024,beryl,Bp_N10_s0
0.1989244818687439,0.4011250872865987,0.08516489714384079,0.15391774475574493,0.3375306541063617,0.0575803779065609,0.6314683979377507,260.24,220.56,0.7020870076425632,115.48,145.04,beryl_s037,beryl,Bp_N10_s0
0.2079629898071289,0.4246405531483919,0.0736987292766571,0.1630808413028717,0.3633900774519341,0.046273861080408096,0.5741948039311083,260.36,184.04,0.6846381093057607,115.32000000000001,138.16,beryl_s041,beryl,Bp_N10_s0
0.1924053430557251,0.3518040051416062,0.07888762652873993,0.15030810236930847,0.29444441580087144,0.057593390345573425,0.6688797377930918,310.64,280.96,0.718978102189781,147.16,177.64000000000001,beryl_s046,beryl,Bp_N10_s0
0.20319484174251556,0.3893556211667363,0.08143871277570724,0.154409721493721,0.3113851747957679,0.05627980828285217,0.6622389306599833,312.12,281.04,0.7121723332468206,148.28,176.76,beryl_s049,beryl,Bp_N10_s0
0.1608535200357437,0.3454046458743918,0.034239813685417175,0.1184205487370491,0.2780478579247475,0.010783836245536804,0.5595428290524763,192.24,112.64,0.7514609203798392,89.60000000000001,91.32000000000001,beryl_s059,beryl,Bp_N10_s0
0.1558055430650711,0.33566492146223725,0.01886666938662529,0.11130093038082123,0.25748575831825027,-0.007799133658409119,0.5414309065761348,190.76,96.88,0.747737556561086,89.2,78.88,beryl_s063,beryl,Bp_N10_s0
0.19996888935565948,0.4174926252481146,0.07542262971401215,0.16137970983982086,0.37026032651708884,0.05404917150735855,0.594900028977108,263.24,194.52,0.6964078794901506,119.32000000000001,146.44,beryl_s068,beryl,Bp_N10_s0
0.21603955328464508,0.5551011357122708,0.12453509867191315,0.15937598049640656,0.4672130389984711,0.06980927288532257,0.5588503649635036,186.76,157.24,0.6662305805396566,81.88,123.04,beryl_s005,beryl,Bp_N10_s1
0.20173372328281403,0.5239913263341652,0.10446307063102722,0.14357410371303558,0.426303429805791,0.049247052520513535,0.5543942992874109,183.76,137.04,0.6890698077256192,80.2,107.2,beryl_s006,beryl,Bp_N10_s1
0.22782792150974274,0.5255718632138523,0.11879271268844604,0.17157761752605438,0.4280842635736229,0.06593890488147736,0.6256997242877433,307.8,267.8,0.6598991172761665,143.28,180.6,beryl_s024,beryl,Bp_N10_s1
0.20942847430706024,0.46725586570318384,0.1362001895904541,0.15915673971176147,0.36243155974594843,0.08504892885684967,0.6524206094994052,260.24,259.28000000000003,0.672611809214971,115.48,177.0,beryl_s037,beryl,Bp_N10_s1
0.23716257512569427,0.5149702242706847,0.14689978957176208,0.1894151270389557,0.427599529967267,0.101386159658432,0.6177066077673476,260.36,240.04,0.6509134233518665,115.32000000000001,180.84,beryl_s041,beryl,Bp_N10_s1
0.20985047519207,0.45107241138816173,0.13693955540657043,0.160098597407341,0.3420751133749103,0.0868285745382309,0.6760608744665432,310.64,319.24,0.6883866314017792,147.16,211.92000000000002,beryl_s046,beryl,Bp_N10_s1
0.21082225441932678,0.4488811091794749,0.1331510841846466,0.1610667109489441,0.3391239688743684,0.08506946265697479,0.6748535195441047,312.12,319.84000000000003,0.6865350089766606,148.28,212.68,beryl_s049,beryl,Bp_N10_s1
0.21177153289318085,0.5157099998461543,0.1310543268918991,0.16801822185516357,0.44190037355055906,0.0898442342877388,0.5871772235709556,192.24,180.36,0.673983115886416,89.60000000000001,143.96,beryl_s059,beryl,Bp_N10_s1
0.1833946257829666,0.4518934933144021,0.09167446941137314,0.13669730722904205,0.3574524361687133,0.04697192460298538,0.57293820353779,190.76,154.28,0.7044098143236074,89.2,119.36,beryl_s063,beryl,Bp_N10_s1
0.22490744292736053,0.49737092145214273,0.13969731330871582,0.18289466202259064,0.41911067211340536,0.0994105264544487,0.6320080615610114,263.24,246.64000000000001,0.6598194426272406,119.32000000000001,185.44,beryl_s068,beryl,Bp_N10_s1
0.20806002616882324,0.497840033075835,0.09981721639633179,0.14853468537330627,0.3877702222606201,0.045479848980903625,0.547478793590952,186.76,135.96,0.6665533650577838,81.88,107.68,beryl_s005,beryl,Bp_N10_s2
0.1851368099451065,0.4560934376502017,0.0769231840968132,0.1248544231057167,0.3300033910671582,0.01804598607122898,0.539489972765536,183.76,111.0,0.6987708677306916,80.2,87.52,beryl_s006,beryl,Bp_N10_s2
0.22336848080158234,0.47606669336681445,0.10206395387649536,0.16776303946971893,0.36481973698258446,0.04784466698765755,0.6078684573002755,307.8,236.56,0.666357983860299,143.28,157.88,beryl_s024,beryl,Bp_N10_s2
0.21808047592639923,0.4881422048154517,0.1309698075056076,0.16831117868423462,0.3965314491944595,0.08035913109779358,0.6295183550840296,260.24,231.28,0.6799271606667601,115.48,161.56,beryl_s037,beryl,Bp_N10_s2
0.24660363793373108,0.5509166509457264,0.1394994854927063,0.19795142114162445,0.4719241677559037,0.09606540948152542,0.5968546944156701,260.36,215.20000000000002,0.6554610318331504,115.32000000000001,164.6,beryl_s041,beryl,Bp_N10_s2
0.22883690893650055,0.4874961143005575,0.14681926369667053,0.17966121435165405,0.3950025007349522,0.09681934118270874,0.6646054909720505,310.64,294.24,0.7010450360786266,147.16,197.08,beryl_s046,beryl,Bp_N10_s2
0.22540976107120514,0.4791331366598231,0.13575489819049835,0.17485925555229187,0.3799933891154806,0.08666238933801651,0.6613765315352356,312.12,293.32,0.6922219469903393,148.28,195.56,beryl_s049,beryl,Bp_N10_s2
0.18584473431110382,0.45667806896667934,0.08923251181840897,0.13877815008163452,0.3637895435856528,0.04518817365169525,0.5774367385192127,192.24,143.64000000000001,0.710429242119383,89.60000000000001,115.76,beryl_s059,beryl,Bp_N10_s2
0.1725073754787445,0.4308659614194191,0.06476480513811111,0.12378790974617004,0.3271446288933097,0.01738356612622738,0.5533486738524888,190.76,119.56,0.7203194321206744,89.2,95.88,beryl_s063,beryl,Bp_N10_s2
0.2514835000038147,0.6242917724641951,0.14669182896614075,0.2108374685049057,0.5772694969476154,0.11041276156902313,0.5980647562337179,263.24,221.08,0.6621805328983144,119.32000000000001,167.08,beryl_s068,beryl,Bp_N10_s2
0.7377681136131287,1.7939687356509486,0.6827228665351868,0.5328902006149292,1.4235074073746858,0.4859336316585541,0.37764222732214037,186.76,523.04,0.426391196013289,81.88,265.28000000000003,beryl_s005,beryl,C_N1_s0
0.7710112929344177,1.831947134465971,0.7228624224662781,0.5696383118629456,1.4805714094126938,0.5301068425178528,0.3565459610027855,183.76,587.5600000000001,0.4245553056634635,80.2,274.8,beryl_s006,beryl,C_N1_s0
0.7638095021247864,1.8341429641015439,0.6675993800163269,0.5440691113471985,1.423899191268094,0.4501146674156189,0.46134476292526116,307.8,580.6,0.4715297580719345,143.28,294.16,beryl_s024,beryl,C_N1_s0
0.7204416394233704,1.749936582909611,0.6432856917381287,0.532624363899231,1.4021515677640017,0.4628278315067291,0.4190196398454926,260.24,580.44,0.45059965733866364,115.48,291.72,beryl_s037,beryl,C_N1_s0
0.6878771185874939,1.7122395613853598,0.6011142134666443,0.4926908016204834,1.3359699284538695,0.41365382075309753,0.44066898298097873,260.36,515.5600000000001,0.46894662066166026,115.32000000000001,261.2,beryl_s041,beryl,C_N1_s0
0.7203965187072754,1.7484595785311563,0.6217083930969238,0.5265135169029236,1.3767730105570781,0.43202951550483704,0.45873092889104533,310.64,569.04,0.4838650193619768,147.16,294.12,beryl_s046,beryl,C_N1_s0
0.7203212976455688,1.7421133648198304,0.6193915009498596,0.5281299948692322,1.372599429639889,0.43299400806427,0.46098003629764067,312.12,580.04,0.4802523313219967,148.28,296.88,beryl_s049,beryl,C_N1_s0
0.6465742588043213,1.5588332019017548,0.5845093131065369,0.46668392419815063,1.1873640112044206,0.41869521141052246,0.38358767294103674,192.24,537.12,0.4382229501484287,89.60000000000001,270.04,beryl_s059,beryl,C_N1_s0
0.7325835824012756,1.6222771894815113,0.6766416430473328,0.5545409917831421,1.2795821901215894,0.5129328966140747,0.35650903581863436,190.76,609.44,0.4053576411496605,89.2,312.76,beryl_s063,beryl,C_N1_s0
0.6289811134338379,1.5382008094474777,0.537609338760376,0.44431740045547485,1.1364908783443193,0.36432525515556335,0.44362443624436243,263.24,519.96,0.47477804681194513,119.32000000000001,263.04,beryl_s068,beryl,C_N1_s0
0.6333882808685303,1.809112499726128,0.5421735644340515,0.42756888270378113,1.4521682752411207,0.3763308525085449,0.39381677941455395,186.76,492.48,0.5065121125293045,81.88,179.08,beryl_s005,beryl,C_N1_s1
0.6887887120246887,1.8766988927955799,0.60678631067276,0.46626368165016174,1.4763703729210682,0.42620739340782166,0.37236172281645025,183.76,573.32,0.4641570814453352,80.2,221.88,beryl_s006,beryl,C_N1_s1
0.8399704098701477,2.0883802700810326,0.7173109650611877,0.5961463451385498,1.6459827293046114,0.5067150592803955,0.4665753156503866,307.8,688.36,0.42853545950482586,143.28,335.36,beryl_s024,beryl,C_N1_s1
0.7537546753883362,1.8649236692012177,0.6521048545837402,0.5556504130363464,1.5223318544513353,0.4960058629512787,0.4169254275715905,260.24,687.08,0.39144763282694317,115.48,375.0,beryl_s037,beryl,C_N1_s1
0.668108344078064,1.8027673613402087,0.5557349324226379,0.4730214774608612,1.4759260500080895,0.39862751960754395,0.4369364646676452,260.36,633.52,0.47036997773772926,115.32000000000001,237.52,beryl_s041,beryl,C_N1_s1
0.8032707571983337,1.8899468364870207,0.6864611506462097,0.6050179600715637,1.5315556861861526,0.5280009508132935,0.45963176173937864,310.64,713.92,0.39884643114635904,147.16,426.92,beryl_s046,beryl,C_N1_s1
0.7886740565299988,1.8509024090591077,0.6671925783157349,0.59003084897995,1.4889714635780622,0.5111170411109924,0.46154949784791965,312.12,707.72,0.40285153124318035,148.28,421.08,beryl_s049,beryl,C_N1_s1
0.6040029525756836,1.7005786059299934,0.5086571574211121,0.4260435998439789,1.4089907119025151,0.3788008987903595,0.37140322670067083,192.24,594.6,0.5208490329063049,89.60000000000001,192.88,beryl_s059,beryl,C_N1_s1
0.6575636267662048,1.7622457785334107,0.5618112683296204,0.47365885972976685,1.4634305180206562,0.43242818117141724,0.3637998518988681,190.76,638.0,0.4579890546195944,89.2,252.24,beryl_s063,beryl,C_N1_s1
0.6473264098167419,1.7308973055622359,0.5351284146308899,0.4675745368003845,1.4345574059038007,0.39778831601142883,0.42596810933940776,263.24,686.04,0.48110675201321496,119.32000000000001,252.6,beryl_s068,beryl,C_N1_s1
0.21348990499973297,0.5563686991454286,0.08851417154073715,0.12274124473333359,0.3007758429124357,0.030642500147223473,0.4680480729382511,186.76,319.28000000000003,0.6228701914632004,81.88,86.68,beryl_s005,beryl,C_N1_s2
0.20081272721290588,0.5420570129473428,0.0760469064116478,0.11042965948581696,0.27847255875710114,0.021411435678601265,0.4708139439954282,183.76,334.72,0.6601793550849074,80.2,66.88,beryl_s006,beryl,C_N1_s2
0.26184600591659546,0.6101333145297766,0.04565078020095825,0.1754262000322342,0.38708816525881007,-0.019384175539016724,0.5015714676141022,307.8,369.0,0.5113513513513513,143.28,103.0,beryl_s024,beryl,C_N1_s2
0.22529086470603943,0.5515754586379363,0.03838144615292549,0.1401377022266388,0.3175570694798881,-0.019741062074899673,0.5105685983932611,260.24,312.12,0.5848137085363937,115.48,86.36,beryl_s037,beryl,C_N1_s2
0.23727034032344818,0.5613233001473416,0.06076525151729584,0.15130992233753204,0.3294914613861735,0.0015998318558558822,0.48880706921944034,260.36,345.84000000000003,0.5654364902919816,115.32000000000001,105.76,beryl_s041,beryl,C_N1_s2
0.26109257340431213,0.605404369711258,0.03727651759982109,0.17615056037902832,0.3869357754160164,-0.025732096284627914,0.5108304522683976,310.64,343.56,0.5220706260032103,147.16,106.64,beryl_s046,beryl,C_N1_s2
0.26328250765800476,0.6088895216086008,0.04240961745381355,0.17568959295749664,0.38234974463388244,-0.018761608749628067,0.5138841740783489,312.12,377.48,0.5245488322717622,148.28,110.0,beryl_s049,beryl,C_N1_s2
0.2218131422996521,0.5638430110843659,0.08479437232017517,0.12968111038208008,0.31634928954821845,0.03088306076824665,0.4777190955603235,192.24,321.6,0.6363636363636364,89.60000000000001,91.92,beryl_s059,beryl,C_N1_s2
0.22005125880241394,0.5624727166312233,0.08168796449899673,0.12542977929115295,0.30559747233200807,0.03253154829144478,0.4575408117418002,190.76,385.48,0.6712328767123288,89.2,80.08,beryl_s063,beryl,C_N1_s2
0.24090299010276794,0.5641418324419384,0.05990998446941376,0.15447205305099487,0.33694854271421015,0.0024495660327374935,0.49562917799162565,263.24,348.64,0.5779735682819384,119.32000000000001,108.92,beryl_s068,beryl,C_N1_s2
0.5016021728515625,1.2321293505261874,0.46317073702812195,0.35209769010543823,0.932312417085914,0.31896042823791504,0.4105121458728508,186.76,532.6,0.4928529238038984,81.88,221.16,beryl_s005,beryl,C_N2_s0
0.5136716961860657,1.2371651675668704,0.47817108035087585,0.3658805787563324,0.9370397051986671,0.33652639389038086,0.3971028092194006,183.76,566.4,0.4793596340766152,80.2,234.84,beryl_s006,beryl,C_N2_s0
0.500429630279541,1.2210998812884235,0.41838353872299194,0.34769535064697266,0.9014005378096324,0.2666175961494446,0.5063489490463068,307.8,604.6,0.5301590580458583,143.28,246.88,beryl_s024,beryl,C_N2_s0
0.4644191563129425,1.143005345531919,0.39834386110305786,0.31980767846107483,0.8298568517468572,0.26109403371810913,0.46509579387800043,260.24,601.52,0.5384091682741404,115.48,224.36,beryl_s037,beryl,C_N2_s0
0.4593682587146759,1.141112807514404,0.38879480957984924,0.316307008266449,0.8344800564011675,0.25113874673843384,0.4734168446573919,260.36,557.88,0.5313211845102506,115.32000000000001,220.12,beryl_s041,beryl,C_N2_s0
0.4633498191833496,1.1429341785354328,0.3719017505645752,0.31718170642852783,0.820614344987268,0.23066820204257965,0.5074252136752136,310.64,615.4,0.5485917007095248,147.16,226.52,beryl_s046,beryl,C_N2_s0
0.46333080530166626,1.1413214706417358,0.37163031101226807,0.3170880973339081,0.8169634233440544,0.23061642050743103,0.508462848626783,312.12,618.8000000000001,0.5471315845596076,148.28,229.52,beryl_s049,beryl,C_N2_s0
0.4407808184623718,1.1037352976781705,0.3886553645133972,0.3096393942832947,0.8244037279039677,0.2693721055984497,0.4259038786891409,192.24,515.28,0.5246161345357055,89.60000000000001,208.32,beryl_s059,beryl,C_N2_s0
0.4481389820575714,1.09123955724997,0.3975367248058319,0.3216761648654938,0.825137831117835,0.2840922772884369,0.414932754357397,190.76,544.96,0.5085894589225196,89.2,224.64000000000001,beryl_s063,beryl,C_N2_s0
0.43534016609191895,1.0925846672162005,0.35718977451324463,0.30162277817726135,0.7990204145182245,0.2322385013103485,0.48036006546644844,263.24,547.08,0.5478119935170178,119.32000000000001,212.92000000000002,beryl_s068,beryl,C_N2_s0
0.30292820930480957,0.7900076563999938,0.1996525228023529,0.23305527865886688,0.6997924700691066,0.18725068867206573,0.4147520360193339,186.76,465.28000000000003,0.5802127349555588,81.88,150.28,beryl_s005,beryl,C_N2_s1
0.2948576807975769,0.77011578929733,0.19280396401882172,0.22382721304893494,0.6837760376041229,0.17837488651275635,0.424333937319643,183.76,462.52,0.5956808638272345,80.2,143.64000000000001,beryl_s006,beryl,C_N2_s1
0.39020583033561707,0.9065954680690811,0.22990058362483978,0.30260005593299866,0.7822960169543544,0.1831102818250656,0.49293369450005886,307.8,503.6,0.5001656177542233,143.28,198.08,beryl_s024,beryl,C_N2_s1
0.43478924036026,1.0823611948654344,0.3088160753250122,0.33499932289123535,0.9585464027846486,0.25693848729133606,0.4692985119951412,260.24,504.72,0.5296923443834963,115.48,195.20000000000002,beryl_s037,beryl,C_N2_s1
0.34444528818130493,0.8585784360695872,0.2046382576227188,0.26753896474838257,0.7567098754799932,0.183523029088974,0.4697025792916204,260.36,489.64,0.545727136431784,115.32000000000001,177.68,beryl_s041,beryl,C_N2_s1
0.49834463000297546,1.1496142428024958,0.35779479146003723,0.3931922912597656,1.0144193647660436,0.29307612776756287,0.49659408151870466,310.64,558.8000000000001,0.4799764428739694,147.16,253.48000000000002,beryl_s046,beryl,C_N2_s1
0.5071635246276855,1.1560745867452833,0.36912602186203003,0.3988499343395233,1.0134464330253568,0.30469444394111633,0.49323593073593075,312.12,588.96,0.4816487317448117,148.28,266.12,beryl_s049,beryl,C_N2_s1
0.3385520577430725,0.9252594910547574,0.2160278558731079,0.2578290104866028,0.8245709134195274,0.20515839755535126,0.44794520547945205,192.24,408.40000000000003,0.6007225433526011,89.60000000000001,151.68,beryl_s059,beryl,C_N2_s1
0.3457143306732178,0.9178960384794423,0.22352847456932068,0.26110151410102844,0.8073564851534719,0.20947454869747162,0.4190555413360635,190.76,493.64,0.6023764671786698,89.2,151.08,beryl_s063,beryl,C_N2_s1
0.3673100471496582,0.9282073436050053,0.2181369513273239,0.2842418849468231,0.821239474822091,0.19664354622364044,0.47685126781884696,263.24,470.6,0.5528798411122146,119.32000000000001,179.04,beryl_s068,beryl,C_N2_s1
0.33138328790664673,0.8826028122289687,0.269169420003891,0.14834284782409668,0.38870164654963246,0.08266205340623856,0.5092008412197687,186.76,299.44,0.6573645970937912,81.88,116.92,beryl_s005,beryl,C_N2_s2
0.32803410291671753,0.8739587594928163,0.26713046431541443,0.14630281925201416,0.38762016414791634,0.08218821883201599,0.5080010609141543,183.76,295.8,0.661376545272302,80.2,114.92,beryl_s006,beryl,C_N2_s2
0.3940272331237793,0.9537867242202416,0.24006307125091553,0.20216210186481476,0.44774738629637423,0.0341053307056427,0.5189636559913638,307.8,333.72,0.5391184227050106,143.28,144.24,beryl_s024,beryl,C_N2_s2
0.3616810739040375,0.9070686227195511,0.23798257112503052,0.17848217487335205,0.42329260510187733,0.04515432193875313,0.5121044303797468,260.24,301.56,0.5936570862239842,115.48,132.04,beryl_s037,beryl,C_N2_s2
0.37096738815307617,0.9334354161009947,0.2598700523376465,0.18106208741664886,0.4318930701549536,0.06167715787887573,0.5235953342990013,260.36,336.32,0.6028860829748856,115.32000000000001,144.04,beryl_s041,beryl,C_N2_s2
0.39361047744750977,0.9406932854036727,0.23559080064296722,0.2089991569519043,0.45564193013187654,0.03744802251458168,0.5136511529212052,310.64,342.64,0.5360999878655502,147.16,156.48,beryl_s046,beryl,C_N2_s2
0.3935157060623169,0.93716392206147,0.23940588533878326,0.20945408940315247,0.4552040285165003,0.04251720756292343,0.5164345403899722,312.12,356.2,0.5391189215214252,148.28,160.48,beryl_s049,beryl,C_N2_s2
0.33392640948295593,0.8862059055102912,0.26321637630462646,0.1552872210741043,0.4176218510412147,0.0827711746096611,0.5153893641414586,192.24,292.36,0.6653322658126501,89.60000000000001,123.72,beryl_s059,beryl,C_N2_s2
0.33445674180984497,0.8799265078401567,0.2695823907852173,0.1569567173719406,0.41935521297288425,0.0912327840924263,0.5103880494505495,190.76,310.24,0.6749161743573368,89.2,127.72,beryl_s063,beryl,C_N2_s2
0.37302255630493164,0.9352448839158606,0.2571428418159485,0.18510009348392487,0.44525512400864214,0.061684153974056244,0.5252277773524232,263.24,330.88,0.6055563196259112,119.32000000000001,144.92000000000002,beryl_s068,beryl,C_N2_s2
0.22454677522182465,0.519806274963777,0.13379448652267456,0.14375777542591095,0.35142226348380395,0.07961694151163101,0.5025040243248077,186.76,282.76,0.6367932214437021,81.88,118.16,beryl_s005,beryl,C_N3_s0
0.2327558696269989,0.5298023978841192,0.14526718854904175,0.1538359373807907,0.3644204786725047,0.09836848825216293,0.5045021867764342,183.76,315.36,0.6057238544679555,80.2,139.68,beryl_s006,beryl,C_N3_s0
0.36638954281806946,0.7382720942465129,0.2650756239891052,0.24681930243968964,0.47069510773914874,0.15688113868236542,0.5257300952966493,307.8,482.12,0.5228091236494598,143.28,263.0,beryl_s024,beryl,C_N3_s0
0.31642040610313416,0.6535292560787769,0.21257929503917694,0.21595317125320435,0.45147176426812713,0.13099244236946106,0.5059456398640997,260.24,388.12,0.5557968391844613,115.48,197.8,beryl_s037,beryl,C_N3_s0
0.29014652967453003,0.6200283444954287,0.1768484115600586,0.18746206164360046,0.39884239660075566,0.09201857447624207,0.5046018991964938,260.36,360.92,0.5689477746333934,115.32000000000001,170.16,beryl_s041,beryl,C_N3_s0
0.3988986611366272,0.7815576021478704,0.29123613238334656,0.276956707239151,0.5318432815493154,0.18041129410266876,0.5154569892473119,310.64,478.84000000000003,0.5130009775171066,147.16,269.36,beryl_s046,beryl,C_N3_s0
0.3945145010948181,0.7763564988452326,0.28760573267936707,0.27186790108680725,0.524955762954425,0.1787489950656891,0.5223135464231354,312.12,485.32,0.5241100483187062,148.28,267.36,beryl_s049,beryl,C_N3_s0
0.24768248200416565,0.5575479767693587,0.15457020699977875,0.15924468636512756,0.3766876789048729,0.09429767727851868,0.5012008920912678,192.24,305.12,0.6362231494359449,89.60000000000001,131.52,beryl_s059,beryl,C_N3_s0
0.26078417897224426,0.5648129500888824,0.16580776870250702,0.17669594287872314,0.39643491172734235,0.11937183886766434,0.5005254223587422,190.76,349.08,0.5992641856516202,89.2,160.4,beryl_s063,beryl,C_N3_s0
0.3103832006454468,0.6526059034409135,0.19867248833179474,0.20327480137348175,0.42714167861829194,0.1096632182598114,0.5059404523332379,263.24,375.68,0.5606079327814161,119.32000000000001,183.32,beryl_s068,beryl,C_N3_s0
0.9228774905204773,2.918736485079438,0.8551155924797058,0.3542117178440094,1.2943765782375989,0.28877320885658264,0.45534327430879157,186.76,360.08,0.5496585088218554,81.88,151.20000000000002,beryl_s005,beryl,C_N3_s1
0.9066445231437683,2.9182785091739336,0.832873523235321,0.3178403675556183,1.2263182756139166,0.24684962630271912,0.4702585125073203,183.76,316.48,0.5849378881987578,80.2,125.56,beryl_s006,beryl,C_N3_s1
1.147202968597412,3.2990090215516763,0.989374577999115,0.44830113649368286,1.4454255259349094,0.2825828492641449,0.4860236220472441,307.8,395.36,0.4676088185415489,143.28,173.36,beryl_s024,beryl,C_N3_s1
1.0039690732955933,3.020921753789375,0.8799777030944824,0.4078655242919922,1.4358175348875981,0.2780803143978119,0.4777458986242919,260.24,340.52,0.5326844666578981,115.48,147.96,beryl_s037,beryl,C_N3_s1
1.0734280347824097,3.100043151256526,0.9639739394187927,0.46833881735801697,1.5188024847137342,0.3555828332901001,0.46963616907437133,260.36,415.88,0.4955082742316785,115.32000000000001,188.08,beryl_s041,beryl,C_N3_s1
1.1195873022079468,3.1904193856139473,0.9633051156997681,0.4780934453010559,1.5363404229994615,0.31254902482032776,0.4907788244659679,310.64,385.52,0.48003609293931876,147.16,175.04,beryl_s046,beryl,C_N3_s1
1.1371947526931763,3.2176440035471043,0.978557825088501,0.48830217123031616,1.5659325571190108,0.3228859305381775,0.49625836943678614,312.12,396.92,0.48228060368921183,148.28,179.4,beryl_s049,beryl,C_N3_s1
0.9600791931152344,2.957582809839484,0.8861432671546936,0.4057968258857727,1.4924998146262918,0.3335930109024048,0.4621132985134592,192.24,332.88,0.5639298245614035,89.60000000000001,153.44,beryl_s059,beryl,C_N3_s1
0.9971022605895996,3.022550402397698,0.9205442667007446,0.41014564037323,1.5108393826409632,0.33718302845954895,0.4667254650416934,190.76,338.24,0.5791226292167366,89.2,144.4,beryl_s063,beryl,C_N3_s1
1.0473332405090332,3.0631115753405274,0.9327598214149475,0.4603441655635834,1.5363128357846774,0.34249281883239746,0.4730616709968549,263.24,395.84000000000003,0.5100791936645068,119.32000000000001,181.4,beryl_s068,beryl,C_N3_s1
0.44196081161499023,1.2550715503119312,0.39314737915992737,0.18384502828121185,0.5239981488317826,0.13268715143203735,0.5261375477596387,186.76,313.52,0.653253693806979,81.88,136.16,beryl_s005,beryl,C_N3_s2
0.3901233673095703,1.179354900139378,0.33026203513145447,0.15673640370368958,0.4952289823186599,0.0946548581123352,0.5614467330245393,183.76,247.28,0.6917538145036859,80.2,111.88,beryl_s006,beryl,C_N3_s2
0.5084162354469299,1.3831751230793679,0.37461403012275696,0.2256935089826584,0.5720921205057032,0.08172527700662613,0.53896933560477,307.8,356.72,0.5562537764350454,143.28,169.16,beryl_s024,beryl,C_N3_s2
0.43564286828041077,1.239868889918878,0.33108070492744446,0.19563543796539307,0.5291113975200188,0.08537504822015762,0.5433614119534698,260.24,306.56,0.6210953915114161,115.48,144.72,beryl_s037,beryl,C_N3_s2
0.5210183262825012,1.386979856772051,0.43075814843177795,0.23314489424228668,0.6206228946233826,0.13569605350494385,0.5319067925677734,260.36,341.6,0.5985952822687517,115.32000000000001,164.48,beryl_s041,beryl,C_N3_s2
0.48792171478271484,1.3284223823886123,0.35622870922088623,0.2295314073562622,0.5636495716480898,0.08912265300750732,0.5429095268316761,310.64,361.84000000000003,0.56738768718802,147.16,177.64000000000001,beryl_s046,beryl,C_N3_s2
0.48957061767578125,1.3318775394649252,0.3596108853816986,0.23219996690750122,0.5744859000438752,0.09429927915334702,0.5463520515333987,312.12,368.56,0.5726445206289159,148.28,181.12,beryl_s049,beryl,C_N3_s2
0.44447195529937744,1.237676772709843,0.3911134600639343,0.1984940618276596,0.5721710426624156,0.1424664705991745,0.5319353429445173,192.24,306.36,0.6581562452224431,89.60000000000001,141.52,beryl_s059,beryl,C_N3_s2
0.3983670175075531,1.1702561347608222,0.33697155117988586,0.17624394595623016,0.5507105625240224,0.11365440487861633,0.5602148511119487,190.76,268.8,0.6924075275794939,89.2,125.36,beryl_s063,beryl,C_N3_s2
0.5206432342529297,1.370797288594542,0.4298716187477112,0.2391854077577591,0.6308354174540155,0.14128422737121582,0.5344892859847051,263.24,344.68,0.6022697625880511,119.32000000000001,169.28,beryl_s068,beryl,C_N3_s2
0.17798934876918793,0.42209195937688987,0.10198454558849335,0.1266317516565323,0.3118905478951868,0.06770390272140503,0.5397930213389505,186.76,283.04,0.6733230926779313,81.88,108.0,beryl_s005,beryl,C_N5_s0
0.18085823953151703,0.4274531246339346,0.1059563159942627,0.12991581857204437,0.3204409215978226,0.07299617677927017,0.5379607555474051,183.76,284.44,0.6707645671943415,80.2,114.32000000000001,beryl_s006,beryl,C_N5_s0
0.2196652591228485,0.4558926204094376,0.10048578679561615,0.16113945841789246,0.3277196876415467,0.04887790232896805,0.5503519220357336,307.8,405.8,0.6106331064594838,143.28,155.96,beryl_s024,beryl,C_N5_s0
0.18315106630325317,0.4092488081533333,0.05768228694796562,0.13497009873390198,0.307071136944788,0.024982620030641556,0.5341526628208344,260.24,271.04,0.6743783443500158,115.48,107.64,beryl_s037,beryl,C_N5_s0
0.20010602474212646,0.4319589086191953,0.09399690479040146,0.14927919209003448,0.32537812945549155,0.05842847004532814,0.5466535283862655,260.36,353.12,0.6308238636363637,115.32000000000001,141.6,beryl_s041,beryl,C_N5_s0
0.20532383024692535,0.4313396546054566,0.046376410871744156,0.1548534631729126,0.3275415571599681,0.006841315422207117,0.5274169184290031,310.64,295.56,0.6147688060731539,147.16,118.44,beryl_s046,beryl,C_N5_s0
0.20645414292812347,0.43226996746015844,0.048228055238723755,0.15456777811050415,0.32659477016079197,0.011848246678709984,0.5402914064823074,312.12,313.96,0.6218281036834925,148.28,124.92,beryl_s049,beryl,C_N5_s0
0.18862739205360413,0.4272516030078915,0.09906189888715744,0.14186787605285645,0.33849244234242726,0.07975933700799942,0.5202553191489362,192.24,319.6,0.6675257731958762,89.60000000000001,122.12,beryl_s059,beryl,C_N5_s0
0.19532734155654907,0.4301718408529165,0.10166770964860916,0.14694428443908691,0.33766235800280403,0.08504762500524521,0.5111257081862222,190.76,342.68,0.65421875,89.2,131.8,beryl_s063,beryl,C_N5_s0
0.2031794786453247,0.4332361181931393,0.0901535376906395,0.15396636724472046,0.3347885021009085,0.06134919449687004,0.5446455057846337,263.24,367.16,0.6305803571428571,119.32000000000001,145.72,beryl_s068,beryl,C_N5_s0
0.22286218404769897,0.6294181063345302,0.1452501267194748,0.1440386027097702,0.42840161943089367,0.07225949317216873,0.5463439233484619,186.76,223.8,0.6722804605602337,81.88,104.84,beryl_s005,beryl,C_N5_s1
0.23248015344142914,0.778873820583737,0.14499366283416748,0.15432743728160858,0.6488019075531526,0.07284682989120483,0.5376792977949048,183.76,188.12,0.6866158868335147,80.2,89.2,beryl_s006,beryl,C_N5_s1
0.2975764274597168,0.8348182977802157,0.14181551337242126,0.20846089720726013,0.6818590696426765,0.04857996478676796,0.5031398376474192,307.8,274.6,0.5958030448498148,143.28,119.52,beryl_s024,beryl,C_N5_s1
0.23376162350177765,0.684573379986006,0.07736825942993164,0.1553727686405182,0.5189852048654793,0.0017392445588484406,0.500967296176877,260.24,188.76,0.6440257808626674,115.48,79.92,beryl_s037,beryl,C_N5_s1
0.23942512273788452,0.6346626181202965,0.1161598265171051,0.16106648743152618,0.43825388400812454,0.04259585961699486,0.5316886431305827,260.36,257.12,0.6421990635855611,115.32000000000001,117.12,beryl_s041,beryl,C_N5_s1
0.26728323101997375,0.7324956143250076,0.07941481471061707,0.18254241347312927,0.5607876512153683,-0.006648318842053413,0.491616526273566,310.64,230.36,0.5832857957786651,147.16,94.4,beryl_s046,beryl,C_N5_s1
0.2730087637901306,0.7480516230127154,0.08579261600971222,0.1881328821182251,0.5836522404043455,0.0018556532450020313,0.498050139275766,312.12,238.08,0.5847133757961783,148.28,97.0,beryl_s049,beryl,C_N5_s1
0.21030308306217194,0.6061863179444814,0.10602451860904694,0.13900160789489746,0.4344387232836007,0.04933224618434906,0.554383788254756,192.24,206.4,0.6791544938992954,89.60000000000001,98.76,beryl_s059,beryl,C_N5_s1
0.2141438126564026,0.6650814467911125,0.10072445869445801,0.14221809804439545,0.5239634416490386,0.043974410742521286,0.5337852149968227,190.76,185.8,0.6875224094657584,89.2,84.84,beryl_s063,beryl,C_N5_s1
0.23334269225597382,0.6129031943990717,0.09298669546842575,0.15893742442131042,0.42724363134091276,0.028591716662049294,0.5311961392623233,263.24,244.76,0.643972706595906,119.32000000000001,111.88,beryl_s068,beryl,C_N5_s1
0.28612473607063293,0.7335315088817248,0.21228809654712677,0.18431466817855835,0.5345616475302637,0.11409030109643936,0.5586554296231716,186.76,254.20000000000002,0.6194017784963621,81.88,116.76,beryl_s005,beryl,C_N5_s2
0.2739378809928894,0.7089509281197811,0.19951649010181427,0.17741084098815918,0.5157931374577079,0.10644050687551498,0.5487900078064013,183.76,248.44,0.6228487133256844,80.2,113.8,beryl_s006,beryl,C_N5_s2
0.3038216531276703,0.7370061206420387,0.16436989605426788,0.1949130743741989,0.4940276222605862,0.05169176682829857,0.5477988860914016,307.8,301.04,0.6135036000543405,143.28,129.64000000000001,beryl_s024,beryl,C_N5_s2
0.289482444524765,0.7074982617058054,0.1763753443956375,0.19172842800617218,0.49685939810079405,0.08265060931444168,0.5528016359918201,260.24,296.48,0.6282462795447914,115.48,128.88,beryl_s037,beryl,C_N5_s2
0.30995407700538635,0.7725652260227202,0.200910747051239,0.19742615520954132,0.5270151468565883,0.09079793095588684,0.5649554308352591,260.36,295.44,0.6349832092276245,115.32000000000001,130.44,beryl_s041,beryl,C_N5_s2
0.3038760721683502,0.7232576091136452,0.16324959695339203,0.20469826459884644,0.5094583628262153,0.06549622118473053,0.5510189013585352,310.64,327.0,0.6127380170715693,147.16,142.0,beryl_s046,beryl,C_N5_s2
0.3020193576812744,0.713964414580381,0.16451071202754974,0.20350025594234467,0.5010365073643074,0.06762342900037766,0.5569648093841643,312.12,334.72,0.6208338779244543,148.28,145.64000000000001,beryl_s049,beryl,C_N5_s2
0.2931254208087921,0.7534581168325143,0.20713825523853302,0.191641166806221,0.5488617008226887,0.11547108739614487,0.5613337122288529,192.24,264.44,0.6318533733607204,89.60000000000001,121.24000000000001,beryl_s059,beryl,C_N5_s2
0.27875709533691406,0.7158682266535825,0.19322559237480164,0.18253399431705475,0.5140991795006267,0.10674858093261719,0.5538981142696313,190.76,269.08,0.6368096217755974,89.2,122.12,beryl_s063,beryl,C_N5_s2
0.31261587142944336,0.7749062243730032,0.19730287790298462,0.2022542655467987,0.5385389402674807,0.09288353472948074,0.5644131609101326,263.24,298.68,0.6364289821736631,119.32000000000001,133.76,beryl_s068,beryl,C_N5_s2
0.2337675392627716,0.6312856675472075,0.16415224969387054,0.1832275539636612,0.5681297459082296,0.135498508810997,0.5413003814894676,186.76,353.92,0.6017322372284204,81.88,152.08,beryl_s005,beryl,C_N10_s0
0.2509472966194153,0.6435703562243436,0.1835799366235733,0.2027209997177124,0.584985043427076,0.15875376760959625,0.5246643895464295,183.76,381.28000000000003,0.5615750169721656,80.2,177.32,beryl_s006,beryl,C_N10_s0
0.28091177344322205,0.6110686743622447,0.20387832820415497,0.23419089615345,0.5418992829178607,0.17765632271766663,0.5616510538641686,307.8,556.4,0.5585675702710813,143.28,277.44,beryl_s024,beryl,C_N10_s0
0.2769910395145416,0.7079383610900919,0.1866665482521057,0.23263639211654663,0.6647580847110254,0.16611728072166443,0.5732995352767216,260.24,430.8,0.601115053218449,115.48,187.4,beryl_s037,beryl,C_N10_s0
0.2839561700820923,0.713336835426242,0.1980820745229721,0.23945443332195282,0.6706178919278802,0.17724812030792236,0.5699791521890202,260.36,440.6,0.58028271112722,115.32000000000001,205.36,beryl_s041,beryl,C_N10_s0
0.3125022053718567,0.7536593127967472,0.22317054867744446,0.27206161618232727,0.7187893258171738,0.20641981065273285,0.5652173913043478,310.64,534.96,0.5930707983645362,147.16,242.48000000000002,beryl_s046,beryl,C_N10_s0
0.32836395502090454,0.7911562427637385,0.2359483540058136,0.2881786823272705,0.7621909641966779,0.2220318615436554,0.566692367000771,312.12,541.8,0.5866624392306067,148.28,249.6,beryl_s049,beryl,C_N10_s0
0.24169573187828064,0.6040564186567815,0.15490472316741943,0.19318275153636932,0.5430390775225421,0.1370500922203064,0.5523192187894604,192.24,342.64,0.6189228529839883,89.60000000000001,152.64000000000001,beryl_s059,beryl,C_N10_s0
0.2551858425140381,0.580942830911275,0.1664343625307083,0.20655390620231628,0.5121596862685099,0.1521896868944168,0.5354155047406581,190.76,377.36,0.5761234071093226,89.2,178.12,beryl_s063,beryl,C_N10_s0
0.27053412795066833,0.6379389741311376,0.1747729629278183,0.2254086136817932,0.584677094847174,0.15810199081897736,0.5771340177190268,263.24,431.24,0.5931521871573048,119.32000000000001,201.04,beryl_s068,beryl,C_N10_s0
0.8096731901168823,2.4375607006100775,0.7067698240280151,0.4966290295124054,1.5002766151164206,0.41313233971595764,0.45557577763070817,186.76,314.40000000000003,0.471939088787916,81.88,195.08,beryl_s005,beryl,C_N10_s1
0.8334752321243286,2.4666608834252233,0.7355639934539795,0.5233790278434753,1.5575016746784613,0.4451763331890106,0.4498312618322496,183.76,318.08,0.46833596693813057,80.2,200.48000000000002,beryl_s006,beryl,C_N10_s1
0.8230522274971008,2.423389354487606,0.6723599433898926,0.5077704787254333,1.4665140756268868,0.37174269556999207,0.49199239956568946,307.8,368.96,0.5053775005377501,143.28,214.08,beryl_s024,beryl,C_N10_s1
0.8212230205535889,2.413252988683874,0.6893642544746399,0.5204099416732788,1.5075893000994194,0.4033367335796356,0.48797276853252647,260.24,323.88,0.49736902310684056,115.48,205.64000000000001,beryl_s037,beryl,C_N10_s1
0.8182501196861267,2.417304870801381,0.6814900040626526,0.5100544095039368,1.4846506595025053,0.3921014964580536,0.4815494094343775,260.36,344.76,0.4874873751543037,115.32000000000001,212.4,beryl_s041,beryl,C_N10_s1
0.8192182183265686,2.391367957839608,0.6667551398277283,0.516585111618042,1.4651334544289027,0.37753430008888245,0.4970299765160934,310.64,353.6,0.519564514390428,147.16,214.20000000000002,beryl_s046,beryl,C_N10_s1
0.8342445492744446,2.3994924104973467,0.6774542331695557,0.529452383518219,1.4707418453044048,0.39027753472328186,0.4973116450010209,312.12,365.16,0.5112140676002949,148.28,223.32,beryl_s049,beryl,C_N10_s1
0.8273976445198059,2.4183369478778514,0.7159696817398071,0.5286397933959961,1.5268574888706146,0.44145438075065613,0.4534438775510204,192.24,334.36,0.46757758221398793,89.60000000000001,214.84,beryl_s059,beryl,C_N10_s1
0.8625240921974182,2.4659086339765803,0.7490198016166687,0.5650322437286377,1.6063204351168232,0.47926855087280273,0.44352467894166797,190.76,352.88,0.4519874944171505,89.2,228.44,beryl_s063,beryl,C_N10_s1
0.8178289532661438,2.3902544605918625,0.676814615726471,0.5153405070304871,1.46786486790594,0.39574334025382996,0.485180085513443,263.24,353.84000000000003,0.48997797356828193,119.32000000000001,219.32,beryl_s068,beryl,C_N10_s1
0.24707823991775513,0.6021360811957096,0.20267930626869202,0.1770368218421936,0.4916900421657264,0.1320059597492218,0.6276232308443143,186.76,277.52,0.6424655504519188,81.88,158.8,beryl_s005,beryl,C_N10_s2
0.2511407136917114,0.5976659573966101,0.2099735289812088,0.18124639987945557,0.4881137492549435,0.13998425006866455,0.6187433439829606,183.76,282.32,0.6339456282145481,80.2,161.84,beryl_s006,beryl,C_N10_s2
0.2531120777130127,0.5770769105154412,0.17497043311595917,0.17556577920913696,0.43872381240821723,0.09266721457242966,0.6528620822128314,307.8,349.96,0.7084798749511528,143.28,178.64000000000001,beryl_s024,beryl,C_N10_s2
0.27486878633499146,0.6510264991454588,0.2155841886997223,0.20151743292808533,0.5478453721357214,0.13952235877513885,0.6465863453815262,260.24,324.24,0.6754067500336157,115.48,180.20000000000002,beryl_s037,beryl,C_N10_s2
0.244615837931633,0.5776641664891085,0.18065933883190155,0.17407922446727753,0.45856832848578455,0.1076812669634819,0.6560482500849474,260.36,316.72,0.6830908591819929,115.32000000000001,172.48,beryl_s041,beryl,C_N10_s2
0.27896860241889954,0.6512847863039671,0.20548389852046967,0.20147846639156342,0.5361572753458635,0.12374263256788254,0.6517931294828238,310.64,361.76,0.7117415087139041,147.16,188.36,beryl_s046,beryl,C_N10_s2
0.2756006121635437,0.6406200689743055,0.20078225433826447,0.1970476508140564,0.5205043985389077,0.11828913539648056,0.6530781403059303,312.12,362.68,0.7127443513582128,148.28,188.72,beryl_s049,beryl,C_N10_s2
0.2606070339679718,0.6366542819725818,0.21390454471111298,0.1965840607881546,0.550550430174437,0.15089881420135498,0.6193095599393019,192.24,288.0,0.6372271051885455,89.60000000000001,169.64000000000001,beryl_s059,beryl,C_N10_s2
0.2607548236846924,0.6299250206053034,0.21370789408683777,0.19498398900032043,0.539098595925153,0.14984570443630219,0.6165300160211101,190.76,292.64,0.6333802816901408,89.2,171.96,beryl_s063,beryl,C_N10_s2
0.2544199824333191,0.6058903109198783,0.19011512398719788,0.18707214295864105,0.5039812326750593,0.12127191573381424,0.6566047254687631,263.24,322.12,0.6803168635875403,119.32000000000001,178.56,beryl_s068,beryl,C_N10_s2
