event,model,rmse_active,bias_active,land_area_km2_sfincs,land_area_km2_pred,max_depth_sfincs,max_depth_pred
irma,exp1,0.49457556309059064,0.05903207138180733,492.72,430.44,17.770776748657227,17.25864028930664
irma,exp2,0.7022995036416685,0.13800564408302307,492.72,499.72,17.770776748657227,19.04939079284668
irma,B,0.3324686666541831,-0.09818732738494873,492.72,362.84000000000003,17.770776748657227,16.90491485595703
irma,Bp,0.3484883537509789,-0.07258520275354385,492.72,405.24,17.770776748657227,16.71422576904297
irma,C,1.1117464212371087,0.2758176922798157,492.72,382.76,17.770776748657227,35.9559211730957
matthew,exp1,0.46807815621935717,0.0720837339758873,463.52,457.04,17.67094612121582,17.1137752532959
matthew,exp2,0.30799139318842084,-0.038556057959795,463.52,433.32,17.67094612121582,17.09541893005371
matthew,B,0.23421949305045026,-0.05544763803482056,463.52,406.76,17.67094612121582,17.16774559020996
matthew,Bp,0.2457922662457329,-0.01409495621919632,463.52,426.72,17.67094612121582,17.320886611938477
matthew,C,1.5808672634758052,0.3825276792049408,463.52,421.24,17.67094612121582,29.925251007080078
ian,exp1,0.14013922222477296,0.0013495911844074726,92.28,100.0,17.452594757080078,17.523527145385742
ian,exp2,0.30991855169053517,0.07121189683675766,92.28,174.36,17.452594757080078,18.73691177368164
ian,B,0.26556386298729107,0.03474161773920059,92.28,96.60000000000001,17.452594757080078,17.511621475219727
ian,Bp,0.21451475306245385,0.01964273303747177,92.28,93.36,17.452594757080078,16.876955032348633
ian,C,0.2428366534973167,-0.0003178297483827919,92.28,99.32000000000001,17.452594757080078,19.113876342773438
milton,exp1,0.6241223965963739,0.11342066526412964,182.44,189.16,17.29058837890625,16.856748580932617
milton,exp2,0.34803473605421575,0.04616916924715042,182.44,156.48,17.29058837890625,18.464879989624023
milton,B,0.736068888665079,0.03306974843144417,182.44,126.2,17.29058837890625,17.27247428894043
milton,Bp,0.2974995564643381,0.009306495077908039,182.44,126.64,17.29058837890625,17.572341918945312
milton,C,1.0828224655308127,0.3826654255390167,182.44,311.84000000000003,17.29058837890625,27.723190307617188
dorian,exp1,0.1466251406094117,0.008231757208704948,106.16,103.12,17.349000930786133,17.281705856323242
dorian,exp2,0.3320054112594929,0.0799342542886734,106.16,105.60000000000001,17.349000930786133,19.552791595458984
dorian,B,0.13554416919485068,0.002933340845629573,106.16,87.0,17.349000930786133,17.129121780395508
dorian,Bp,0.16325051649322708,0.0018756145145744085,106.16,89.28,17.349000930786133,17.53900909423828
dorian,C,0.2367127105027811,0.0014064160641282797,106.16,140.32,17.349000930786133,18.08883285522461
beryl,exp1,0.3867554843195369,0.09739851951599121,260.36,233.32,17.02823257446289,17.88109588623047
beryl,exp2,0.4859033942905716,0.0322890505194664,260.36,126.32000000000001,17.02823257446289,19.863605499267578
beryl,B,0.5219392783971936,0.09804556518793106,260.36,192.44,17.02823257446289,17.667137145996094
beryl,Bp,0.42427038053945837,0.07354646921157837,260.36,183.88,17.02823257446289,16.926734924316406
beryl,C,0.7133430276040957,0.1980583518743515,260.36,440.40000000000003,17.02823257446289,22.629283905029297
