rel_path,bytes,mtime_utc,width,height,bands,px_x,px_y,xmin,ymin,xmax,ymax,crs,crs_citation,vertical_clue,nodata,bits,sampleformat,compression,tiled,bigtiff,gdal_metadata,read_status
QGIS/04_06_study_area/crm_25m_26917.tif,32382106,2026-04-01T14:23:06Z,2847,2842,1,24.995979756203734,25.001712752912415,406818.494073879,3322719.5103745554,477982.048439791,3393774.3780183326,EPSG:26917,NAD83,UNKNOWN (file declares no vertical datum),,32,3,1,False,False,,OK
QGIS/04_06_study_area/dem_25m_26917.tif,15005926,2026-04-01T14:17:36Z,2297,1631,1,24.995979756203734,25.001712752912415,412342.6056,3335120.3599,469758.3711,3375898.1534,EPSG:26917,NAD83,UNKNOWN (file declares no vertical datum),-9999.0,32,3,1,False,False,,OK
QGIS/04_06_study_area/dem_clip.tif,101401122,2026-04-01T14:09:15Z,6426,3944,1,9.25925926922033e-05,9.259259269220225e-05,-81.91018518542593,30.14703703695799,-81.31518518478583,30.512222222536035,EPSG:32767,GCS Name = NAD83|Datum = North American Datum 1983|Ellipsoid = GRS 1980|Primem = Greenwich,UNKNOWN (file declares no vertical datum),-9999.0,32,3,1,False,False,"<GDALMetadata>   <Item name=""BandDefinitionKeyword"">*</Item>   <Item name=""DataType"">*</Item>   <Item name=""HighCellSize"">*</Item>   <Item name=""LowCellSize"">*</Item>   <Item name=""MaxCellSize"">*</Item>   <Item name=""DESCRIPTION"" sample=""0"">*</Item>   <Item name=""LAYER_TYPE"" sample=""0"">*</Item>   <Item name=""RepresentationType"" sample=""0"">*</Item> </GDALMetadata> ",OK
QGIS/04_06_study_area/dem_crm_min_25m.tif,32399783,2026-04-01T14:27:46Z,2847,2842,1,24.99597973305234,25.001712737508797,406818.4941,3322719.5104,477982.0484,3393774.378,,,UNKNOWN (file declares no vertical datum),-3.4028234663852886e+38,32,3,1,False,False,"<GDALMetadata>   <Item name=""STATISTICS_APPROXIMATE"" sample=""0"">YES</Item>   <Item name=""STATISTICS_MINIMUM"" sample=""0"">-20.31368637085</Item>   <Item name=""STATISTICS_MAXIMUM"" sample=""0"">29.38429069519</Item>   <Item name=""STATISTICS_MEAN"" sample=""0"">5.2790324922567</Item>   <Item name=""STATISTICS_STDDEV"" sample=""0"">9.3075897287726</Item>   <Item name=""STATISTICS_VALID_PERCENT"" sample=""0"">30.08</Item> </GDALMetadata> ",OK
QGIS/04_06_study_area/study_area_merged_25m.tif,12119154,2026-04-04T19:19:17Z,1993,1519,1,24.99597973305235,25.001712737508715,413592.40460765717,3337720.5380425053,463409.3922156305,3375698.139690781,EPSG:32767,GCS Name = NAD83|Datum = North American Datum 1983|Ellipsoid = GRS 1980|Primem = Greenwich,UNKNOWN (file declares no vertical datum),-3.4028234663852886e+38,32,3,1,False,False,,OK
QGIS/hu8_study_area/active_domain_01_26917.tif,16755374,2026-04-12T02:53:16Z,3004,5571,1,30.0,30.0,394542.9114,3208945.1927,484662.9114,3376075.1927,EPSG:26917,NAD83,UNKNOWN (file declares no vertical datum),0.0,8,1,1,False,False,,OK
QGIS/hu8_study_area/active_domain_base_26917.tif,66974932,2026-04-12T02:43:30Z,3004,5571,1,30.0,30.0,394542.9114,3208945.1927,484662.9114,3376075.1927,EPSG:26917,NAD83,UNKNOWN (file declares no vertical datum),0.0,32,3,1,False,False,,OK
QGIS/hu8_study_area/active_domain_coastal_01_26917.tif,68008366,2026-04-12T16:13:51Z,3027,5614,1,29.758184,29.758184,394570.2479,3208981.707424,484648.270868,3376044.1524,EPSG:26917,NAD83,UNKNOWN (file declares no vertical datum),0.0,32,3,1,False,False,,OK
QGIS/hu8_study_area/active_domain_coastal_26917.tif,68008366,2026-04-12T15:55:52Z,3027,5614,1,29.75818354624028,29.75818354624028,394570.2479,3208981.709971407,484648.26949446934,3376044.1524,EPSG:26917,NAD83,UNKNOWN (file declares no vertical datum),0.0,32,3,1,False,False,,OK
QGIS/hu8_study_area/active_domain_coastal_base_26917.tif,68008366,2026-04-12T15:59:42Z,3027,5614,1,29.75818354624028,29.75818354624028,394570.2479,3208981.709971407,484648.26949446934,3376044.1524,EPSG:26917,NAD83,UNKNOWN (file declares no vertical datum),0.0,32,3,1,False,False,,OK
QGIS/hu8_study_area/active_domain_coastal_clean_26917.tif,729850,2026-04-12T19:47:48Z,3027,5614,1,29.75818354624028,29.75818354624028,394570.2478942727,3208981.710007242,484648.269488742,3376044.152435835,EPSG:26917,NAD83,UNKNOWN (file declares no vertical datum),,8,1,5,False,False,,OK
QGIS/hu8_study_area/crm_3arc_4269.tif,208095568,2026-04-11T20:50:41Z,7212,7212,1,0.000277777778,0.000277777778,-83.001666667,28.998333332064,-80.99833333206399,31.001666667,EPSG:4269,NAD83,UNKNOWN (file declares no vertical datum),-999999.0,32,3,1,False,False,"<GDALMetadata>   <Item name=""DataType"">Generic</Item>   <Item name=""SourceBandIndex"" sample=""0"">0</Item> </GDALMetadata> ",OK
QGIS/hu8_study_area/dem_crm_min_4269.tif,208139553,2026-04-11T20:54:50Z,7212,7212,1,0.00027777777773155856,0.0002777777777315581,-83.001666667,28.998333334,-80.998333334,31.001666667,EPSG:4269,NAD83,UNKNOWN (file declares no vertical datum),-3.4028234663852886e+38,32,3,1,False,False,"<GDALMetadata>   <Item name=""STATISTICS_APPROXIMATE"" sample=""0"">YES</Item>   <Item name=""STATISTICS_MINIMUM"" sample=""0"">-26.758832931519</Item>   <Item name=""STATISTICS_MAXIMUM"" sample=""0"">76.976043701172</Item>   <Item name=""STATISTICS_MEAN"" sample=""0"">8.9002334687507</Item>   <Item name=""STATISTICS_STDDEV"" sample=""0"">18.605022764899</Item>   <Item name=""STATISTICS_VALID_PERCENT"" sample=""0"">45.88</Item> </GDALMetadata> ",OK
QGIS/hu8_study_area/msk_coastal_26917.tif,730509,2026-04-12T19:57:40Z,3027,5614,1,29.75818354624028,29.75818354624028,394570.2478942727,3208981.710007242,484648.269488742,3376044.152435835,EPSG:26917,NAD83,UNKNOWN (file declares no vertical datum),,8,1,5,False,False,,OK
QGIS/hu8_study_area/msk_prelim_26917.tif,505166,2026-04-12T03:15:23Z,3004,5571,1,30.0,30.0,394542.9114,3208945.1927,484662.9114,3376075.1927,EPSG:26917,NAD83,UNKNOWN (file declares no vertical datum),0.0,8,1,5,False,False,,OK
QGIS/hu8_study_area/study_area_fused_26917_final.tif,66974940,2026-04-12T02:16:54Z,3004,5571,1,30.0,30.0,394542.9113659288,3208945.1926839817,484662.9113659288,3376075.1926839817,EPSG:26917,NAD83,UNKNOWN (file declares no vertical datum),-999999.0,32,3,1,False,False,,OK
QGIS/hu8_study_area/study_area_fused_4269.tif,71925866,2026-04-12T00:28:44Z,3321,5412,1,0.00027777777773155916,0.0002777777777315578,-82.08250000048626,29.008888889553802,-81.16000000063976,30.512222222636993,EPSG:4269,NAD83,UNKNOWN (file declares no vertical datum),-999999.0,32,3,1,False,False,,OK
QGIS/hu8_study_area/study_area_fused_4269_final.tif,71995758,2026-04-12T01:43:49Z,3323,5414,1,0.00027777777773155916,0.0002777777777315578,-82.08277776412027,29.008611106284313,-81.15972220871829,30.512499994922965,EPSG:4269,NAD83,UNKNOWN (file declares no vertical datum),-999999.0,32,3,1,False,False,,OK
QGIS/hu8_study_area/study_area_fused_coastal_26917.tif,68008372,2026-04-12T15:46:22Z,3027,5614,1,29.75818354624028,29.75818354624028,394570.2478942727,3208981.710007242,484648.269488742,3376044.152435835,EPSG:26917,NAD83,UNKNOWN (file declares no vertical datum),-9999.0,32,3,1,False,False,,OK
QGIS/hu8_study_area/study_area_fused_coastal_4269.tif,71925864,2026-04-12T15:42:58Z,3321,5412,1,0.00027777777773155916,0.0002777777777315578,-82.08250000048626,29.008888889553802,-81.16000000063976,30.512222222636993,EPSG:4269,NAD83,UNKNOWN (file declares no vertical datum),-9999.0,32,3,1,False,False,,OK
QGIS/hu8_study_area/waterlevel_02_26917.tif,16755374,2026-04-12T03:12:47Z,3004,5571,1,30.0,30.0,394542.9114,3208945.1927,484662.9114,3376075.1927,EPSG:26917,NAD83,UNKNOWN (file declares no vertical datum),0.0,8,1,1,False,False,,OK
QGIS/hu8_study_area/waterlevel_mask2_26917.tif,16755374,2026-04-12T02:57:24Z,3004,5571,1,30.0,30.0,394542.9114,3208945.1927,484662.9114,3376075.1927,EPSG:26917,NAD83,UNKNOWN (file declares no vertical datum),0.0,8,1,1,False,False,,OK
QGIS/hu8_study_area/waterlevel_mask2_coastal_26917.tif,17010790,2026-04-12T18:50:35Z,3027,5614,1,29.758184,29.758184,394570.2479,3208981.707424,484648.270868,3376044.1524,EPSG:26917,NAD83,UNKNOWN (file declares no vertical datum),0.0,8,1,1,False,False,,OK
QGIS/hu8_study_area/waterlevel_mask2_coastal_clean_26917.tif,540537,2026-04-12T19:55:12Z,3027,5614,1,29.75818354624028,29.75818354624028,394570.2478942727,3208981.710007242,484648.269488742,3376044.152435835,EPSG:26917,NAD83,UNKNOWN (file declares no vertical datum),,8,1,5,False,False,,OK
QGIS/hu8_study_area/waterlevel_mask2_coastal_full_26917.tif,17010790,2026-04-12T18:59:15Z,3027,5614,1,29.758184,29.758184,394570.2479,3208981.707424,484648.270868,3376044.1524,EPSG:26917,NAD83,UNKNOWN (file declares no vertical datum),0.0,8,1,1,False,False,,OK
QGIS/hu8_study_area/waterlevel_mask2_zero_26917.tif,17010790,2026-04-12T19:09:55Z,3027,5614,1,29.758184,29.758184,394570.2479,3208981.707424,484648.270868,3376044.1524,EPSG:26917,NAD83,UNKNOWN (file declares no vertical datum),0.0,8,1,1,False,False,,OK
QGIS/oldstudy_area/cudem.tiff,7242940,2026-04-09T00:40:02Z,1202,1841,1,0.0008333297121129769,0.000833329712112982,-81.9933311569799,28.97667,-80.99166884302011,30.51083,EPSG:4326,"ESRI PE String = GEOGCS[""GCS_WGS_1984"",DATUM[""D_WGS_1984"",SPHEROID[""WGS_1984"",6378137.0,298.257223563]],PRIMEM[""Greenwich"",0.0],UNIT[""Degree"",0.0174532925199433]]",UNKNOWN (file declares no vertical datum),0.0,32,3,5,True,False,"<GDALMetadata>   <Item name=""DataType"">Generic</Item>   <Item name=""SourceBandIndex"" sample=""0"">0</Item> </GDALMetadata> ",OK
QGIS/oldstudy_area/dem.tiff,15974257,2026-04-09T00:40:41Z,1875,2363,1,0.0008333347439695292,0.0008333347439695296,-82.33583132247144,28.59083,-80.77332867752857,30.56,EPSG:4326,"ESRI PE String = GEOGCS[""GCS_WGS_1984"",DATUM[""D_WGS_1984"",SPHEROID[""WGS_1984"",6378137.0,298.257223563]],PRIMEM[""Greenwich"",0.0],UNIT[""Degree"",0.0174532925199433]]",UNKNOWN (file declares no vertical datum),0.0,32,3,5,True,False,"<GDALMetadata>   <Item name=""DataType"">Generic</Item>   <Item name=""SourceBandIndex"" sample=""0"">0</Item> </GDALMetadata> ",OK
QGIS/oldstudy_area/merged_topobathy_32617.tif,17962988,2026-04-09T01:03:41Z,1883,2381,1,81.14133797132234,91.95488786224276,369374.5849,3162655.378,522163.7243,3381599.966,EPSG:32617,WGS 84,UNKNOWN (file declares no vertical datum),0.0,32,3,1,False,False,,OK
QGIS/oldstudy_area/topobathy_clipped_32617.tif,8386759,2026-04-09T01:07:46Z,1273,1645,1,81.14133797132237,91.95488786224281,394122.6929812533,3224449.062643427,497415.6162187467,3375714.8531768164,EPSG:32767,GCS Name = WGS 84|Datum = World Geodetic System 1984|Ellipsoid = WGS 84|Primem = Greenwich,UNKNOWN (file declares no vertical datum),0.0,32,3,1,False,False,,OK
data/crm_1arc_90m.tiff,2758194,2026-04-01T13:47:44Z,884,766,1,0.0008333371040723863,0.0008333371040723875,-81.96667,30.034996889140277,-81.23,30.673333110859726,EPSG:4326,"ESRI PE String = GEOGCS[""GCS_WGS_1984"",DATUM[""D_WGS_1984"",SPHEROID[""WGS_1984"",6378137.0,298.257223563]],PRIMEM[""Greenwich"",0.0],UNIT[""Degree"",0.0174532925199433]]",UNKNOWN (file declares no vertical datum),,32,3,5,True,False,"<GDALMetadata>   <Item name=""DataType"">Generic</Item>   <Item name=""SourceBandIndex"" sample=""0"">0</Item> </GDALMetadata> ",OK
data/dem_crm_hu8/USGS_1_n30w082_20251208.tif,51379200,2026-04-10T20:29:23Z,3612,3612,1,0.000277777777786999,0.00027777777803598015,-82.00166666648283,28.998333332917866,-80.9983333331162,30.001666667183827,EPSG:4269,NAD83,UNKNOWN (file declares no vertical datum),-999999.0,32,3,5,True,False,"<GDALMetadata>   <Item name=""BandDefinitionKeyword"">*</Item>   <Item name=""DataType"">*</Item>   <Item name=""LAYER_TYPE"" sample=""0"">athematic</Item>   <Item name=""RepresentationType"" sample=""0"">*</Item>   <Item name=""STATISTICS_MAXIMUM"" sample=""0"">73.95671081543</Item>   <Item name=""STATISTICS_MEAN"" sample=""0"">11.830655197056</Item>   <Item name=""STATISTICS_MINIMUM"" sample=""0"">-1.9351041316986</Item>   <Item name=""STATISTICS_STDDEV"" sample=""0"">12.215037786326</Item>   <Item name=""STATISTICS_VALID_PERCENT"" sample=""0"">99.999</Item>   <Item name=""DESCRIPTION"" sample=""0"" role=""description"">Layer_1</Item> </GDALMetadata> ",OK
data/dem_crm_hu8/USGS_1_n30w083_20221103.tif,59260482,2026-04-10T20:29:32Z,3612,3612,1,0.00027777777803598015,0.00027777777803598015,-83.00166666718229,28.998333332917866,-81.99833333291633,30.001666667183827,EPSG:4269,NAD83,UNKNOWN (file declares no vertical datum),-999999.0,32,3,5,True,False,"<GDALMetadata>   <Item name=""BandDefinitionKeyword"">*</Item>   <Item name=""DataType"">*</Item>   <Item name=""HighCellSize"">*</Item>   <Item name=""LowCellSize"">*</Item>   <Item name=""MaxCellSize"">*</Item>   <Item name=""LAYER_TYPE"" sample=""0"">*</Item>   <Item name=""RepresentationType"" sample=""0"">*</Item> </GDALMetadata> ",OK
data/dem_crm_hu8/USGS_1_n31w082_20220725.tif,36039674,2026-04-10T20:29:21Z,3612,3612,1,0.0002777777777870069,0.0002777777777869971,-82.00166666648283,29.998333333617328,-80.99833333311616,31.00166666698396,EPSG:4269,NAD83,UNKNOWN (file declares no vertical datum),-999999.0,32,3,5,True,False,"<GDALMetadata>   <Item name=""BandDefinitionKeyword"">*</Item>   <Item name=""DataType"">*</Item>   <Item name=""HighCellSize"">*</Item>   <Item name=""LowCellSize"">*</Item>   <Item name=""MaxCellSize"">*</Item>   <Item name=""LAYER_TYPE"" sample=""0"">*</Item>   <Item name=""RepresentationType"" sample=""0"">*</Item> </GDALMetadata> ",OK
data/dem_crm_hu8/USGS_1_n31w083_20220725.tif,55340456,2026-04-10T20:29:41Z,3612,3612,1,0.000277777778035988,0.00027777777778700396,-83.00166666718229,29.99833333361732,-81.9983333329163,31.00166666698398,EPSG:4269,NAD83,UNKNOWN (file declares no vertical datum),-999999.0,32,3,5,True,False,"<GDALMetadata>   <Item name=""BandDefinitionKeyword"">*</Item>   <Item name=""DataType"">*</Item>   <Item name=""HighCellSize"">*</Item>   <Item name=""LowCellSize"">*</Item>   <Item name=""MaxCellSize"">*</Item>   <Item name=""LAYER_TYPE"" sample=""0"">*</Item>   <Item name=""RepresentationType"" sample=""0"">*</Item> </GDALMetadata> ",OK
data/dem_crm_hu8/crm_3_arc.tiff,10380535,2026-04-11T20:10:25Z,1336,1981,1,0.0008333383233532888,0.0008333383233532891,-82.13667,29.003328390718565,-81.02333,30.65417160928143,EPSG:4326,"ESRI PE String = GEOGCS[""GCS_WGS_1984"",DATUM[""D_WGS_1984"",SPHEROID[""WGS_1984"",6378137.0,298.257223563]],PRIMEM[""Greenwich"",0.0],UNIT[""Degree"",0.0174532925199433]]",UNKNOWN (file declares no vertical datum),,32,3,5,True,False,"<GDALMetadata>   <Item name=""DataType"">Generic</Item>   <Item name=""SourceBandIndex"" sample=""0"">0</Item> </GDALMetadata> ",OK
data/dem_crm_hu8/merged_jacksonville_dem_1arc.tif,208095434,2026-04-10T20:31:47Z,7212,7212,1,0.0002777777777870069,0.0002777777777869971,-83.00166666718229,28.998333333584156,-80.9983333337824,31.00166666698398,EPSG:4269,NAD83,UNKNOWN (file declares no vertical datum),-999999.0,32,3,1,False,False,,OK
data/dem_crm_min_25m.tif,32399544,2026-04-04T01:50:40Z,2847,2842,1,24.99597973305234,25.001712737508797,406818.4941,3322719.5104,477982.0484,3393774.378,EPSG:26917,NAD83,UNKNOWN (file declares no vertical datum),-3.4028234663852886e+38,32,3,1,False,False,,OK
data/dem_crm_min_mosaic_50m_utm.tif,17232078,2026-03-18T22:17:26Z,1932,2228,1,50.0,50.0,403495.89334066404,3318692.6056502,500095.89334066404,3430092.6056502,EPSG:32617,WGS 84,UNKNOWN (file declares no vertical datum),-999999.0,32,3,1,False,False,"<GDALMetadata>   <Item name=""BandDefinitionKeyword"">*</Item>   <Item name=""DataType"">*</Item>   <Item name=""DESCRIPTION"">*</Item>   <Item name=""HighCellSize"">*</Item>   <Item name=""LAYER_TYPE"">*</Item>   <Item name=""LowCellSize"">*</Item>   <Item name=""MaxCellSize"">*</Item>   <Item name=""RepresentationType"">*</Item> </GDALMetadata> ",OK
data/dem_study_area.tif,91044040,2026-03-23T15:08:00Z,5768,3944,1,9.259259257975086e-05,9.259259279918813e-05,-81.910185185,30.147037037,-81.376111111,30.512222223,EPSG:4269,NAD83,UNKNOWN (file declares no vertical datum),-999999.0,32,3,1,False,False,,OK
data/hu10_clip.tif,101408872,2026-04-01T13:16:32Z,6425,3944,1,9.260700389105041e-05,9.259634888438173e-05,-81.9102,30.147,-81.3152,30.5122,EPSG:26917,NAD83,UNKNOWN (file declares no vertical datum),-3.4028234663852886e+38,32,3,1,False,False,,OK
data/manning_nlcd_50m.tif,858646,2026-03-17T21:10:32Z,670,320,1,50.0,50.0,426948.0,3368762.0,460448.0,3352762.0,EPSG:32617,WGS 84,UNKNOWN (file declares no vertical datum),,32,3,1,False,False,,OK
data/nlcd_2016_jax.tif,1587138,2026-03-17T20:41:31Z,1373,774,1,0.0002694945852358558,0.0002325137391523178,-81.7698862475201,30.2801165186658,-81.39987018199128,30.460082152769694,EPSG:4326,,UNKNOWN (file declares no vertical datum),255.0,8,,1,True,False,,OK
jacksonville_sfincs_input/dep_src_26917.tif,68008372,2026-04-12T15:46:22Z,3027,5614,1,29.75818354624028,29.75818354624028,394570.2478942727,3208981.710007242,484648.269488742,3376044.152435835,EPSG:26917,NAD83,UNKNOWN (file declares no vertical datum),-9999.0,32,3,1,False,False,,OK
jacksonville_sfincs_input/msk_src_26917.tif,730509,2026-04-12T19:57:40Z,3027,5614,1,29.75818354624028,29.75818354624028,394570.2478942727,3208981.710007242,484648.269488742,3376044.152435835,EPSG:26917,NAD83,UNKNOWN (file declares no vertical datum),,8,1,5,False,False,,OK
jacksonville_sfincs_input/msk_src_26917_fixed.tif,730280,2026-04-12T23:35:02Z,3027,5614,1,29.75818354624028,29.75818354624028,394570.2478942727,3208981.710007242,484648.269488742,3376044.152435835,EPSG:26917,NAD83,UNKNOWN (file declares no vertical datum),,8,1,5,False,False,,OK
previous_content/DEM_3m/dem_1km_3m/dem_dames_point_1km.tif,398166,2026-03-11T15:23:43Z,338,294,1,3.086419753088454e-05,3.086419753086936e-05,-81.56351851851855,30.38216049382717,-81.55308641975311,30.391234567901243,EPSG:4269,NAD83,UNKNOWN (file declares no vertical datum),-9999.0,32,3,1,False,False,,OK
previous_content/DEM_3m/dem_1km_3m/dem_mayport_1km.tif,398166,2026-03-11T15:23:42Z,338,294,1,3.086419753084237e-05,3.086419753085723e-05,-81.43351851851854,30.393765432098775,-81.42308641975312,30.402839506172846,EPSG:4269,NAD83,UNKNOWN (file declares no vertical datum),-9999.0,32,3,1,False,False,,OK
previous_content/DEM_3m/dem_1km_3m/dem_southbank_1km.tif,398166,2026-03-11T15:23:43Z,338,294,1,3.086419753084237e-05,3.086419753085723e-05,-81.66351851851854,30.31546296296297,-81.65308641975312,30.324537037037043,EPSG:4269,NAD83,UNKNOWN (file declares no vertical datum),-9999.0,32,3,1,False,False,,OK
previous_content/DEM_3m/dem_raw/dem_3m_right/ned19_n30x50_w081x50_fl_duvalco_2007.tif,124511818,2026-03-11T00:54:21Z,8112,8112,1,3.086419753086494e-05,3.0864197530864056e-05,-81.50018518518522,30.249814814814822,-81.24981481481484,30.50018518518519,EPSG:4269,NAD83,UNKNOWN (file declares no vertical datum),-3.4028234663852886e+38,32,3,5,False,False,,OK
previous_content/crm_30m/jacksonville_crm_raw.tif,1089321,2026-03-11T22:54:35Z,863,310,1,0.0008333256083429922,0.0008333256083429869,-81.80332999999999,30.242499530706837,-81.08416999999999,30.500830469293163,EPSG:4326,"ESRI PE String = GEOGCS[""GCS_WGS_1984"",DATUM[""D_WGS_1984"",SPHEROID[""WGS_1984"",6378137.0,298.257223563]],PRIMEM[""Greenwich"",0.0],UNIT[""Degree"",0.0174532925199433]]",UNKNOWN (file declares no vertical datum),,32,3,5,True,False,"<GDALMetadata>   <Item name=""DataType"">Generic</Item>   <Item name=""SourceBandIndex"" sample=""0"">0</Item> </GDALMetadata> ",OK
previous_content/data/dem_1km_3m/dem_dames_point_1km_bathy.tif,406468,2026-03-11T23:15:51Z,318,319,1,3.1692942072015273,3.16929420720165,445858.96508952626,3361262.2843725933,446866.8006474163,3362273.2892246908,EPSG:26917,NAD83,UNKNOWN (file declares no vertical datum),-9999.0,32,3,1,False,False,,OK
previous_content/data/dem_1km_3m/dem_mayport_1km_bathy.tif,403918,2026-03-11T23:15:51Z,317,318,1,3.1690640431776114,3.1690640431778854,458354.0013570278,3362496.569413507,459358.5946587151,3363504.3317792374,EPSG:26917,NAD83,UNKNOWN (file declares no vertical datum),-9999.0,32,3,1,False,False,,OK
previous_content/data/dem_1km_3m/dem_southbank_1km_bathy.tif,406468,2026-03-11T23:15:52Z,318,319,1,3.1703939779423993,3.170393977942437,436207.8433801226,3353922.7034691004,437216.0286651083,3354934.059148064,EPSG:26917,NAD83,UNKNOWN (file declares no vertical datum),-9999.0,32,3,1,False,False,,OK
previous_content/jacksonville_sfincs/sfincs_dep_25m_32617.tif,68090078,2026-04-09T01:11:40Z,2720,5520,1,24.031542398457972,24.031542398457972,497474.9551027459,3375791.0,432109.1597789402,3243136.885960512,EPSG:32617,WGS 84,UNKNOWN (file declares no vertical datum),nan,32,3,5,False,False,,OK
previous_content/jacksonville_sfincs/sfincs_msk_final_25m_32617.tif,524088,2026-04-09T14:52:53Z,2720,5520,1,24.031542398457972,24.031542398457972,497474.9551027459,3375791.0,432109.1597789402,3243136.885960512,EPSG:32617,WGS 84,UNKNOWN (file declares no vertical datum),0.0,8,1,5,False,False,,OK
previous_content/jacksonville_sfincs/sfincs_msk_initial_25m_32617.tif,145624,2026-04-09T01:14:28Z,1273,1645,1,81.14133797132237,91.95488786224281,394122.6929812533,3224449.062643427,497415.6162187467,3375714.8531768164,EPSG:32617,WGS 84,UNKNOWN (file declares no vertical datum),0.0,8,1,5,False,False,,OK
previous_content/simulation_trial/msk_src_trial_fixed_26917.tif,730280,2026-04-12T21:53:26Z,3027,5614,1,29.75818354624028,29.75818354624028,394570.2478942727,3208981.710007242,484648.269488742,3376044.152435835,EPSG:26917,NAD83,UNKNOWN (file declares no vertical datum),,8,1,5,False,False,,OK
previous_content/simulation_trial/zb_geo.tif,68009490,2026-04-13T00:18:09Z,3027,5614,1,29.75818354624001,29.75818354623997,394570.2478942727,3208981.710007242,484648.2694887412,3376044.152435833,EPSG:26917,NAD83,UNKNOWN (file declares no vertical datum),-99999.0,32,3,1,False,False,"<GDALMetadata>   <Item name=""NC_GLOBAL#Build-Date"">$Date: 2024-08-28</Item>   <Item name=""NC_GLOBAL#Build-Revision"">$Rev: v2.1.1-Dollerup</Item>   <Item name=""NC_GLOBAL#Build-Revision-Date-Netcdf-library"">4.8.1 of Sep 29 2021 09:36:14 $</Item>   <Item name=""NC_GLOBAL#Conventions"">Conventions = 'CF-1.6, SGRID-0.3</Item>   <Item name=""NC_GLOBAL#Producer"">SFINCS model: Super-Fast INundation of CoastS</Item>   <Item name=""NC_GLOBAL#title"">SFINCS map netcdf output</Item>   <Item name=""zb#coordinates"">x y</Item>   <Item name=""zb#long_name"">bed_level_above_reference_level</Item>   <Item name=""zb#standard_name"">altitude</Item>   <Item name=""zb#units"">m</Item>   <Item name=""zb#_FillValue"">-99999</Item>   <Item name=""coordinates"" sample=""0"">x y</Item>   <Item name=""long_name"" sample=""0"">bed_level_ab",OK
previous_content/previous_content_2.0/sfincs_model_jax/gis/dep.tif,768698,2026-03-18T22:17:27Z,670,320,1,50.0,50.0,426948.0,3352762.0,460448.0,3368762.0,EPSG:32617,WGS 84,UNKNOWN (file declares no vertical datum),nan,32,3,8,False,False,,OK
previous_content/previous_content_2.0/sfincs_model_jax/gis/manning.tif,34883,2026-03-18T22:17:27Z,670,320,1,50.0,50.0,426948.0,3352762.0,460448.0,3368762.0,EPSG:32617,WGS 84,UNKNOWN (file declares no vertical datum),nan,64,3,8,False,False,,OK
previous_content/previous_content_2.0/sfincs_model_jax/gis/mask.tif,13504,2026-03-17T15:17:44Z,670,320,1,50.0,50.0,426950.0,3352750.0,460450.0,3368750.0,EPSG:32617,WGS 84,UNKNOWN (file declares no vertical datum),nan,64,3,8,False,False,,OK
previous_content/previous_content_2.0/sfincs_model_jax/gis/msk.tif,19013,2026-03-18T22:17:27Z,670,320,1,50.0,50.0,426948.0,3352762.0,460448.0,3368762.0,EPSG:32617,WGS 84,UNKNOWN (file declares no vertical datum),nan,64,3,8,False,False,,OK
previous_content/previous_content_2.0/sfincs_model_jax_0101/gis/dep.tif,786017,2026-03-19T00:42:05Z,670,320,1,50.0,50.0,426948.0,3352762.0,460448.0,3368762.0,EPSG:32617,WGS 84,UNKNOWN (file declares no vertical datum),nan,32,3,8,False,False,,OK
previous_content/previous_content_2.0/sfincs_model_jax_0101/gis/manning.tif,32076,2026-03-19T00:42:05Z,670,320,1,50.0,50.0,426948.0,3352762.0,460448.0,3368762.0,EPSG:32617,WGS 84,UNKNOWN (file declares no vertical datum),nan,64,3,8,False,False,,OK
previous_content/previous_content_2.0/sfincs_model_jax_0101/gis/msk.tif,14764,2026-03-19T00:42:05Z,670,320,1,50.0,50.0,426948.0,3352762.0,460448.0,3368762.0,EPSG:32617,WGS 84,UNKNOWN (file declares no vertical datum),nan,64,3,8,False,False,,OK
previous_content/previous_content_2.0/sfincs_model_manning/gis/dep.tif,722686,2026-03-17T23:16:07Z,670,320,1,50.0,50.0,426948.0,3352762.0,460448.0,3368762.0,EPSG:32617,WGS 84,UNKNOWN (file declares no vertical datum),nan,32,3,8,False,False,,OK
previous_content/previous_content_2.0/sfincs_model_manning/gis/manning.tif,95036,2026-03-17T23:16:07Z,670,320,1,50.0,50.0,426948.0,3352762.0,460448.0,3368762.0,EPSG:32617,WGS 84,UNKNOWN (file declares no vertical datum),nan,32,3,8,False,False,,OK
previous_content/previous_content_2.0/sfincs_model_manning/gis/msk.tif,14569,2026-03-17T23:16:07Z,670,320,1,50.0,50.0,426948.0,3352762.0,460448.0,3368762.0,EPSG:32617,WGS 84,UNKNOWN (file declares no vertical datum),nan,64,3,8,False,False,,OK
