rel_path,bytes,mtime_utc,n_features,geom_type,fields,xmin,ymin,xmax,ymax,prj,read_status
QGIS/04_06_study_area/hu10_large.shp,145604,2026-04-01T18:08:24Z,6,Polygon,tnmid|metasource|sourcedata|sourceorig|sourcefeat|loaddate|referenceg|areaacres|areasqkm|states|huc10|name|hutype|humod|shape_Leng|shape_Area|ObjectID,412513.9990883497,3335315.499691652,469676.37438366935,3399862.4990970185,"PROJCS[""NAD_1983_UTM_Zone_17N"",GEOGCS[""GCS_North_American_1983"",DATUM[""D_North_American_1983"",SPHEROID[""GRS_1980"",6378137.0,298.257222101]],PRIMEM[""Greenwich"",0.0],UNIT[""Degree"",0.0174532925199433]],PROJECTION[""Transverse_Mercator""],PARAMETER[""False_Easting"",500000.0],PARAMETER[""False_Northing"",0.0],PARAMETER[""Central_Meridian"",-81.0],PARAMETER[""Scale_Factor"",0.9996],PARAMETER[""Latitude_Of_Origin""",OK
QGIS/04_06_study_area/hu10_study_arae.shp,80852,2026-04-01T14:06:23Z,4,Polygon,tnmid|metasource|sourcedata|sourceorig|sourcefeat|loaddate|referenceg|areaacres|areasqkm|states|huc10|name|hutype|humod|shape_Leng|shape_Area|ObjectID,412513.9990883497,3335315.499691652,469676.37438366935,3375709.751526162,"PROJCS[""NAD_1983_UTM_Zone_17N"",GEOGCS[""GCS_North_American_1983"",DATUM[""D_North_American_1983"",SPHEROID[""GRS_1980"",6378137.0,298.257222101]],PRIMEM[""Greenwich"",0.0],UNIT[""Degree"",0.0174532925199433]],PROJECTION[""Transverse_Mercator""],PARAMETER[""False_Easting"",500000.0],PARAMETER[""False_Northing"",0.0],PARAMETER[""Central_Meridian"",-81.0],PARAMETER[""Scale_Factor"",0.9996],PARAMETER[""Latitude_Of_Origin""",OK
QGIS/04_06_study_area/my_layers_hu10.gpkg::boundary lines 0301,76361728,2026-04-08T13:52:22Z,3,features,fid|geom|type,435907.5237599682,3354330.436583166,459096.1835913329,3367373.17686696,srs_id=26917,OK
QGIS/04_06_study_area/my_layers_hu10.gpkg::layer_styles,76361728,2026-04-08T13:52:22Z,17,attributes,id|f_table_catalog|f_table_schema|f_table_name|f_geometry_column|styleName|styleQML|styleSLD|useAsDefault|description|owner|ui|update_time,,,,,srs_id=0,OK
QGIS/04_06_study_area/my_layers_hu10.gpkg::boundary lines 0302,76361728,2026-04-08T13:52:22Z,3,features,fid|geom|type,435907.5237599682,3354330.436583166,459096.1835913329,3367373.17686696,srs_id=26917,OK
QGIS/04_06_study_area/my_layers_hu10.gpkg::boundary lines 0303,76361728,2026-04-08T13:52:22Z,8,features,fid|geom|type,435907.5237599682,3344395.664368871,463072.0012998,3367373.17686696,srs_id=26917,OK
QGIS/04_06_study_area/my_layers_hu10.gpkg::Contours,76361728,2026-04-08T13:52:22Z,147,features,fid|geom|ID|ELEV,433110.1429859117,3338620.599701056,461247.5680179361,3368758.861588488,srs_id=26917,OK
QGIS/04_06_study_area/my_layers_hu10.gpkg::hu10_large,76361728,2026-04-08T13:52:22Z,6,features,fid|geom|tnmid|metasource|sourcedata|sourceorig|sourcefeat|loaddate|referenceg|areaacres|areasqkm|states|huc10|name|hutype|humod|shape_Leng|shape_Area|ObjectID,412513.9990883497,3335315.499691652,469676.3743836693,3399862.499097019,srs_id=26917,OK
QGIS/04_06_study_area/my_layers_hu10.gpkg::hu10_study_arae,76361728,2026-04-08T13:52:22Z,4,features,fid|geom|tnmid|metasource|sourcedata|sourceorig|sourcefeat|loaddate|referenceg|areaacres|areasqkm|states|huc10|name|hutype|humod|shape_Leng|shape_Area|ObjectID,412513.9990883497,3335315.499691652,469676.3743836693,3375709.751526162,srs_id=26917,OK
QGIS/04_06_study_area/my_layers_hu10.gpkg::old_Lines,76361728,2026-04-08T13:52:22Z,4,features,fid|geom|tnmid|metasource|sourcedata|sourceorig|sourcefeat|loaddate|referenceg|areaacres|areasqkm|states|huc10|name|hutype|humod|shape_Leng|shape_Area|ObjectID,412513.9990883497,3335315.499691652,469676.3743836693,3375709.751526162,srs_id=26917,OK
QGIS/04_06_study_area/my_layers_hu10.gpkg::stations,76361728,2026-04-08T13:52:22Z,2,features,fid|geom|type,436034.3,3354718.5,458820.6,3363185.0,srs_id=26917,OK
QGIS/04_06_study_area/my_layers_hu10.gpkg::study_area 0303,76361728,2026-04-08T13:52:22Z,1,features,fid|geom|tnmid|metasource|sourcedata|sourceorig|sourcefeat|loaddate|referenceg|areaacres|areasqkm|states|huc10|name|hutype|humod|shape_Leng|shape_Area|ObjectID,413580.3749152407,3337718.500817284,463072.0012998,3375709.751526162,srs_id=99999,OK
QGIS/04_06_study_area/my_layers_hu10.gpkg::study_bnd 01,76361728,2026-04-08T13:52:22Z,1,features,fid|geom|tnmid|metasource|sourcedata|sourceorig|sourcefeat|loaddate|referenceg|areaacres|areasqkm|states|huc10|name|hutype|humod|shape_Leng|shape_Area|ObjectID|type,413580.3749152407,3337718.500817284,463428.7174850118,3375709.751526162,srs_id=26917,OK
QGIS/04_06_study_area/my_layers_hu10.gpkg::study_bnd 02,76361728,2026-04-08T13:52:22Z,1,features,fid|geom|tnmid|metasource|sourcedata|sourceorig|sourcefeat|loaddate|referenceg|areaacres|areasqkm|states|huc10|name|hutype|humod|shape_Leng|shape_Area|ObjectID|type,413580.3749152407,3337718.500817284,463428.7174850118,3375709.751526162,srs_id=26917,OK
QGIS/04_06_study_area/my_layers_hu10.gpkg::study_bnd 0301,76361728,2026-04-08T13:52:22Z,1,features,fid|geom|tnmid|metasource|sourcedata|sourceorig|sourcefeat|loaddate|referenceg|areaacres|areasqkm|states|huc10|name|hutype|humod|shape_Leng|shape_Area|ObjectID,413580.3749152407,3337718.500817284,463428.7174850118,3375709.751526162,srs_id=26917,OK
QGIS/04_06_study_area/my_layers_hu10.gpkg::study_bnd 0302,76361728,2026-04-08T13:52:22Z,1,features,fid|geom|tnmid|metasource|sourcedata|sourceorig|sourcefeat|loaddate|referenceg|areaacres|areasqkm|states|huc10|name|hutype|humod|shape_Leng|shape_Area|ObjectID,413580.3749152407,3337718.500817284,461655.9689705127,3375709.751526162,srs_id=26917,OK
QGIS/04_06_study_area/my_layers_hu10.gpkg::study_bnd 0303,76361728,2026-04-08T13:52:22Z,1,features,fid|geom|tnmid|metasource|sourcedata|sourceorig|sourcefeat|loaddate|referenceg|areaacres|areasqkm|states|huc10|name|hutype|humod|shape_Leng|shape_Area|ObjectID,413580.3749152407,3337718.500817284,463072.0012998,3375709.751526162,srs_id=99999,OK
QGIS/04_06_study_area/my_layers_hu10.gpkg::study_boudnary_02,76361728,2026-04-08T13:52:22Z,1,features,fid|geom|tnmid|metasource|sourcedata|sourceorig|sourcefeat|loaddate|referenceg|areaacres|areasqkm|states|huc10|name|hutype|humod|shape_Leng|shape_Area|ObjectID|type,413580.3749152407,3337718.500817284,463428.7174850118,3375709.751526162,srs_id=99999,OK
QGIS/04_06_study_area/my_layers_hu10.gpkg::study_boundary,76361728,2026-04-08T13:52:22Z,1,features,fid|geom,413580.3749152407,3337718.500817284,463428.7174850118,3375709.751526162,srs_id=99999,OK
QGIS/04_06_study_area/my_layers_hu10.gpkg::WBDHU10,76361728,2026-04-08T13:52:22Z,1578,features,fid|geom|tnmid|metasource|sourcedata|sourceorig|sourcefeat|loaddate|referenceg|areaacres|areasqkm|states|huc10|name|hutype|humod|shape_Leng|shape_Area|ObjectID,-90.62349624060806,24.39533257880004,-75.39809940382423,37.52103496363463,srs_id=4269,OK
QGIS/04_06_study_area/study_area 0303.gpkg::study_area 0303,131072,2026-04-06T18:40:46Z,1,features,fid|geom|tnmid|metasource|sourcedata|sourceorig|sourcefeat|loaddate|referenceg|areaacres|areasqkm|states|huc10|name|hutype|humod|shape_Leng|shape_Area|ObjectID,413580.3749152407,3337718.500817284,463072.0012998,3375709.751526162,srs_id=26917,OK
QGIS/04_06_study_area/study_bnd 0303.gpkg::study_bnd 0303,131072,2026-04-06T15:22:35Z,1,features,fid|geom|tnmid|metasource|sourcedata|sourceorig|sourcefeat|loaddate|referenceg|areaacres|areasqkm|states|huc10|name|hutype|humod|shape_Leng|shape_Area|ObjectID,413580.3749152407,3337718.500817284,463072.0012998,3375709.751526162,srs_id=26917,OK
QGIS/04_06_study_area/study_boudnary_02.gpkg::study_boudnary_02,131072,2026-04-05T03:02:16Z,1,features,fid|geom|tnmid|metasource|sourcedata|sourceorig|sourcefeat|loaddate|referenceg|areaacres|areasqkm|states|huc10|name|hutype|humod|shape_Leng|shape_Area|ObjectID|type,413580.3749152407,3337718.500817284,463428.7174850118,3375709.751526162,srs_id=26917,OK
QGIS/04_06_study_area/study_boundary.gpkg::study_boundary,131072,2026-04-04T19:15:45Z,1,features,fid|geom,413580.3749152407,3337718.500817284,463428.7174850118,3375709.751526162,srs_id=26917,OK
QGIS/before_area/jax_hu8_large.shp,173532,2026-03-25T17:54:37Z,1,Polygon,tnmid|metasource|sourcedata|sourceorig|sourcefeat|loaddate|referenceg|areaacres|areasqkm|states|huc8|name|shape_Leng|shape_Area|ObjectID,-82.08257454449023,29.00887139455557,-81.1599953740473,30.51230688909692,"GEOGCS[""GCS_North_American_1983"",DATUM[""D_North_American_1983"",SPHEROID[""GRS_1980"",6378137.0,298.257222101]],PRIMEM[""Greenwich"",0.0],UNIT[""Degree"",0.0174532925199433]]",OK
QGIS/before_area/jax_large.shp,264452,2026-03-23T18:53:52Z,10,Polygon,tnmid|metasource|sourcedata|sourceorig|sourcefeat|loaddate|referenceg|areaacres|areasqkm|states|huc10|name|hutype|humod|shape_Leng|shape_Area|ObjectID,-81.94527706345337,29.077950317365037,-80.86076979117843,30.72978436063437,"GEOGCS[""GCS_North_American_1983"",DATUM[""D_North_American_1983"",SPHEROID[""GRS_1980"",6378137.0,298.257222101]],PRIMEM[""Greenwich"",0.0],UNIT[""Degree"",0.0174532925199433]]",OK
QGIS/before_area/jax_large_area.shp,287204,2026-03-23T19:21:34Z,10,Polygon,tnmid|metasource|sourcedata|sourceorig|sourcefeat|loaddate|referenceg|areaacres|areasqkm|states|huc10|name|hutype|humod|shape_Leng|shape_Area|ObjectID,-82.01453214667919,30.01733650757359,-81.31514313734812,30.88417100414472,"GEOGCS[""GCS_North_American_1983"",DATUM[""D_North_American_1983"",SPHEROID[""GRS_1980"",6378137.0,298.257222101]],PRIMEM[""Greenwich"",0.0],UNIT[""Degree"",0.0174532925199433]]",OK
QGIS/before_area/jax_large_hu8.shp,29108112,2026-03-25T17:52:10Z,203,Polygon,tnmid|metasource|sourcedata|sourceorig|sourcefeat|loaddate|referenceg|areaacres|areasqkm|states|huc8|name|shape_Leng|shape_Area|ObjectID,-90.62349624060806,24.395332578800037,-75.39809940382423,37.521034963634634,"GEOGCS[""GCS_North_American_1983"",DATUM[""D_North_American_1983"",SPHEROID[""GRS_1980"",6378137.0,298.257222101]],PRIMEM[""Greenwich"",0.0],UNIT[""Degree"",0.0174532925199433]]",OK
QGIS/before_area/jax_study_Area.shp,71724,2026-03-23T14:24:49Z,3,Polygon,tnmid|metasource|sourcedata|sourceorig|sourcefeat|loaddate|referenceg|areaacres|areasqkm|states|huc10|name|hutype|humod|shape_Leng|shape_Area|ObjectID,412513.9990883497,3335315.499691652,463872.7816736752,3375709.751526162,"PROJCS[""NAD_1983_UTM_Zone_17N"",GEOGCS[""GCS_North_American_1983"",DATUM[""D_North_American_1983"",SPHEROID[""GRS_1980"",6378137.0,298.257222101]],PRIMEM[""Greenwich"",0.0],UNIT[""Degree"",0.0174532925199433]],PROJECTION[""Transverse_Mercator""],PARAMETER[""False_Easting"",500000.0],PARAMETER[""False_Northing"",0.0],PARAMETER[""Central_Meridian"",-81.0],PARAMETER[""Scale_Factor"",0.9996],PARAMETER[""Latitude_Of_Origin""",OK
QGIS/before_area/jax_study_area_2.shp,53252,2026-03-26T19:29:11Z,2,Polygon,tnmid|metasource|sourcedata|sourceorig|sourcefeat|loaddate|referenceg|areaacres|areasqkm|states|huc10|name|hutype|humod|shape_Leng|shape_Area|ObjectID,413580.3749152407,3337718.5008172845,463872.7816736752,3375709.751526162,"PROJCS[""WGS_1984_UTM_Zone_17N"",GEOGCS[""GCS_WGS_1984"",DATUM[""D_WGS_1984"",SPHEROID[""WGS_1984"",6378137.0,298.257223563]],PRIMEM[""Greenwich"",0.0],UNIT[""Degree"",0.0174532925199433]],PROJECTION[""Transverse_Mercator""],PARAMETER[""False_Easting"",500000.0],PARAMETER[""False_Northing"",0.0],PARAMETER[""Central_Meridian"",-81.0],PARAMETER[""Scale_Factor"",0.9996],PARAMETER[""Latitude_Of_Origin"",0.0],UNIT[""Meter"",1.0",OK
QGIS/before_area/jax_study_area_4268.shp,71724,2026-03-23T14:34:51Z,3,Polygon,tnmid|metasource|sourcedata|sourceorig|sourcefeat|loaddate|referenceg|areaacres|areasqkm|states|huc10|name|hutype|humod|shape_Leng|shape_Area|ObjectID,-81.91025054267442,30.146952112580717,-81.37607964558686,30.512306889096912,"GEOGCS[""GCS_North_American_1983"",DATUM[""D_North_American_1983"",SPHEROID[""GRS_1980"",6378137.0,298.257222101]],PRIMEM[""Greenwich"",0.0],UNIT[""Degree"",0.0174532925199433]]",OK
QGIS/before_area/line.shp,71724,2026-03-23T15:18:40Z,3,PolyLine,tnmid|metasource|sourcedata|sourceorig|sourcefeat|loaddate|referenceg|areaacres|areasqkm|states|huc10|name|hutype|humod|shape_Leng|shape_Area|ObjectID,-81.91025054267442,30.146952112580717,-81.37607964558686,30.512306889096912,"GEOGCS[""GCS_North_American_1983"",DATUM[""D_North_American_1983"",SPHEROID[""GRS_1980"",6378137.0,298.257222101]],PRIMEM[""Greenwich"",0.0],UNIT[""Degree"",0.0174532925199433]]",OK
QGIS/before_area/selected_area.gpkg::selected_area,98304,2026-03-25T17:54:09Z,0,features,fid|geometry,,,,,srs_id=100000,OK
QGIS/hu8_study_area/contour.gpkg::contour,720896,2026-04-12T00:48:15Z,275,features,fid|geom|ID|ELEV,-81.81459411540206,29.38675557744929,-81.37048818901164,30.45010352783363,srs_id=4269,OK
QGIS/hu8_study_area/discharge_bnd.gpkg::discharge_bnd,98304,2026-04-12T19:49:26Z,1,features,fid|geometry|btype,-81.68501281738281,29.59359741210938,-81.68220520019531,29.59527969360352,srs_id=4269,OK
QGIS/hu8_study_area/discharge_bnd_26917.gpkg::discharge_bnd_26917,106496,2026-04-12T19:49:26Z,1,features,fid|geom|btype,433664.8656423597,3273948.29990679,433934.474157665,3274136.283825717,srs_id=26917,OK
QGIS/hu8_study_area/discharge_src_pt_26917.gpkg::discharge_src_pt_26917,98304,2026-04-12T02:36:18Z,1,features,fid|geom|btype,433799.6699000124,3274042.291866254,433799.6699000124,3274042.291866254,srs_id=26917,OK
QGIS/hu8_study_area/hu8_study_area.gpkg::wbdhu8,278528,2026-04-12T19:49:26Z,1,features,fid|geom|tnmid|metasource|sourcedata|sourceorig|sourcefeat|loaddate|referenceg|areaacres|areasqkm|states|huc8|name|shape_Leng|shape_Area|ObjectID,-82.08257454449023,29.00887139455557,-81.1599953740473,30.51230688909692,srs_id=4269,OK
QGIS/hu8_study_area/hu8_study_area_26917.gpkg::hu8_study_area__26917,278528,2026-04-12T15:13:20Z,1,features,fid|geom|tnmid|metasource|sourcedata|sourceorig|sourcefeat|loaddate|referenceg|areaacres|areasqkm|states|huc8|name|shape_Leng|shape_Area|ObjectID,395240.3762652276,3208997.498680648,484441.9988422966,3375709.751526162,srs_id=26917,OK
QGIS/hu8_study_area/hu8_study_area_outline_26917.gpkg::hu8_study_area_outline_26917,438272,2026-04-12T15:19:54Z,1,features,fid|geom|tnmid|metasource|sourcedata|sourceorig|sourcefeat|loaddate|referenceg|areaacres|areasqkm|states|huc8|name|shape_Leng|shape_Area|ObjectID,395240.375,3208997.0,484442.0,3375710.25,srs_id=26917,OK
QGIS/hu8_study_area/noaa_station.gpkg::noaa_station,106496,2026-04-11T20:40:31Z,1,features,fid|geom,-81.428333,30.398333,-81.428333,30.398333,srs_id=4269,OK
QGIS/hu8_study_area/study_domain.gpkg::study_domain,438272,2026-04-12T19:49:26Z,1,features,fid|geom|tnmid|metasource|sourcedata|sourceorig|sourcefeat|loaddate|referenceg|areaacres|areasqkm|states|huc8|name|shape_Leng|shape_Area|ObjectID,395240.375,3208997.0,484442.0,3375710.25,srs_id=26917,OK
QGIS/hu8_study_area/study_domain_coastal.gpkg::study_domain_coastal,266240,2026-04-12T15:34:31Z,1,features,fid|geom|tnmid|metasource|sourcedata|sourceorig|sourcefeat|loaddate|referenceg|areaacres|areasqkm|states|huc8|name|shape_Leng|shape_Area|ObjectID,395240.3762652276,3208997.498680648,484441.9988422966,3375709.751526162,srs_id=26917,OK
QGIS/hu8_study_area/study_domain_coastal_4269.gpkg::study_domain_coastal_4269,278528,2026-04-12T15:36:50Z,1,features,fid|geom|tnmid|metasource|sourcedata|sourceorig|sourcefeat|loaddate|referenceg|areaacres|areasqkm|states|huc8|name|shape_Leng|shape_Area|ObjectID,-82.08257454449023,29.00887139455557,-81.1599953740473,30.51230688909691,srs_id=4269,OK
QGIS/hu8_study_area/study_domain_final_26917.gpkg::study_domain_final_26917,270336,2026-04-12T02:19:29Z,1,features,fid|geom|tnmid|metasource|sourcedata|sourceorig|sourcefeat|loaddate|referenceg|areaacres|areasqkm|states|huc8|name|shape_Leng|shape_Area|ObjectID,395240.3762652276,3208997.498680648,484441.9988422966,3375709.751526162,srs_id=26917,OK
QGIS/hu8_study_area/trim_lines.gpkg::trim_lines,98304,2026-04-11T20:45:03Z,0,features,fid|geometry|type,,,,,srs_id=26917,OK
QGIS/hu8_study_area/usgs_station.gpkg::usgs_station,106496,2026-04-11T20:41:07Z,1,features,fid|geom,-81.68317614753873,29.5963620049942,-81.68317614753873,29.5963620049942,srs_id=4269,OK
QGIS/hu8_study_area/waterlevel_bnd.gpkg::waterlevel_bnd,98304,2026-04-12T01:14:43Z,1,features,fid|geometry|btype,-81.3962631225586,30.25986099243164,-81.38037109375,30.40304183959961,srs_id=4269,OK
QGIS/hu8_study_area/waterlevel_bnd_26917.gpkg::waterlevel_bnd_26917,106496,2026-04-13T00:08:06Z,1,features,fid|geom|btype,461937.8317383203,3347641.847440138,463408.7715141962,3363513.559713045,srs_id=26917,OK
QGIS/oldstudy_area/jacksonville_domain.gpkg::jacksonville_domain,106496,2026-04-09T00:59:03Z,1,features,fid|geom|name|epsg|x0|y0|dx|dy|mmax|nmax|rotation_deg,394071.2046761943,3224393.545764956,497474.9551027459,3375791.0,srs_id=32617,OK
data/WBD_03_HU2_Shape/Shape/NWISDrainageArea.shp,100,2025-01-09T01:52:04Z,0,,tnmid|metasource|sourcedata|sourceorig|sourcefeat|loaddate|areasqkm|agencycode|sitenumber|stationnam|totalareas|nwistotala|contributi|nwiscontri|referencet|remarks|shape_Leng|shape_Area|ObjectID,,,,,"GEOGCS[""GCS_North_American_1983"",DATUM[""D_North_American_1983"",SPHEROID[""GRS_1980"",6378137.0,298.257222101]],PRIMEM[""Greenwich"",0.0],UNIT[""Degree"",0.0174532925199433]]",OK
data/WBD_03_HU2_Shape/Shape/NWISDrainageLine.shp,100,2025-01-09T01:52:04Z,0,,tnmid|metasource|sourcedata|sourceorig|sourcefeat|loaddate|lengthkm|linesource|agencycode|sitenumber|shape_Leng|ObjectID,,,,,"GEOGCS[""GCS_North_American_1983"",DATUM[""D_North_American_1983"",SPHEROID[""GRS_1980"",6378137.0,298.257222101]],PRIMEM[""Greenwich"",0.0],UNIT[""Degree"",0.0174532925199433]]",OK
data/WBD_03_HU2_Shape/Shape/NonContributingDrainageArea.shp,100,2025-01-09T01:52:06Z,0,,tnmid|metasource|sourcedata|sourceorig|sourcefeat|loaddate|areasqkm|noncontrib|remarks|shape_Leng|shape_Area|ObjectID,,,,,"GEOGCS[""GCS_North_American_1983"",DATUM[""D_North_American_1983"",SPHEROID[""GRS_1980"",6378137.0,298.257222101]],PRIMEM[""Greenwich"",0.0],UNIT[""Degree"",0.0174532925199433]]",OK
data/WBD_03_HU2_Shape/Shape/NonContributingDrainageLine.shp,100,2025-01-09T01:52:06Z,0,,tnmid|metasource|sourcedata|sourceorig|sourcefeat|loaddate|lengthkm|linesource|shape_Leng|ObjectID,,,,,"GEOGCS[""GCS_North_American_1983"",DATUM[""D_North_American_1983"",SPHEROID[""GRS_1980"",6378137.0,298.257222101]],PRIMEM[""Greenwich"",0.0],UNIT[""Degree"",0.0174532925199433]]",OK
data/WBD_03_HU2_Shape/Shape/WBDHU10.shp,72736940,2025-01-09T01:52:20Z,1578,Polygon,tnmid|metasource|sourcedata|sourceorig|sourcefeat|loaddate|referenceg|areaacres|areasqkm|states|huc10|name|hutype|humod|shape_Leng|shape_Area|ObjectID,-90.62349624060806,24.395332578800037,-75.39809940382423,37.521034963634634,"GEOGCS[""GCS_North_American_1983"",DATUM[""D_North_American_1983"",SPHEROID[""GRS_1980"",6378137.0,298.257222101]],PRIMEM[""Greenwich"",0.0],UNIT[""Degree"",0.0174532925199433]]",OK
data/WBD_03_HU2_Shape/Shape/WBDHU14.shp,100,2025-01-09T01:52:08Z,0,,tnmid|metasource|sourcedata|sourceorig|sourcefeat|loaddate|referenceg|areaacres|areasqkm|states|huc14|name|hutype|humod|tohuc|noncontrib|noncontr_1|shape_Leng|shape_Area|ObjectID,,,,,"GEOGCS[""GCS_North_American_1983"",DATUM[""D_North_American_1983"",SPHEROID[""GRS_1980"",6378137.0,298.257222101]],PRIMEM[""Greenwich"",0.0],UNIT[""Degree"",0.0174532925199433]]",OK
data/WBD_03_HU2_Shape/Shape/WBDHU16.shp,100,2025-01-09T01:52:10Z,0,,tnmid|metasource|sourcedata|sourceorig|sourcefeat|loaddate|referenceg|areaacres|areasqkm|states|huc16|name|hutype|humod|tohuc|noncontrib|noncontr_1|shape_Leng|shape_Area|ObjectID,,,,,"GEOGCS[""GCS_North_American_1983"",DATUM[""D_North_American_1983"",SPHEROID[""GRS_1980"",6378137.0,298.257222101]],PRIMEM[""Greenwich"",0.0],UNIT[""Degree"",0.0174532925199433]]",OK
data/WBD_03_HU2_Shape/Shape/WBDHU2.shp,2065696,2025-01-09T01:52:22Z,1,Polygon,tnmid|metasource|sourcedata|sourceorig|sourcefeat|loaddate|referenceg|areaacres|areasqkm|states|huc2|name|shape_Leng|shape_Area|ObjectID,-90.62349624060806,24.395332578800037,-75.39809940382423,37.521034963634634,"GEOGCS[""GCS_North_American_1983"",DATUM[""D_North_American_1983"",SPHEROID[""GRS_1980"",6378137.0,298.257222101]],PRIMEM[""Greenwich"",0.0],UNIT[""Degree"",0.0174532925199433]]",OK
data/WBD_03_HU2_Shape/Shape/WBDHU4.shp,9275272,2025-01-09T01:52:22Z,18,Polygon,tnmid|metasource|sourcedata|sourceorig|sourcefeat|loaddate|referenceg|areaacres|areasqkm|states|huc4|name|shape_Leng|shape_Area|ObjectID,-90.62349624060806,24.395332578800037,-75.39809940382423,37.521034963634634,"GEOGCS[""GCS_North_American_1983"",DATUM[""D_North_American_1983"",SPHEROID[""GRS_1980"",6378137.0,298.257222101]],PRIMEM[""Greenwich"",0.0],UNIT[""Degree"",0.0174532925199433]]",OK
data/WBD_03_HU2_Shape/Shape/WBDHU6.shp,12952256,2025-01-09T01:52:22Z,33,Polygon,tnmid|metasource|sourcedata|sourceorig|sourcefeat|loaddate|referenceg|areaacres|areasqkm|states|huc6|name|shape_Leng|shape_Area|ObjectID,-90.62349624060806,24.395332578800037,-75.39809940382423,37.521034963634634,"GEOGCS[""GCS_North_American_1983"",DATUM[""D_North_American_1983"",SPHEROID[""GRS_1980"",6378137.0,298.257222101]],PRIMEM[""Greenwich"",0.0],UNIT[""Degree"",0.0174532925199433]]",OK
data/WBD_03_HU2_Shape/Shape/WBDHU8.shp,29108112,2025-01-09T01:52:22Z,203,Polygon,tnmid|metasource|sourcedata|sourceorig|sourcefeat|loaddate|referenceg|areaacres|areasqkm|states|huc8|name|shape_Leng|shape_Area|ObjectID,-90.62349624060806,24.395332578800037,-75.39809940382423,37.521034963634634,"GEOGCS[""GCS_North_American_1983"",DATUM[""D_North_American_1983"",SPHEROID[""GRS_1980"",6378137.0,298.257222101]],PRIMEM[""Greenwich"",0.0],UNIT[""Degree"",0.0174532925199433]]",OK
data/WBD_03_HU2_Shape/Shape/WBDLine.shp,76701188,2025-01-09T01:52:24Z,23198,PolyLine,tnmid|hudigit|humod|linesource|metasource|loaddate|shape_Leng|ObjectID,-90.62349624060806,24.395332578800037,-75.39809940382423,37.521034963634634,"GEOGCS[""GCS_North_American_1983"",DATUM[""D_North_American_1983"",SPHEROID[""GRS_1980"",6378137.0,298.257222101]],PRIMEM[""Greenwich"",0.0],UNIT[""Degree"",0.0174532925199433]]",OK
jacksonville_sfincs_input/waterlevel_bnd_26917.gpkg::waterlevel_bnd_26917,106496,2026-04-12T02:23:21Z,1,features,fid|geom|btype,461937.8317383203,3347641.847440138,463408.7715141962,3363513.559713045,srs_id=26917,OK
previous_content/DEM_3m/dem_raw/dem_3m_left/ned19_n30x50_w081x75_fl_duvalco_2007.shp,76492,2014-02-13T04:43:42Z,1,Polygon,DEMNAME|RESOLUTION|ZUNIT|PMETHOD|S_DATE|FREETEXT|RMSEZ_FVA|RMSEZ_SVA|RMSEZ|RMSEZ_CVA|QUADDATE,-81.75018518518519,30.249814814814826,-81.49981481481485,30.500185185185238,"GEOGCS[""GCS_North_American_1983"",DATUM[""D_North_American_1983"",SPHEROID[""GRS_1980"",6378137.0,298.257222101]],PRIMEM[""Greenwich"",0.0],UNIT[""Degree"",0.0174532925199433]]",OK
previous_content/DEM_3m/dem_raw/dem_3m_right/ned19_n30x50_w081x50_fl_duvalco_2007.shp,66636,2014-02-13T04:36:38Z,1,Polygon,DEMNAME|RESOLUTION|ZUNIT|PMETHOD|S_DATE|FREETEXT|RMSEZ_FVA|RMSEZ_SVA|RMSEZ|RMSEZ_CVA|QUADDATE,-81.50018518518519,30.249814814814826,-81.37734567901244,30.500185185185238,"GEOGCS[""GCS_North_American_1983"",DATUM[""D_North_American_1983"",SPHEROID[""GRS_1980"",6378137.0,298.257222101]],PRIMEM[""Greenwich"",0.0],UNIT[""Degree"",0.0174532925199433]]",OK
