rel_path,bytes,mtime_utc,n_lines,header,first_row
data/2017_Irma_highWaterMark.csv,309279,2026-03-20T01:56:40Z,547,"latitude,longitude,eventName,hwmTypeName,hwmQualityName,verticalDatumName,verticalMethodName,approvalMember,markerName,horizontalMethodName,horizontalDatumName,flagMemberName,surveyMemberName,site_no,siteDescription,sitePriorityName,networkNames,stateName,countyName,siteZone,sitePermHousing,site_latitude,site_longitude,hwm_id,waterbody,site_id,event_id,hwm_type_id,hwm_quality_id,hwm_locationdescri","31.170642,-81.428402,2017 Irma,Debris,Poor: +/- 0.40 ft,NAVD88,RT-GNSS,Steve Harden,Not marked,Other (Note in Description box),NAD83,Daniel McCay,Daniel McCay,GAGLY17810,Wooden pier on way onto St. Simmons island. SSS-GA-GLY-011.,,,GA,Glynn County,,No,31.170642,-81.428402,22602,Intercostal,17810,182,2,4,Debris line near access road for dock next to causeway.,31.170642,-81.428402,9/13/2017 4:00:00 "
data/NOAA_val_8720226.csv,208331,2026-03-19T02:21:37Z,5041,"""Date"",""Time (GMT)"",""Predicted (m)"",""Preliminary (m)"",""Verified (m)""","""2017/09/01"",""00:00"",""0.244"",""-"",""0.409"""
data/cleaned_boundaries_15min.csv,84833,2026-03-17T01:07:55Z,1922,",usgs_city_ft,mayport_coast_ft","2017-09-01 00:00:00+00:00,0.16,0.6866666666666666"
data/mayport_water_level.csv,205139,2026-03-17T01:01:47Z,5041,"""Date"",""Time (GMT)"",""Predicted (ft)"",""Preliminary (ft)"",""Verified (ft)""","""2017/09/01"",""00:00"",""0.193"",""-"",""0.79"""
data/mayport_water_level_clean.csv,193850,2026-04-12T14:35:22Z,5041,"datetime_gmt,wl_ft_verified,wl_m_verified","2017-09-01 00:00:00,0.79,0.24079200000000003"
data/mrms_irma_jax_201709.nc,19232023,2026-03-17T14:35:17Z,-1,NetCDF (see audit_netcdf),
data/mrms_qpe_jax/mrms_gaugeCorr_qpe1h_jax_26917.nc,4024047,2026-04-13T01:21:46Z,-1,NetCDF (see audit_netcdf),
data/usgs_city_water_level.csv,320726,2026-03-17T00:54:51Z,1821,"x,y,id,time_series_id,monitoring_location_id,parameter_code,statistic_id,time,value,unit_of_measure,approval_status,qualifier,last_modified",",,25bf08a2-dfac-4026-bb40-7dd2d283a687,1b347ca0b1184c58bd399a40c000076c,USGS-02246500,63160,00011,2017-09-21 03:45:00+00:00,2.05,ft,Approved,,2025-08-13 12:49:09.359620+00:00"
hwm_val/processed/hwm_filter_summary.csv,98,2026-04-13T21:37:01Z,5,"stage,count","raw_loaded,506"
hwm_val/processed/hwm_irma_active_mask_filtered.csv,64433,2026-04-13T21:37:01Z,114,"latitude,longitude,eventName,hwmTypeName,hwmQualityName,verticalDatumName,verticalMethodName,approvalMember,markerName,horizontalMethodName,horizontalDatumName,flagMemberName,surveyMemberName,site_no,siteDescription,sitePriorityName,networkNames,stateName,countyName,siteZone,sitePermHousing,site_latitude,site_longitude,hwm_id,waterbody,site_id,event_id,hwm_type_id,hwm_quality_id,hwm_locationdescri","30.2875833333333,-81.4207222222222,2017 Irma,Seed line,Good: +/- 0.10 ft,NAVD88,RT-GNSS,Darrell Lambeth,Marker,Map (digital or paper),WGS84 (from Digital Map),Sonny Anderson,Sonny Anderson,FLDUV03114,Beach Boulevard,,South Atlantic,FL,Duval County,0,No,30.2875833333333,-81.4207222222222,23419,Pablo Creek,3114,182,5,2,The15th metal eye support from south end of guardrail. Spray painted orange for l"
hwm_val/processed/hwm_irma_active_mask_navd88_usable.csv,59162,2026-04-13T21:37:01Z,107,"latitude,longitude,eventName,hwmTypeName,hwmQualityName,verticalDatumName,verticalMethodName,approvalMember,markerName,horizontalMethodName,horizontalDatumName,flagMemberName,surveyMemberName,site_no,siteDescription,sitePriorityName,networkNames,stateName,countyName,siteZone,sitePermHousing,site_latitude,site_longitude,hwm_id,waterbody,site_id,event_id,hwm_type_id,hwm_quality_id,hwm_locationdescri","30.2875833333333,-81.4207222222222,2017 Irma,Seed line,Good: +/- 0.10 ft,NAVD88,RT-GNSS,Darrell Lambeth,Marker,Map (digital or paper),WGS84 (from Digital Map),Sonny Anderson,Sonny Anderson,FLDUV03114,Beach Boulevard,,South Atlantic,FL,Duval County,0,No,30.2875833333333,-81.4207222222222,23419,Pablo Creek,3114,182,5,2,The15th metal eye support from south end of guardrail. Spray painted orange for l"
hwm_val/processed/hwm_irma_all_with_xy26917.csv,338333,2026-04-13T21:37:01Z,547,"latitude,longitude,eventName,hwmTypeName,hwmQualityName,verticalDatumName,verticalMethodName,approvalMember,markerName,horizontalMethodName,horizontalDatumName,flagMemberName,surveyMemberName,site_no,siteDescription,sitePriorityName,networkNames,stateName,countyName,siteZone,sitePermHousing,site_latitude,site_longitude,hwm_id,waterbody,site_id,event_id,hwm_type_id,hwm_quality_id,hwm_locationdescri","31.170642,-81.428402,2017 Irma,Debris,Poor: +/- 0.40 ft,NAVD88,RT-GNSS,Steve Harden,Not marked,Other (Note in Description box),NAD83,Daniel McCay,Daniel McCay,GAGLY17810,Wooden pier on way onto St. Simmons island. SSS-GA-GLY-011.,,,GA,Glynn County,,No,31.170642,-81.428402,22602,Intercostal,17810,182,2,4,Debris line near access road for dock next to causeway.,31.170642,-81.428402,9/13/2017 4:00:00 "
hwm_val/processed/hwm_irma_bbox_filtered.csv,79644,2026-04-13T21:37:01Z,137,"latitude,longitude,eventName,hwmTypeName,hwmQualityName,verticalDatumName,verticalMethodName,approvalMember,markerName,horizontalMethodName,horizontalDatumName,flagMemberName,surveyMemberName,site_no,siteDescription,sitePriorityName,networkNames,stateName,countyName,siteZone,sitePermHousing,site_latitude,site_longitude,hwm_id,waterbody,site_id,event_id,hwm_type_id,hwm_quality_id,hwm_locationdescri","30.5105277777777,-81.4608333333333,2017 Irma,Debris,Poor: +/- 0.40 ft,NAVD88,Level Gun,Darrell Lambeth,Nail,Map (digital or paper),WGS84 (from Digital Map),Sonny Anderson,Sonny Anderson,FLDUV03108,Big Talbot Island State Park,,South Atlantic,FL,Duval County,0,Yes,30.5105277777777,-81.4608333333333,22757,Sawpit Creek,3108,182,2,4,1st midrail from top handrail ~100 ft east of RP 1 on wooden walkway."
hwm_val/processed/hwm_irma_validation_metrics.csv,157,2026-04-13T22:08:37Z,2,"count,rmse_m,mae_m,bias_m,mean_obs_wse_m,mean_model_zsmax_m","54,1.688463922179742,1.094922537101463,-1.0042448573636653,2.1182753333333335,1.1140304759696678"
hwm_val/processed/hwm_irma_validation_table_final.csv,53902,2026-04-13T22:08:37Z,74,"hwm_id,site_id,site_no,siteDescription,waterbody,hwmQualityName,verticalDatumName,x_26917,y_26917,obs_wse_m,match_found,match_method,search_radius_cells,model_x_26917,model_y_26917,dist_point_to_cell_m,model_hmax_m,model_zsmax_m,error_m,abs_error_m,grid_row_zsmax,grid_col_zsmax,nearest_row_raw,nearest_col_raw,elev_ft,latitude,longitude,eventName,hwmTypeName,verticalMethodName,approvalMember,marker","23419,3114,FLDUV03114,Beach Boulevard,Pablo Creek,Good: +/- 0.10 ft,NAVD88,459539.38668512896,3350727.748870579,1.5273528,True,nearest_valid_cell_within_radius,0.0,459532.375,3350720.0,10.45029777560235,1.8899939060211184,1.286793828010559,-0.24055897198944098,0.24055897198944098,2381.0,1091.0,2381,1091,5.011,30.2875833333333,-81.4207222222222,2017 Irma,Seed line,RT-GNSS,Darrell Lambeth,Marker,Map"
hwm_val/processed/hwm_irma_zsmax_comparison.csv,75582,2026-04-13T21:58:49Z,107,"hwm_id,site_id,site_no,siteDescription,waterbody,hwmQualityName,verticalDatumName,x_26917,y_26917,obs_wse_m,match_found,match_method,search_radius_cells,model_x_26917,model_y_26917,dist_point_to_cell_m,model_hmax_m,model_zsmax_m,error_m,abs_error_m,grid_row_zsmax,grid_col_zsmax,nearest_row_raw,nearest_col_raw,elev_ft,latitude,longitude,eventName,hwmTypeName,verticalMethodName,approvalMember,marker","23419,3114,FLDUV03114,Beach Boulevard,Pablo Creek,Good: +/- 0.10 ft,NAVD88,459539.38668512896,3350727.748870579,1.5273528,True,nearest_valid_cell_within_radius,0.0,459532.375,3350720.0,10.45029777560235,1.8899939060211182,1.286793828010559,-0.24055897198944098,0.24055897198944098,2381.0,1091.0,2381,1091,5.011,30.2875833333333,-81.4207222222222,2017 Irma,Seed line,RT-GNSS,Darrell Lambeth,Marker,Map"
hwm_val/processed/hwm_irma_zsmax_comparison_excluded.csv,29087,2026-04-13T22:03:28Z,34,"hwm_id,site_id,site_no,siteDescription,waterbody,hwmQualityName,verticalDatumName,x_26917,y_26917,obs_wse_m,match_found,match_method,search_radius_cells,model_x_26917,model_y_26917,dist_point_to_cell_m,model_hmax_m,model_zsmax_m,error_m,abs_error_m,grid_row_zsmax,grid_col_zsmax,nearest_row_raw,nearest_col_raw,elev_ft,latitude,longitude,eventName,hwmTypeName,verticalMethodName,approvalMember,marker","24794,22847,FLSTJ22847,Culvert over six mile ck on CR-208,Six Mile Creek,VP: > 0.40 ft,NAVD88,451028.6151915281,3308538.697432924,2.904744,True,nearest_valid_cell_within_radius,3.0,451081.03125,3308701.5,171.03250870008335,0.0690363645553588,1.1677364110946655,-1.7370075889053345,1.7370075889053345,1675.0,949.0,1672,948,9.53,29.90655,-81.50727,2017 Irma,Debris,Level Gun,Laura LaPolice,Stake,Handhe"
hwm_val/processed/hwm_irma_zsmax_comparison_qc.csv,53874,2026-04-13T22:03:28Z,74,"hwm_id,site_id,site_no,siteDescription,waterbody,hwmQualityName,verticalDatumName,x_26917,y_26917,obs_wse_m,match_found,match_method,search_radius_cells,model_x_26917,model_y_26917,dist_point_to_cell_m,model_hmax_m,model_zsmax_m,error_m,abs_error_m,grid_row_zsmax,grid_col_zsmax,nearest_row_raw,nearest_col_raw,elev_ft,latitude,longitude,eventName,hwmTypeName,verticalMethodName,approvalMember,marker","23419,3114,FLDUV03114,Beach Boulevard,Pablo Creek,Good: +/- 0.10 ft,NAVD88,459539.38668512896,3350727.748870579,1.5273528,True,nearest_valid_cell_within_radius,0.0,459532.375,3350720.0,10.45029777560235,1.8899939060211184,1.286793828010559,-0.2405589719894409,0.2405589719894409,2381.0,1091.0,2381,1091,5.011,30.2875833333333,-81.4207222222222,2017 Irma,Seed line,RT-GNSS,Darrell Lambeth,Marker,Map ("
hwm_val/processed/hwm_irma_zsmax_qc_summary.csv,294,2026-04-13T22:03:28Z,12,"item,value","input_rows,84"
hwm_val/processed/hwm_top_abs_error_points.csv,6428,2026-04-14T00:32:44Z,21,"hwm_id,site_id,site_no,siteDescription,waterbody,hwmTypeName,hwmQualityName,x_26917,y_26917,obs_wse_m,model_zsmax_m,error_m,abs_error_m,search_radius_cells,dist_point_to_cell_m,model_hmax_m,hwm_environment,hwm_locationdescription,hwm_notes","25070,23098,FLCLA23098,3891 Weigela Ln.,Black Creek,Seed line,Excellent: +/- 0.05 ft,417213.16398537986,3326454.6368219224,5.477256,0.6339840292930603,-4.843271970706939,4.843271970706939,2.0,117.27253189738988,0.1509840190410614,Riverine,right window frame of the window to the right of the furthest left front door of the residence,GNSS Level II survey."
hwm_val/raw/2017_Irma_highWaterMark.csv,309771,2026-04-13T21:03:40Z,547,"latitude,longitude,eventName,hwmTypeName,hwmQualityName,verticalDatumName,verticalMethodName,approvalMember,markerName,horizontalMethodName,horizontalDatumName,flagMemberName,surveyMemberName,site_no,siteDescription,sitePriorityName,networkNames,stateName,countyName,siteZone,sitePermHousing,site_latitude,site_longitude,hwm_id,waterbody,site_id,event_id,hwm_type_id,hwm_quality_id,hwm_locationdescri","31.170642,-81.428402,2017 Irma,Debris,Poor: +/- 0.40 ft,NAVD88,RT-GNSS,Steve Harden,Not marked,Other (Note in Description box),NAD83,Daniel McCay,Daniel McCay,GAGLY17810,Wooden pier on way onto St. Simmons island. SSS-GA-GLY-011.,,,GA,Glynn County,,No,31.170642,-81.428402,22602,Intercostal,17810,182,2,4,Debris line near access road for dock next to causeway.,31.170642,-81.428402,9/13/2017 4:00:00 "
jacksonville_sfincs_input/mayport_wl_forcing_utc.csv,153757,2026-04-12T20:52:00Z,5041,"time_utc,waterlevel_m","2017-09-01 00:00:00,0.240792"
model_results/data_model/rf_dataset_split_info.csv,58877096,2026-04-14T17:35:23Z,2034369,"x,y,split","473994.84,3.209071e+06,train"
model_results/data_model/rf_feature_importance.csv,233,2026-04-14T18:08:24Z,8,"feature,importance","dem,0.9930581898342784"
model_results/data_model/rf_metrics.csv,201,2026-04-14T18:08:24Z,3,"split,n,n_wet,rmse_m,mae_m,r2,rmse_wet_m,mae_wet_m,r2_wet,train_time_s","val,305155,48184,0.0206,0.0044,0.9997,0.0479,0.018,0.9996,270.7"
model_results/data_pinn_model/data_pinn_metrics.csv,318,2026-04-14T20:52:17Z,4,"model,n,n_wet,rmse_m,mae_m,r2,bias_m,rmse_wet_m,mae_wet_m,r2_wet","RF vs SFINCS,2034368,321625,0.0191,0.004,0.9998,-0.0,0.0443,0.0161,0.9997"
model_results/data_pinn_model/data_pinn_training_history.csv,8190,2026-04-14T20:39:55Z,62,"iter,phase,loss_total,loss_ic,loss_bc,loss_data,loss_pde,w_pde,lr,elapsed_s","0,1,20.59494972229004,0.13822044432163239,0.6772904992103577,0.0,0.0,0.0,0.001,0.03373074531555176"
model_results/pinn_model/pinn_metrics.csv,226,2026-04-14T19:22:17Z,3,"model,n,n_wet,rmse_m,mae_m,r2,bias_m,rmse_wet_m,mae_wet_m,r2_wet","RF vs SFINCS,2034368,321625,0.0191,0.004,0.9998,-0.0,0.0443,0.0161,0.9997"
model_results/pinn_model/pinn_training_history.csv,7366,2026-04-14T19:14:22Z,62,"iter,loss_total,loss_ic,loss_bc,loss_pde,loss_dry,lr,elapsed_s","0,3898.2744140625,389.82744140625,0.0,0.0,0.0,0.001,0.08791995048522949"
outputs/boundary_research/noaa/8720218_water_level_utc_navd88_m.csv,199441,2026-09-13T14:45:38Z,4321,"time_utc,water_level_m_navd88,sigma_m,flags,quality","2017-09-03T00:00:00Z,0.633,0.005,""0,0,0,0"",v"
outputs/boundary_research/noaa/8720219_water_level_utc_navd88_m.csv,199036,2026-09-13T14:45:38Z,4321,"time_utc,water_level_m_navd88,sigma_m,flags,quality","2017-09-03T00:00:00Z,0.563,0.004,""0,0,0,0"",v"
outputs/boundary_research/noaa/8720226_water_level_utc_navd88_m.csv,198720,2026-09-13T14:45:38Z,4321,"time_utc,water_level_m_navd88,sigma_m,flags,quality","2017-09-03T00:00:00Z,0.351,0.006,""0,0,0,0"",v"
outputs/boundary_research/noaa/8720357_water_level_utc_navd88_m.csv,93967,2026-09-13T14:47:28Z,2060,"time_utc,water_level_m_navd88,sigma_m,flags,quality","2017-09-03T00:00:00Z,0.285,0.001,""0,0,0,0"",v"
outputs/boundary_research/station_sources_and_counts.csv,4546,2026-09-13T15:03:28Z,16,"﻿source,station,role,window_start_utc,window_end_exclusive_utc,valid_count,inferred_or_estimated_count,station_url,source_url","NOAA,8720218,optional downstream Mayport,2017-09-03T00:00:00Z,2017-09-21T00:00:00Z,4320,187,https://tidesandcurrents.noaa.gov/stationhome.html?id=8720218,https://api.tidesandcurrents.noaa.gov/api/prod/datagetter?product=water_level&application=research&begin_date=20170903&end_date=20170920&datum=NAVD&station=8720218&time_zone=gmt&units=metric&format=json"
outputs/boundary_research/usgs/02236125_00060.csv,111415,2026-09-13T14:49:41Z,1419,"timestamp_utc,site_id,parameter_code,value_original,original_unit,value_si,si_unit,qualifiers,valid","2017-09-03T00:00:00Z,02236125,00060,4830.0,ft3/s,136.77036903936,m3/s,A,True"
outputs/boundary_research/usgs/02236125_63160.csv,115273,2026-09-13T14:49:41Z,1729,"timestamp_utc,site_id,parameter_code,value_original,original_unit,value_si,si_unit,qualifiers,valid","2017-09-03T00:00:00Z,02236125,63160,0.79,ft,0.24079200000000003,m,A,True"
outputs/boundary_research/usgs/02236125_72137.csv,34063,2026-09-13T14:49:41Z,433,"timestamp_utc,site_id,parameter_code,value_original,original_unit,value_si,si_unit,qualifiers,valid","2017-09-03T00:00:00Z,02236125,72137,4520.0,ft3/s,127.99214659584,m3/s,A,True"
outputs/boundary_research/usgs/02244040_00060.csv,99672,2026-09-13T14:49:41Z,1269,"timestamp_utc,site_id,parameter_code,value_original,original_unit,value_si,si_unit,qualifiers,valid","2017-09-03T00:00:00Z,02244040,00060,20400.0,ft3/s,577.6636704768,m3/s,A,True"
outputs/boundary_research/usgs/02244040_63160.csv,80073,2026-09-13T14:49:41Z,1193,"timestamp_utc,site_id,parameter_code,value_original,original_unit,value_si,si_unit,qualifiers,valid","2017-09-03T00:00:00Z,02244040,63160,0.16,ft,0.048768000000000006,m,A,True"
outputs/boundary_research/usgs/02244040_72137.csv,19412,2026-09-13T14:49:41Z,247,"timestamp_utc,site_id,parameter_code,value_original,original_unit,value_si,si_unit,qualifiers,valid","2017-09-03T00:00:00Z,02244040,72137,9510.0,ft3/s,269.29321108992,m3/s,A,True"
outputs/boundary_research/usgs/02245500_00060.csv,125014,2026-09-13T14:49:41Z,1625,"timestamp_utc,site_id,parameter_code,value_original,original_unit,value_si,si_unit,qualifiers,valid","2017-09-03T00:00:00Z,02245500,00060,263.0,ft3/s,7.4473306536960004,m3/s,A,True"
outputs/boundary_research/usgs/02245500_00065.csv,107251,2026-09-13T14:49:41Z,1614,"timestamp_utc,site_id,parameter_code,value_original,original_unit,value_si,si_unit,qualifiers,valid","2017-09-03T00:00:00Z,02245500,00065,4.24,ft,1.2923520000000002,m,A,True"
outputs/boundary_research/usgs/02245500_63160.csv,108834,2026-09-13T14:49:41Z,1613,"timestamp_utc,site_id,parameter_code,value_original,original_unit,value_si,si_unit,qualifiers,valid","2017-09-03T00:00:00Z,02245500,63160,12.97,ft,3.9532560000000005,m,A,True"
outputs/boundary_research/usgs/02246000_00060.csv,93276,2026-09-13T14:49:41Z,1212,"timestamp_utc,site_id,parameter_code,value_original,original_unit,value_si,si_unit,qualifiers,valid","2017-09-03T00:00:00Z,02246000,00060,145.0,ft3/s,4.10594275584,m3/s,A,True"
outputs/boundary_research/usgs/02246000_00065.csv,76929,2026-09-13T14:49:41Z,1156,"timestamp_utc,site_id,parameter_code,value_original,original_unit,value_si,si_unit,qualifiers,valid","2017-09-03T00:00:00Z,02246000,00065,3.11,ft,0.947928,m,A,True"
outputs/boundary_research/usgs/02246160_00060.csv,66557,2026-09-13T14:49:41Z,856,"timestamp_utc,site_id,parameter_code,value_original,original_unit,value_si,si_unit,qualifiers,valid","2017-09-03T00:00:00Z,02246160,00060,-65.4,ft3/s,-1.8519217671168002,m3/s,A,True"
outputs/boundary_research/usgs/02246160_00065.csv,54510,2026-09-13T14:49:41Z,818,"timestamp_utc,site_id,parameter_code,value_original,original_unit,value_si,si_unit,qualifiers,valid","2017-09-03T00:00:00Z,02246160,00065,0.62,ft,0.188976,m,A,True"
outputs/boundary_research/usgs/02246160_72137.csv,17600,2026-09-13T14:49:41Z,228,"timestamp_utc,site_id,parameter_code,value_original,original_unit,value_si,si_unit,qualifiers,valid","2017-09-03T00:00:00Z,02246160,72137,55.0,ft3/s,1.5574265625600001,m3/s,A,True"
outputs/boundary_research/usgs/02246500_00060.csv,131045,2026-09-13T14:49:41Z,1636,"timestamp_utc,site_id,parameter_code,value_original,original_unit,value_si,si_unit,qualifiers,valid","2017-09-03T00:00:00Z,02246500,00060,-153000.0,ft3/s,-4332.477528576,m3/s,A,True"
outputs/boundary_research/usgs/02246500_63160.csv,108683,2026-09-13T14:49:41Z,1629,"timestamp_utc,site_id,parameter_code,value_original,original_unit,value_si,si_unit,qualifiers,valid","2017-09-03T00:00:00Z,02246500,63160,1.14,ft,0.347472,m,A,True"
outputs/boundary_research/usgs/02246500_72137.csv,34274,2026-09-13T14:49:41Z,433,"timestamp_utc,site_id,parameter_code,value_original,original_unit,value_si,si_unit,qualifiers,valid","2017-09-03T00:00:00Z,02246500,72137,12300.0,ft3/s,348.29721308160003,m3/s,A,True"
outputs/boundary_research/usgs/02246515_00060.csv,133027,2026-09-13T14:49:41Z,1729,"timestamp_utc,site_id,parameter_code,value_original,original_unit,value_si,si_unit,qualifiers,valid","2017-09-03T00:00:00Z,02246515,00060,17.8,ft3/s,0.5040398693376,m3/s,A,True"
outputs/boundary_research/usgs/02246515_00065.csv,117455,2026-09-13T14:49:41Z,1729,"timestamp_utc,site_id,parameter_code,value_original,original_unit,value_si,si_unit,qualifiers,valid","2017-09-03T00:00:00Z,02246515,00065,20.39,ft,6.214872000000001,m,A,True"
outputs/boundary_research/usgs/02246515_63160.csv,114171,2026-09-13T14:49:41Z,1729,"timestamp_utc,site_id,parameter_code,value_original,original_unit,value_si,si_unit,qualifiers,valid","2017-09-03T00:00:00Z,02246515,63160,2.62,ft,0.7985760000000001,m,A,True"
outputs/boundary_research/usgs/02246518_00060.csv,132677,2026-09-13T14:49:41Z,1711,"timestamp_utc,site_id,parameter_code,value_original,original_unit,value_si,si_unit,qualifiers,valid","2017-09-03T00:00:00Z,02246518,00060,-256.0,ft3/s,-7.249112727552,m3/s,A,True"
outputs/boundary_research/usgs/02246518_00065.csv,114768,2026-09-13T14:49:41Z,1711,"timestamp_utc,site_id,parameter_code,value_original,original_unit,value_si,si_unit,qualifiers,valid","2017-09-03T00:00:00Z,02246518,00065,1.62,ft,0.49377600000000005,m,A,True"
outputs/boundary_research/usgs/02246518_72137.csv,33341,2026-09-13T14:49:41Z,433,"timestamp_utc,site_id,parameter_code,value_original,original_unit,value_si,si_unit,qualifiers,valid","2017-09-03T00:00:00Z,02246518,72137,25.2,ft3/s,0.7135845341184,m3/s,A,True"
outputs/boundary_research/usgs/02246621_00060.csv,124587,2026-09-13T14:49:41Z,1580,"timestamp_utc,site_id,parameter_code,value_original,original_unit,value_si,si_unit,qualifiers,valid","2017-09-03T00:00:00Z,02246621,00060,-971.0,ft3/s,-27.495658040832,m3/s,A,True"
outputs/boundary_research/usgs/02246621_00065.csv,106820,2026-09-13T14:49:41Z,1580,"timestamp_utc,site_id,parameter_code,value_original,original_unit,value_si,si_unit,qualifiers,valid","2017-09-03T00:00:00Z,02246621,00065,1.71,ft,0.521208,m,A,True"
outputs/boundary_research/usgs/02246621_72137.csv,25243,2026-09-13T14:49:41Z,325,"timestamp_utc,site_id,parameter_code,value_original,original_unit,value_si,si_unit,qualifiers,valid","2017-09-03T00:00:00Z,02246621,72137,201.0,ft3/s,5.691686164992,m3/s,A,True"
outputs/boundary_research/usgs/02246751_00060.csv,134169,2026-09-13T14:49:41Z,1728,"timestamp_utc,site_id,parameter_code,value_original,original_unit,value_si,si_unit,qualifiers,valid","2017-09-03T00:00:00Z,02246751,00060,-226.0,ft3/s,-6.399607329792,m3/s,A,True"
outputs/boundary_research/usgs/02246751_00065.csv,115409,2026-09-13T14:49:41Z,1728,"timestamp_utc,site_id,parameter_code,value_original,original_unit,value_si,si_unit,qualifiers,valid","2017-09-03T00:00:00Z,02246751,00065,1.82,ft,0.554736,m,A,True"
outputs/boundary_research/usgs/02246751_72137.csv,33362,2026-09-13T14:49:41Z,433,"timestamp_utc,site_id,parameter_code,value_original,original_unit,value_si,si_unit,qualifiers,valid","2017-09-03T00:00:00Z,02246751,72137,85.4,ft3/s,2.4182586989568002,m3/s,A,True"
outputs/boundary_research/usgs/02246804_00060.csv,134614,2026-09-13T14:49:41Z,1729,"timestamp_utc,site_id,parameter_code,value_original,original_unit,value_si,si_unit,qualifiers,valid","2017-09-03T00:00:00Z,02246804,00060,-256.0,ft3/s,-7.249112727552,m3/s,A,True"
outputs/boundary_research/usgs/02246804_00065.csv,116093,2026-09-13T14:49:41Z,1729,"timestamp_utc,site_id,parameter_code,value_original,original_unit,value_si,si_unit,qualifiers,valid","2017-09-03T00:00:00Z,02246804,00065,1.7,ft,0.5181600000000001,m,A,True"
outputs/boundary_research/usgs/02246804_72137.csv,33251,2026-09-13T14:49:41Z,433,"timestamp_utc,site_id,parameter_code,value_original,original_unit,value_si,si_unit,qualifiers,valid","2017-09-03T00:00:00Z,02246804,72137,23.7,ft3/s,0.6711092642304,m3/s,A,True"
outputs/boundary_research/usgs/02246825_00060.csv,135425,2026-09-13T14:49:41Z,1729,"timestamp_utc,site_id,parameter_code,value_original,original_unit,value_si,si_unit,qualifiers,valid","2017-09-03T00:00:00Z,02246825,00060,30.9,ft3/s,0.8749905596927999,m3/s,A,True"
outputs/boundary_research/usgs/02246825_00065.csv,116346,2026-09-13T14:49:41Z,1729,"timestamp_utc,site_id,parameter_code,value_original,original_unit,value_si,si_unit,qualifiers,valid","2017-09-03T00:00:00Z,02246825,00065,2.14,ft,0.6522720000000001,m,A,True"
outputs/boundary_research/usgs/02246825_72137.csv,33343,2026-09-13T14:49:41Z,433,"timestamp_utc,site_id,parameter_code,value_original,original_unit,value_si,si_unit,qualifiers,valid","2017-09-03T00:00:00Z,02246825,72137,26.4,ft3/s,0.7475647500288,m3/s,A,True"
outputs/boundary_research/usgs/audit_00060_summary.csv,1922,2026-09-13T14:49:41Z,13,"site_id,site_name,count,first_utc,last_utc,estimated_count,min_si,max_si,max_interval_minutes,core_count,core_max_internal_interval_minutes","02236125,""ST. JOHNS RIVER AT ASTOR, FL"",1418,2017-09-03T00:00:00Z,2017-09-20T23:15:00Z,45,-178.3961335296,458.7329147904,120.0,288,15.0"
outputs/boundary_research/usgs/gaps_00060.csv,19463,2026-09-13T14:49:41Z,282,"site_id,parameter_code,previous_utc,next_utc,elapsed_minutes,intersects_core","02236125,00060,2017-09-17T07:15:00Z,2017-09-17T09:15:00Z,120.0,False"
results/validation/waterlevel_gauge_validation/series/02244440_comparison_timeseries.csv,22166,2026-04-13T20:49:11Z,242,"station_id,station_name,time_utc,obs_wse_m,model_wse_m","02244440,Dunns Creek Near Satsuma FL,2017-09-03 00:00:00+00:00,0.054864,0.6339840292930603"
results/validation/waterlevel_gauge_validation/series/02244440_model_timeseries.csv,19864,2026-04-13T20:49:11Z,242,"station_id,station_name,time_utc,model_wse_m","02244440,Dunns Creek Near Satsuma FL,2017-09-03 00:00:00+00:00,0.6339840292930603"
results/validation/waterlevel_gauge_validation/series/02246500_comparison_timeseries.csv,23793,2026-04-13T20:49:12Z,240,"station_id,station_name,time_utc,obs_wse_m,model_wse_m","02246500,St. Johns River at Jacksonville FL,2017-09-03 00:00:00+00:00,0.353568,0.6339840292930603"
results/validation/waterlevel_gauge_validation/series/02246500_model_timeseries.csv,21646,2026-04-13T20:49:12Z,242,"station_id,station_name,time_utc,model_wse_m","02246500,St. Johns River at Jacksonville FL,2017-09-03 00:00:00+00:00,0.6339840292930603"
results/validation/waterlevel_gauge_validation/series/8720219_comparison_timeseries.csv,18898,2026-04-13T20:49:13Z,242,"station_id,station_name,time_utc,obs_wse_m,model_wse_m","8720219,Dames Point FL,2017-09-03 00:00:00+00:00,0.5487,0.6339840292930603"
results/validation/waterlevel_gauge_validation/series/8720219_model_timeseries.csv,16589,2026-04-13T20:49:13Z,242,"station_id,station_name,time_utc,model_wse_m","8720219,Dames Point FL,2017-09-03 00:00:00+00:00,0.6339840292930603"
results/validation/waterlevel_gauge_validation/series/8720226_comparison_timeseries.csv,24336,2026-04-13T20:49:14Z,242,"station_id,station_name,time_utc,obs_wse_m,model_wse_m","8720226,Southbank Riverwalk St Johns River FL,2017-09-03 00:00:00+00:00,0.3585,0.6339840292930603"
results/validation/waterlevel_gauge_validation/series/8720226_model_timeseries.csv,22134,2026-04-13T20:49:14Z,242,"station_id,station_name,time_utc,model_wse_m","8720226,Southbank Riverwalk St Johns River FL,2017-09-03 00:00:00+00:00,0.6339840292930603"
results/validation/waterlevel_gauge_validation/tables/model_timeseries_all_stations.csv,80098,2026-04-13T20:49:15Z,965,"station_id,station_name,time_utc,model_wse_m","02244440,Dunns Creek Near Satsuma FL,2017-09-03 00:00:00+00:00,0.6339840292930603"
results/validation/waterlevel_gauge_validation/tables/observed_vs_modeled_all_stations.csv,89028,2026-04-13T20:49:15Z,963,"station_id,station_name,time_utc,obs_wse_m,model_wse_m","02244440,Dunns Creek Near Satsuma FL,2017-09-03 00:00:00+00:00,0.054864,0.6339840292930603"
results/validation/waterlevel_gauge_validation/tables/station_catalog_used.csv,641,2026-04-13T20:48:36Z,5,"station_id,station_name,source,lon,lat,datum,station_role,x_26917,y_26917","02244440,Dunns Creek Near Satsuma FL,USGS,-81.6261910087271,29.5777478333259,NAVD88,independent_validation,439350.4154844865,3272161.7344570854"
results/validation/waterlevel_gauge_validation/tables/station_model_match.csv,1042,2026-04-13T20:49:15Z,5,"station_id,station_name,source,lon,lat,x_26917,y_26917,matched_i,matched_j,matched_x,matched_y,matched_msk,wet_fraction,mean_wet_depth_m,distance_to_cell_m,datum,station_role","02244440,Dunns Creek Near Satsuma FL,USGS,-81.6261910087271,29.5777478333259,439350.4154844865,3272161.7344570854,1061,752,439356.3125,3272158.5,1.0,1.0,2.7049562030808065,6.741386413574219,NAVD88,independent_validation"
results/validation/waterlevel_gauge_validation/tables/waterlevel_validation_metrics.csv,1528,2026-04-13T20:49:15Z,5,"n_overlap,rmse_m,mae_m,bias_m,nse,obs_peak_wse_m,model_peak_wse_m,peak_wse_error_m,obs_peak_time_utc,model_peak_time_utc,peak_timing_error_hours,station_id,station_name,source,datum,station_role,matched_i,matched_j,matched_msk,wet_fraction,mean_wet_depth_m,distance_to_cell_m","241,0.2738011203188539,0.21889400403062176,0.08362852965199959,0.49077251931690713,1.297686,1.232793927192688,-0.0648920728073119,2017-09-11 23:00:00+00:00,2017-09-12 01:00:00+00:00,2.0,02244440,Dunns Creek Near Satsuma FL,USGS,NAVD88,independent_validation,1061,752,1.0,1.0,2.7049562030808065,6.741386413574219"
simulation_irma_60m/sfincs_netampr.nc,2889285,2026-04-13T02:45:56Z,-1,NetCDF (see audit_netcdf),
simulation_irma_60m_finished_20260413_backup/sfincs_netampr.nc,2889285,2026-04-13T12:49:41Z,-1,NetCDF (see audit_netcdf),
waterlevel_gauge_val/clean_waterlevel_gauge/02244440_standardized.csv,182451,2026-04-13T19:05:55Z,1249,"station_id,station_name,source,time_utc,wse_m,datum,station_role,raw_unit,approval_status,parameter_code,monitoring_location_id","02244440,""Dunns Creek Near Satsuma, FL"",USGS,2017-09-02 04:00:00+00:00,0.38709600000000005,NAVD88,independent_validation,ft,Approved,63160,USGS-02244440"
waterlevel_gauge_val/clean_waterlevel_gauge/02246500_standardized.csv,175755,2026-04-13T19:05:55Z,1149,"station_id,station_name,source,time_utc,wse_m,datum,station_role,raw_unit,approval_status,parameter_code,monitoring_location_id","02246500,""St. Johns River at Jacksonville, FL"",USGS,2017-09-02 04:00:00+00:00,0.036576,NAVD88,independent_validation,ft,Approved,63160,USGS-02246500"
waterlevel_gauge_val/clean_waterlevel_gauge/8720219_standardized.csv,320114,2026-04-13T19:05:55Z,3121,"station_id,station_name,source,time_utc,wse_m,datum,station_role,predicted_m,preliminary_m","8720219,""Dames Point, FL"",NOAA,2017-09-02 00:00:00+00:00,0.512,NAVD88,lower_estuary_validation,0.43,"
waterlevel_gauge_val/clean_waterlevel_gauge/8720226_standardized.csv,338341,2026-04-13T19:05:55Z,3121,"station_id,station_name,source,time_utc,wse_m,datum,station_role,predicted_m,preliminary_m","8720226,""Southbank Riverwalk, FL"",NOAA,2017-09-02 00:00:00+00:00,0.399,NAVD88,urban_river_validation,0.286,"
waterlevel_gauge_val/clean_waterlevel_gauge/station_catalog_template.csv,339,2026-04-13T19:05:55Z,5,"station_id,station_name,source,datum,station_role","8720219,""Dames Point, FL"",NOAA,NAVD88,lower_estuary_validation"
waterlevel_gauge_val/clean_waterlevel_gauge/waterlevel_gauges_qa_summary.csv,633,2026-04-13T19:05:55Z,5,"station_id,station_name,source,n_rows,time_start_utc,time_end_utc,min_wse_m,max_wse_m,median_timestep_minutes,max_gap_minutes","02244440,""Dunns Creek Near Satsuma, FL"",USGS,1248,2017-09-02 04:00:00+00:00,2017-09-15 03:45:00+00:00,0.024384000000000003,1.298448,15.0,15.0"
waterlevel_gauge_val/clean_waterlevel_gauge/waterlevel_gauges_standardized_all.csv,1050921,2026-04-13T19:05:55Z,8637,"station_id,station_name,source,time_utc,wse_m,datum,station_role,predicted_m,preliminary_m,raw_unit,approval_status,parameter_code,monitoring_location_id","02244440,""Dunns Creek Near Satsuma, FL"",USGS,2017-09-02 04:00:00+00:00,0.38709600000000005,NAVD88,independent_validation,,,ft,Approved,63160.0,USGS-02244440"
waterlevel_gauge_val/clean_waterlevel_gauge/waterlevel_gauges_standardized_hourly.csv,137456,2026-04-13T19:05:55Z,1247,"station_id,station_name,source,time_utc,wse_m,datum,station_role","02244440,""Dunns Creek Near Satsuma, FL"",USGS,2017-09-02 04:00:00+00:00,0.38938200000000006,NAVD88,independent_validation"
waterlevel_gauge_val/noaa_8720219_val.csv,129763,2026-04-13T18:21:26Z,3121,"""Date"",""Time (GMT)"",""Predicted (m)"",""Preliminary (m)"",""Verified (m)""","""2017/09/02"",""00:00"",""0.43"",""-"",""0.512"""
waterlevel_gauge_val/noaa_8720226_val.csv,129268,2026-04-13T18:23:31Z,3121,"""Date"",""Time (GMT)"",""Predicted (m)"",""Preliminary (m)"",""Verified (m)""","""2017/09/02"",""00:00"",""0.286"",""-"",""0.399"""
waterlevel_gauge_val/usgs_02244440_val.csv,217289,2026-04-13T15:33:55Z,1249,"id,time_series_id,monitoring_location_id,parameter_code,statistic_id,time,value,unit_of_measure,approval_status,qualifier,last_modified","341504b0-328d-487f-b158-1e17f726b9a0,2546341a5ea04aec8b671d830366ac1a,USGS-02244440,63160,00011,2017-09-15 03:45:00+00:00,2.96,ft,Approved,,2025-08-14 09:16:01.932962+00:00"
waterlevel_gauge_val/usgs_02246500_val.csv,200141,2026-04-13T15:40:10Z,1149,"id,time_series_id,monitoring_location_id,parameter_code,statistic_id,time,value,unit_of_measure,approval_status,qualifier,last_modified","d371546e-1b7b-45da-8aea-a20e49721ead,1b347ca0b1184c58bd399a40c000076c,USGS-02246500,63160,00011,2017-09-15 03:45:00+00:00,0.79,ft,Approved,,2025-08-13 12:49:09.359620+00:00"
previous_content/data/damespoint_waterlevel.csv,8011,2026-03-11T13:25:06Z,193,"""Date"",""Time (GMT)"",""Predicted (m)"",""Preliminary (m)"",""Verified (m)""","""2017/09/07"",""00:00"",""0.341"",""-"",""0.284"""
previous_content/data/irma_master_training_data.csv,7199,2026-03-11T13:45:30Z,169,"time,wl_coastal,wl_transition,wl_inland,precip_mm","2017-09-07 01:00:00,0.669,0.483,0.239,0.0"
previous_content/data/mayport_waterlevel.csv,8049,2026-03-11T13:19:05Z,193,"""Date"",""Time (GMT)"",""Predicted (m)"",""Preliminary (m)"",""Verified (m)""","""2017/09/07"",""00:00"",""0.526"",""-"",""0.444"""
previous_content/data/rainfall_jax.csv,6518,2026-03-11T13:10:37Z,253,"station,valid,p01m","JAX,2017-09-07 00:56,0.00"
previous_content/data/southbank_waterlevel.csv,7997,2026-03-11T13:38:52Z,193,"""Date"",""Time (GMT)"",""Predicted (m)"",""Preliminary (m)"",""Verified (m)""","""2017/09/07"",""00:00"",""0.084"",""-"",""0.075"""
previous_content/jacksonville_sfincs/jacksonville_domain_wkt.csv,169,2026-04-08T15:08:27Z,2,"id,wkt","1,""POLYGON((459437.0 3375791.0,394071.2046761943 3357047.659804444,432109.1597789402 3224393.5457649557,497474.9551027459 3243136.885960512,459437.0 3375791.0))"""
previous_content/jacksonville_sfincs/sfincs_map.nc,121563475,2026-04-13T12:21:51Z,-1,NetCDF (see audit_netcdf),
previous_content/previous_content_2.0/results/run0101_base/metrics.csv,332,2026-03-19T02:48:40Z,4,"station,n_hours,RMSE_m,Bias_m,NSE,r,obs_max_m,sim_max_m,obs_mean_m,sim_mean_m","Mayport (NOAA 8720218),480,0.1338,0.0027,0.9411,0.9705,1.517,1.417,0.185,0.188"
previous_content/previous_content_2.0/results/run01_base/metrics.csv,243,2026-03-19T00:06:11Z,3,"station,n_hours,RMSE_m,Bias_m,NSE,r,obs_max_m,sim_max_m,obs_mean_m,sim_mean_m","Mayport (NOAA 8720218),480,0.0902,-0.0008,0.9732,0.9867,1.517,1.468,0.185,0.184"
previous_content/previous_content_2.0/results/run02_manning/metrics.csv,238,2026-03-17T23:38:59Z,3,"station,n_hours,RMSE_m,Bias_m,NSE,r,obs_max_m,sim_max_m,obs_mean_m,sim_mean_m","Mayport (NOAA 8720218),480,0.3259,0.1524,0.6503,0.8861,1.517,1.4,0.185,0.337"
previous_content/previous_content_2.0/sfincs_model_jax/precip_2d.nc,1565512,2026-03-18T22:17:27Z,-1,NetCDF (see audit_netcdf),
previous_content/previous_content_2.0/sfincs_model_jax/sfincs_grid.nc,1731312,2026-03-17T18:18:42Z,-1,NetCDF (see audit_netcdf),
previous_content/previous_content_2.0/sfincs_model_jax_0101/precip_2d.nc,1565512,2026-03-19T00:42:05Z,-1,NetCDF (see audit_netcdf),
previous_content/previous_content_2.0/sfincs_model_manning/precip_2d.nc,1565512,2026-03-17T23:16:07Z,-1,NetCDF (see audit_netcdf),
