rel_path,bytes,sha256
QGIS/04_06_study_area/crm_25m_26917.tif,32382106,44e7735e5b67271d8eb40538a68fbb5889f7e53fab629fd809c318d9ccc11070
QGIS/04_06_study_area/dem_25m_26917.tif,15005926,2dbc8ef7f1fb756af2ec3d1f62b59393b13f62a2e4c4242744cc0ef38e918f69
QGIS/04_06_study_area/dem_clip.tif,101401122,f9727dbcb6a356ee11cbf610a80e3c4f29485963cab431a9fd3d341d1cc5df63
QGIS/04_06_study_area/dem_crm_min_25m.tif,32399783,ef833ee6ed3a8734398545652aec710eaf0f7ad68704f10ff449f200fd6a09b1
QGIS/04_06_study_area/hu10_large.shp,145604,4c80f14590accc2003ccf6305d5155fca3a9ac6240983e8445ee5ba8830df994
QGIS/04_06_study_area/hu10_study_arae.shp,80852,4c924675290008ff44f2cc376d354368540b0bb00461bd5744015c6c52921295
QGIS/04_06_study_area/my_layers_hu10.gpkg,76361728,2a4a0a3237a0b04f2ffd44eda2173bd38cf19186d51270392020d343cfc7454d
QGIS/04_06_study_area/study_area 0303.gpkg,131072,32d2894226e2c31adde0fd805cc189a6e89a0aa4decbf4217648e685d50e6fac
QGIS/04_06_study_area/study_area_merged_25m.tif,12119154,df75ab928cd8d2af6180b4fa2484899060859773c7fdd0765cd86663049b2e50
QGIS/04_06_study_area/study_bnd 0303.gpkg,131072,ba4e4644169c9ddc4c667c6c19b9b19d54ced2a56d3abf11c1f459d6eb0fa248
QGIS/04_06_study_area/study_boudnary_02.gpkg,131072,a4f8d03f73d067e45fce6b4627b410f769bd5a44ef8e67c4da79e0c88cbef0ee
QGIS/04_06_study_area/study_boundary.gpkg,131072,48cbd853847fc106fea835ccda4a6f7bb3e81d1fd98b5627752a1a219617fee1
QGIS/before_area/jax_hu8_large.shp,173532,4a0680c1068d4e38b9baa0dfbd377dbf419679d84211563ff17277d26f946092
QGIS/before_area/jax_large.shp,264452,b249afdbb0c09403679d9a5c3db893a0daa07ae2be13fc0f39829e27d020e4c6
QGIS/before_area/jax_large_area.shp,287204,f5c5b6911fb4d67132d8c94c127d989eb68c8246245fed20ff87cb0492ef32c8
QGIS/before_area/jax_large_hu8.shp,29108112,941108fbbb8a9b3fe2e03ea41497fb5fc284b698b275b4831120fd40cdabcf15
QGIS/before_area/jax_study_Area.shp,71724,c0a62b408a2e0574b5ba56ac2db6af7016b2d97d52add7613bcfd26d5d9b592e
QGIS/before_area/jax_study_area_2.shp,53252,180b6e7e3033acb3f8c12984e30e0a6a9c7377b228c6b9ddd0aaae582d45793c
QGIS/before_area/jax_study_area_4268.shp,71724,e6ce947e9fc18a8be474f9de061829c77d6539fd936f28cc9be8ba95e0f8b1ec
QGIS/before_area/line.shp,71724,ddf48bdf91b4cc9bea7c156258d5cff941081ad236a8c38ed5e48f66b27f5323
QGIS/before_area/selected_area.gpkg,98304,84a50f49d16d4941225ae3e6a5b5f041dcb04815b190e89f4ee07e295984c4b1
QGIS/hu8_study_area/active_domain_01_26917.tif,16755374,80bca628426693d7ffca8fc98dc9dcc7c9b908be5af11b92be75bb0a1757ed68
QGIS/hu8_study_area/active_domain_base_26917.tif,66974932,8138737f686cf18ac38f9f7cc0b9c1bf617b3946dfdcbeb832f8b49206df4b8d
QGIS/hu8_study_area/active_domain_coastal_01_26917.tif,68008366,54e361a10b7ae846e9f8463eee536108dd06ddf7bff6b96c600f2e81dbe07849
QGIS/hu8_study_area/active_domain_coastal_26917.tif,68008366,a395ef2609c564299f007877d2048da636f68a08c012862b7202b1be87f4b806
QGIS/hu8_study_area/active_domain_coastal_base_26917.tif,68008366,a395ef2609c564299f007877d2048da636f68a08c012862b7202b1be87f4b806
QGIS/hu8_study_area/active_domain_coastal_clean_26917.tif,729850,c78c159351e2efe8616dd53b9a296a610bd9d49bc45d0426d5290ee8e5fad6d7
QGIS/hu8_study_area/contour.gpkg,720896,b34015e5bd351e10344863a2a03d00a15f99f84348b374cc240c8d2ebb11b08d
QGIS/hu8_study_area/crm_3arc_4269.tif,208095568,be1fe1b0ca03d070621216546fc95effc0245d50658837f52001bedf2e0dcb6a
QGIS/hu8_study_area/dem_crm_min_4269.tif,208139553,bed3756fc744313ad4b6669d2b003d2414662f580abb21888e527cb9d00230a9
QGIS/hu8_study_area/discharge_bnd.gpkg,98304,daa08c10cb316c6fe2bcc1b757a6ddb223832a6e5e3fa179f4dfa5513f938331
QGIS/hu8_study_area/discharge_bnd_26917.gpkg,106496,183410a83aa0d7e2fff988248f9a2962f8c4ac31e3ce6b0125d1182c9de58d85
QGIS/hu8_study_area/discharge_src_pt_26917.gpkg,98304,a4b4dc85dd8dcc3134cc91932845411db669af13c7c43c151d8b683fe53f4073
QGIS/hu8_study_area/hu8_study_area.gpkg,278528,df95cfe269dd411597f4f32ccc8e903d54342c585473e9d9a3e911176b2dd87c
QGIS/hu8_study_area/hu8_study_area_26917.gpkg,278528,fbe71b02d31dbbb83b0e6f0f04900afc1834a516ea7a1e2553e546de7ad700c5
QGIS/hu8_study_area/hu8_study_area_outline_26917.gpkg,438272,005ce08ecea73c31390dc3e7d776675efc9d8d6dd2bfdcd9b416f30aac800bf8
QGIS/hu8_study_area/msk_coastal_26917.tif,730509,ccb3726ecdef3c64bbad418a363bb11d529ebca6147a17844bca6494f117934b
QGIS/hu8_study_area/msk_prelim_26917.tif,505166,18807b9dd043b058625b9163551a8c821d239ba28ac3ae6b8cdd85a0d48ebfd8
QGIS/hu8_study_area/noaa_station.gpkg,106496,6beefa63dd30e64a1b75bd7547bcf5d6fe5ad8ae6e4d04aae86acae5dbc4a0a1
QGIS/hu8_study_area/study_area_fused_26917_final.tif,66974940,6bd2a8e4a73238368863670b997560bbf243bb82fb0c064c032bdf85f3f83444
QGIS/hu8_study_area/study_area_fused_4269.tif,71925866,1d740fa84abb8e6d82b5c627c1467310fc001bd5c5908215d1c3fe26087fd29e
QGIS/hu8_study_area/study_area_fused_4269_final.tif,71995758,0b64308936a7d508d75e09937c88b62e89ee115ec314b1902f5a9f11a8c1901a
QGIS/hu8_study_area/study_area_fused_coastal_26917.tif,68008372,18f0e5a58c02934582619cdee3872f0587a9a7d71637a7b8d552e1a9fd72834b
QGIS/hu8_study_area/study_area_fused_coastal_4269.tif,71925864,d07b33e689206e62927eb784abf65700d330ce28a1e9ab67d08b4e22dd1f80ab
QGIS/hu8_study_area/study_domain.gpkg,438272,d604f748ac14b643e8b553304e1ddc70b8b1637902c0057fcf329a2395db89fb
QGIS/hu8_study_area/study_domain_coastal.gpkg,266240,2f166488adde3db8cae5182fd81b4d412b6a0e9efc13be500334c8e6865cb406
QGIS/hu8_study_area/study_domain_coastal_4269.gpkg,278528,25aa25cc690f8c891342ef9a21e798a362bf767e9255c49de55ab7681c6b6ed3
QGIS/hu8_study_area/study_domain_final_26917.gpkg,270336,dd626e263a670c2f241d4f798297f400a7b2c4942a5af92928d8eadab80fc7b5
QGIS/hu8_study_area/trim_lines.gpkg,98304,428fad2c8a4bf8e63edc2ee1b0cfb5f30dc66f73135c48c7f0f6ceb417d9e4a3
QGIS/hu8_study_area/usgs_station.gpkg,106496,f570c482f46f6b3053b0b07809ab0b4d49662431af95d554f2179fb4770a8449
QGIS/hu8_study_area/waterlevel_02_26917.tif,16755374,6ee997382527ebf580bfd193b6a49fa12ba2d65b932b7572aaf1d06ddefd0018
QGIS/hu8_study_area/waterlevel_bnd.gpkg,98304,fa83b8fa18b3cebbdb0c8ce292174e25e7d2d6396baa3ea87e0433208e4a6691
QGIS/hu8_study_area/waterlevel_bnd_26917.gpkg,106496,a79c82fee21177b0f49316357fb92ad5be07a43328366996b55342cc7bf7123e
QGIS/hu8_study_area/waterlevel_mask2_26917.tif,16755374,6ee997382527ebf580bfd193b6a49fa12ba2d65b932b7572aaf1d06ddefd0018
QGIS/hu8_study_area/waterlevel_mask2_coastal_26917.tif,17010790,f093e968ad15ee4b65f28e069c74c00c961c47a4dbfcf06b15ce89dd1e34e320
QGIS/hu8_study_area/waterlevel_mask2_coastal_clean_26917.tif,540537,0df7077ead857fc4290787f5f1e3084b639295b4eea4e76bec20c14d94dd6087
QGIS/hu8_study_area/waterlevel_mask2_coastal_full_26917.tif,17010790,f093e968ad15ee4b65f28e069c74c00c961c47a4dbfcf06b15ce89dd1e34e320
QGIS/hu8_study_area/waterlevel_mask2_zero_26917.tif,17010790,f093e968ad15ee4b65f28e069c74c00c961c47a4dbfcf06b15ce89dd1e34e320
QGIS/oldstudy_area/cudem.tiff,7242940,30af1d53e6af1353e72e256e8915445c39b42c47d0f51cf04b1f095fced8cb8b
QGIS/oldstudy_area/dem.tiff,15974257,7002f0611bbe133262c029ef017d8e1406948e5bfaab8abfdca6f8e87158429b
QGIS/oldstudy_area/jacksonville_domain.gpkg,106496,9f173d0fd11e2227e94da33513e5eddbad79ea9c8a12741862d72274969e5337
QGIS/oldstudy_area/merged_topobathy_32617.tif,17962988,0720d76f69246b08e1899b06c1e2881f1247529cc7b41fbb399a4b037a45b373
QGIS/oldstudy_area/topobathy_clipped_32617.tif,8386759,f31fbbcca048033d14cce5483504bb7e852c0d2086648879ab4cb6a766b7862c
data/2017_Irma_highWaterMark.csv,309279,49994308bb32e3c781aac3bbbd69bdf3b96bd00ee43834dc8fd14780cef99133
data/NOAA_val_8720226.csv,208331,7319e9eb3f80f366e70e6be89e5f48d03724c1e751b5b5cac1085fc0f15907f6
data/WBD_03_HU2_Shape/Shape/NWISDrainageArea.shp,100,afd62dde4d802deedb2c1bb6513f1db785c815f0893003238b342b58b74cd4c4
data/WBD_03_HU2_Shape/Shape/NWISDrainageLine.shp,100,926401bfc2997f7c001f827859a1281ceb6f688660720f605f14f3e54207568e
data/WBD_03_HU2_Shape/Shape/NonContributingDrainageArea.shp,100,afd62dde4d802deedb2c1bb6513f1db785c815f0893003238b342b58b74cd4c4
data/WBD_03_HU2_Shape/Shape/NonContributingDrainageLine.shp,100,926401bfc2997f7c001f827859a1281ceb6f688660720f605f14f3e54207568e
data/WBD_03_HU2_Shape/Shape/WBDHU10.shp,72736940,d2f9aa44178f803c8eceb96a536415941f7d723f1be797711638d86af1ccbd05
data/WBD_03_HU2_Shape/Shape/WBDHU14.shp,100,afd62dde4d802deedb2c1bb6513f1db785c815f0893003238b342b58b74cd4c4
data/WBD_03_HU2_Shape/Shape/WBDHU16.shp,100,afd62dde4d802deedb2c1bb6513f1db785c815f0893003238b342b58b74cd4c4
data/WBD_03_HU2_Shape/Shape/WBDHU2.shp,2065696,24f2dd4770e2f31a284c96e10f6cbac92bae9cb1c9362e1f387b029dffd9ffc6
data/WBD_03_HU2_Shape/Shape/WBDHU4.shp,9275272,3b9b3c0b9cd47aec10a07753d0cdf185a8673ba79c87e9f739c049f94e1c1e6d
data/WBD_03_HU2_Shape/Shape/WBDHU6.shp,12952256,f09023d65c9ead25d2d2834a69d200fdd3d8d163cda0449e4683e84b11f138a0
data/WBD_03_HU2_Shape/Shape/WBDHU8.shp,29108112,941108fbbb8a9b3fe2e03ea41497fb5fc284b698b275b4831120fd40cdabcf15
data/WBD_03_HU2_Shape/Shape/WBDLine.shp,76701188,8505f40c54e5c0feb62c6b8af71736492f1d725e8bd24ca91af37f0e78ae4abc
data/cleaned_boundaries_15min.csv,84833,47f71d0dcc30754659eb88d001c6d6967361cd7a9cfaa52390ca93aa3eead196
data/crm_1arc_90m.tiff,2758194,7c21de115f377389cb7a67c5e7e14708d412889aa24e560c741a9bab4d5c614f
data/dem_crm_hu8/USGS_1_n30w082_20251208.tif,51379200,798375f4e5ab22db3e25e32a13c38cbf1f4151b72f5e9462eed15cbb3ee53bb1
data/dem_crm_hu8/USGS_1_n30w083_20221103.tif,59260482,16a3b9d1dd31f1b8ddb02a746a7545ed214c78ad3a78bd0372b33ae506246e41
data/dem_crm_hu8/USGS_1_n31w082_20220725.tif,36039674,a7c426a7672a589db1cb6a431df7b823ccc28584e8073b64935b73f17005be58
data/dem_crm_hu8/USGS_1_n31w083_20220725.tif,55340456,badeb3ae21685c1233cbaa0d102b23f17335dc0f3e528ccaebbd19dd09470ca1
data/dem_crm_hu8/crm_3_arc.tiff,10380535,a612410249a2420f0475b04203f5508b1cf986edbd4b5419a56278f556d11099
data/dem_crm_hu8/merged_jacksonville_dem_1arc.tif,208095434,66156c6314f09696a808f51d02b8a441a57cb0af13606a94deda79efd910e531
data/dem_crm_min_25m.tif,32399544,fa1615fb0c306590e61b51f49e2261840bd92d5cac8c4b29a4c411a119e436d7
data/dem_crm_min_mosaic_50m_utm.tif,17232078,db9cf343fafd568388dfb6e1b99ec934eef3aba446ad5830fb6affcd6ffd98c6
data/dem_study_area.tif,91044040,55ce8e139e4d95ae063611e1cb95e8d96bc75b5648ca9da64c31349db561db32
data/hu10_clip.tif,101408872,780fe50383a445092b721d41ac6e7a932ed4c50f1b77d0c24b6aa9e90a0444d3
data/manning_nlcd_50m.tif,858646,50ab930833644021ea95915139926fc618befe667f20891195758542ab59b42c
data/mayport_water_level.csv,205139,ec110d403406cc20b16094a2c7c42af74b1599354558d51e2fcac799177228dd
data/mayport_water_level_clean.csv,193850,70e544e6f59b0118987d8dc796a4f675a54073afd4ea0c0f9b0ee7cc38ee658d
data/mrms_irma_jax_201709.nc,19232023,c213cd88e49871173070bf6c35a7aef9bfdccf1873c4be271c979ffc0e67f21c
data/mrms_qpe_jax/mrms_gaugeCorr_qpe1h_jax_26917.nc,4024047,85e2bd6600ec6c042067c9e8afc6a43e55c4a68d4ffc06c6aa02e01bfab9150e
data/nlcd_2016_jax.tif,1587138,f9a5513a34aa536e0f3f626b9a10ef77c8a7c39a97630cfa676f081d4303b676
data/usgs_city_water_level.csv,320726,5b32396cd826de192942247a2426345074b0d24f422720e47bac4929c7a5384f
hwm_val/processed/hwm_filter_summary.csv,98,1076982c63583923c84ee0e24324949323c8df00dc5108426d58dd0feda088c0
hwm_val/processed/hwm_irma_active_mask_filtered.csv,64433,8cc24b0962544870a8414091103ff870623e34a51ddd1b1ae574c2929a71a024
hwm_val/processed/hwm_irma_active_mask_navd88_usable.csv,59162,d5bfbcc63b5a677563063c4930c31592862321f5b3c4b0ea946d890788c5b8ee
hwm_val/processed/hwm_irma_all_with_xy26917.csv,338333,acc746b2502098f49b662bd023d4b7512bb9a76499cd6a582bf2eca405e80f6b
hwm_val/processed/hwm_irma_bbox_filtered.csv,79644,6f18fce554b971eabb74c7aeb772efe9c391f407aa844a8adb7654427a322b00
hwm_val/processed/hwm_irma_validation_metrics.csv,157,5f6a1d91cae4513078784a2fffeb7676740ac23f348ee5963d5b399ff8911198
hwm_val/processed/hwm_irma_validation_table_final.csv,53902,96238f89ae85ddc06bff208567517be07ff869588b69f4428005ae8f0f3b3946
hwm_val/processed/hwm_irma_zsmax_comparison.csv,75582,eff59f3c80b53cf199c577ff42ea0b54ba32740395ca99ad6cd4c54a1e9aa786
hwm_val/processed/hwm_irma_zsmax_comparison_excluded.csv,29087,4a77a0cd4bdd77acbac111ea12bc22fc450bc7d42c7e3d2663571ef62caeaedb
hwm_val/processed/hwm_irma_zsmax_comparison_qc.csv,53874,7a05e1b12915e8d3b0d2f1ca734728c0e44a24dbb7b3c61b750e2981a0537575
hwm_val/processed/hwm_irma_zsmax_qc_summary.csv,294,6b63b14731da569d21c61b83f3866bb4909aa6789e9bd3fa544ece58356cfef7
hwm_val/processed/hwm_top_abs_error_points.csv,6428,d0be256855c1b19a2e88e6dc5dc4d65df7875eddad5ed098e19a5ea2c580d7d4
hwm_val/raw/2017_Irma_highWaterMark.csv,309771,3305dc064e7078e41b9bace7c89ee5c9789e4bbb034f3123268b7c61663a2092
jacksonville_sfincs_input/dep_src_26917.tif,68008372,18f0e5a58c02934582619cdee3872f0587a9a7d71637a7b8d552e1a9fd72834b
jacksonville_sfincs_input/mayport_wl_forcing_utc.csv,153757,9496a7423a00e2aab9f7702e7beb6f929735b8dafb4755e0d4bde2b0739429ee
jacksonville_sfincs_input/msk_src_26917.tif,730509,ccb3726ecdef3c64bbad418a363bb11d529ebca6147a17844bca6494f117934b
jacksonville_sfincs_input/msk_src_26917_fixed.tif,730280,a5356bc7e8a7815f7365a5202ec8acfd7c9ec32cccc9d0967ffbd09c8edc0567
jacksonville_sfincs_input/sfincs_msk.asc,33987156,c410bbc92dcdb343505b6d03f423e9c264500c6baeceacd048abbd804a84c2e3
jacksonville_sfincs_input/waterlevel_bnd_26917.gpkg,106496,75598567eccd109f2c034baf667e4e24084964eb8a1c32670dae6a7c92c4660d
model_results/data_model/rf_dataset_split_info.csv,58877096,ed8912a5c7495d7d48a4eb487731ea74f080c611438b895c9453eb65c2bdf74f
model_results/data_model/rf_feature_importance.csv,233,59b83f915ed74c8f18bf079588f66f748274108875b9b5df0314db55b9904231
model_results/data_model/rf_metrics.csv,201,b78b46b24c0a1e81e02939349da4a03a8820283466dd837e4d09cc06f4b54a8e
model_results/data_pinn_model/data_pinn_metrics.csv,318,0587f7fa4db39e4ef3e103cd59154f001fc835b4b349e229930ea5af165efa39
model_results/data_pinn_model/data_pinn_training_history.csv,8190,e3b26ff32c59a33db55b049d3d261941ff0c16a19d71c049c60f2e9c5d26eb82
model_results/pinn_model/pinn_metrics.csv,226,bb27f0f83d767b376c54feee0bdbdd675b92f0aae84f42d0ed71f5c7079fe90a
model_results/pinn_model/pinn_training_history.csv,7366,fd5b3ecbdfd9dc03db7b448d39463cf78197d1ff1b2796ad792b126812512ddb
outputs/boundary_research/noaa/8720218_water_level_utc_navd88_m.csv,199441,835105fa701563dd821649d49c9719ce07b450286ec0c5beb96626ad9fbab035
outputs/boundary_research/noaa/8720219_water_level_utc_navd88_m.csv,199036,1d9b539bc48699b8f28ecbdbeb2acf17cdc9ae4984b59e81f85a881bd84d05c0
outputs/boundary_research/noaa/8720226_water_level_utc_navd88_m.csv,198720,0590245525f6e763fc01b68589f3f90387bc924e838b6c3df5389cc57610444f
outputs/boundary_research/noaa/8720357_water_level_utc_navd88_m.csv,93967,cc781294b4fad79b01a44c440843c67e04f5413f6303188c213bf93ea1d3c52c
outputs/boundary_research/station_sources_and_counts.csv,4546,dc288844313858d6789dcb627641e01e29b0030a711569d4c32ce4e76c628e9e
outputs/boundary_research/usgs/02236125_00060.csv,111415,6391c9e2176aa8e8d2e76ff595b2339722d53ee783133d507ac198f0502b9cd9
outputs/boundary_research/usgs/02236125_63160.csv,115273,e248a8004af888245542a18fd204c884f279b45abdd516d51819d8080f43f9fb
outputs/boundary_research/usgs/02236125_72137.csv,34063,230ec7d69d281d97cdd40308f1b961233e32379f691e61e714d60a9451163056
outputs/boundary_research/usgs/02244040_00060.csv,99672,eda06aea280c202d6a3d685dc71f410a77958f854ae5d6ac6c02c5bf244e37f0
outputs/boundary_research/usgs/02244040_63160.csv,80073,fa8e3e0e482dfbfff133df78845051dfe6a68e69152057079e478d956a58b38d
outputs/boundary_research/usgs/02244040_72137.csv,19412,36580879983b29abdfe391067a2bccf4ef37130ea1df8ffc07884dabb61055ba
outputs/boundary_research/usgs/02245500_00060.csv,125014,9115c759146cbfc20064a75b7459b4e8a975785c91d0bd1c5206efe0fb8b61d4
outputs/boundary_research/usgs/02245500_00065.csv,107251,a6691dc943942e10bfbf0769353ab5099e527d2eb6d488d7b2c2fea0f7480ce1
outputs/boundary_research/usgs/02245500_63160.csv,108834,70f7bcef1687889e8c3d7cfc1d9214ea20345c74ff754c093a0a87b42d3d0c66
outputs/boundary_research/usgs/02246000_00060.csv,93276,785c941050209c8615d6fb5adeedddfc13c42766f540420c7db3fa2fa97ecbae
outputs/boundary_research/usgs/02246000_00065.csv,76929,c1e7d5d13987ad3707c15bc1aeb3d346330514faa5861c3b29eac6b0b3448a73
outputs/boundary_research/usgs/02246160_00060.csv,66557,c575725d4b3f31b46297ae2cc91d5d01f68bb87307c179e324a5a27116b77d36
outputs/boundary_research/usgs/02246160_00065.csv,54510,11c2e0c9ba0eb6d2a956973b083bca3fe6444d2aaa108e2ed8ae3552017e26b4
outputs/boundary_research/usgs/02246160_72137.csv,17600,909dc8e93d0107456841f5ccb66bed0ab21c69e1db36d3722b77e4ddd4163227
outputs/boundary_research/usgs/02246500_00060.csv,131045,60690ecc944bec4767eaf90917b2c39571b05fdef8031d6d88e80778589ed5d1
outputs/boundary_research/usgs/02246500_63160.csv,108683,12ff8a38692a9af5ab195461e10cb580f9f8a3c14a86aa21de1adbb65a37fea1
outputs/boundary_research/usgs/02246500_72137.csv,34274,47cbee7e4d4fd72c138de6f032e793fd4e62a42666a5975bb08d04d0393e7ac2
outputs/boundary_research/usgs/02246515_00060.csv,133027,5c3a21790e3111eb198de61100a56e9dd29cb71aa0de9dee409ac7c0680ff937
outputs/boundary_research/usgs/02246515_00065.csv,117455,8c73e9130383d9590ee8b3ad5130f0f567e4b23cd3f0e6b62094dcb261b62d48
outputs/boundary_research/usgs/02246515_63160.csv,114171,bd03e15296abdbb8709013a406aa1c7c3c9702f9931e305e77c2988ac65501cc
outputs/boundary_research/usgs/02246518_00060.csv,132677,8e51b81acdb9845efed24bd511a763881c17873d29e9d1f42719751f97659a8f
outputs/boundary_research/usgs/02246518_00065.csv,114768,f7bdd87cab14a2da138dc055edd3d287c43c632333068e0e7684286044c5ecad
outputs/boundary_research/usgs/02246518_72137.csv,33341,1581d2cc99cba0bc07e4ac51bcbac4a204f33ca82cccf4f09faf09f9d86b7f66
outputs/boundary_research/usgs/02246621_00060.csv,124587,951b96ed859962e00e9523f10ee34ba76ab95cfbc016f13a91ba83d09c110534
outputs/boundary_research/usgs/02246621_00065.csv,106820,3dbcc36b1e4a1fcc1f71e45be5670b2d76c5446223d5885ef76e5d2a04738089
outputs/boundary_research/usgs/02246621_72137.csv,25243,fd619da348daf30f6c3b41b964d9aa8cd5b0caa97e05e02106964d19a804d36c
outputs/boundary_research/usgs/02246751_00060.csv,134169,c04ab87749e3c9e682d7aa81a859ae3ac56c920baff8259cc8d2925d3d8855ac
outputs/boundary_research/usgs/02246751_00065.csv,115409,5d9b84e72f5697802b9fd31c57f048334dbb66a29825680ba8bbf422c7376857
outputs/boundary_research/usgs/02246751_72137.csv,33362,e76834cdafdb595fe9052ce92857d6036b4340701b0dbfd135471aefadb431d4
outputs/boundary_research/usgs/02246804_00060.csv,134614,a49fb3b56ba615d92624d91b3e376aa3a2a2980b794c76c6f00596b621c0975b
outputs/boundary_research/usgs/02246804_00065.csv,116093,59b7c99d3913085f3fa98acdfb1232fa338e3bbe6caaf8ad3c9cd0847bb98ccf
outputs/boundary_research/usgs/02246804_72137.csv,33251,21236c7c92ba327d93d42a31863a27f923a43e49ff24242b30312737f701d22b
outputs/boundary_research/usgs/02246825_00060.csv,135425,e6474a772a7d11603fed25968057c5e57528289144df98ff46bb795673cba22b
outputs/boundary_research/usgs/02246825_00065.csv,116346,39e0f91251c842a8c8c0b1f73240bb38a2df8ca6759c5ecefe44ea751669fb20
outputs/boundary_research/usgs/02246825_72137.csv,33343,72de8cadc5b2aa45b35fb389f63bfc410f739763751626b55a25a5c112c68df7
outputs/boundary_research/usgs/audit_00060_summary.csv,1922,a3c14ea8391c44d8b58162bf151675a9291cb13ee4c5e047100fc05e304c653d
outputs/boundary_research/usgs/gaps_00060.csv,19463,f6e9a820b21df83a3a756b74072a08c577c605f4ebdf8f88ddb30c3e92ac4ed9
results/validation/waterlevel_gauge_validation/series/02244440_comparison_timeseries.csv,22166,c6629e60be6eb045d66afb15b2faef1bb214fe085c45d829c56d328cb8fe975c
results/validation/waterlevel_gauge_validation/series/02244440_model_timeseries.csv,19864,40a66f00adcb2585a98478735f09687a40ab14c19b25cdbb1cc7733578386107
results/validation/waterlevel_gauge_validation/series/02246500_comparison_timeseries.csv,23793,ee35f56bfc1d551361d4cfe0a3d7bcd77353e0f9fa8d12c0f4220dbf16848b90
results/validation/waterlevel_gauge_validation/series/02246500_model_timeseries.csv,21646,490e793d2e2f2135ddff426fbb75dcbf482da3f353bfc2e10487cbf91e9d0a22
results/validation/waterlevel_gauge_validation/series/8720219_comparison_timeseries.csv,18898,053ed37cae1793b7caa626eb55e5889556ff82ff5dfe169ebd3a20cc33ea411e
results/validation/waterlevel_gauge_validation/series/8720219_model_timeseries.csv,16589,8c7bed69f270746d61f878149dafe515cd371464e451e577679f92098037633a
results/validation/waterlevel_gauge_validation/series/8720226_comparison_timeseries.csv,24336,9ca96158a7867e9887ce554f191a29c3f86c0944579363111e5fefc3e94ac15f
results/validation/waterlevel_gauge_validation/series/8720226_model_timeseries.csv,22134,7bf598a4c26ac635fd5b6552fb511668ad5907605a6a87b5d7fda7c11da246b4
results/validation/waterlevel_gauge_validation/tables/model_timeseries_all_stations.csv,80098,7bc7975053c8f1d8cedf9135cc4fd68d382c263d6b908e023b939babc6cfef65
results/validation/waterlevel_gauge_validation/tables/observed_vs_modeled_all_stations.csv,89028,cfafd10672ffee6e2d457a0d9de6c586f6085ac3bc7f9a8aab48d0410cd1dc95
results/validation/waterlevel_gauge_validation/tables/station_catalog_used.csv,641,2b78c9fc409c884a5c997c6b2e952fb27d7017d8eb68c742e67b2340be748e79
results/validation/waterlevel_gauge_validation/tables/station_model_match.csv,1042,68918567440d0c8acec5804936d01c06ea4288d9317ef9b991028f27efe0d5b7
results/validation/waterlevel_gauge_validation/tables/waterlevel_validation_metrics.csv,1528,008e02e20a42fe7a267310a5ade8ed07859f5e43c1abcca1cc291bfad9cf2743
simulation_irma_60m/sfincs_dep.asc,39567798,a9ba05a23f96402510216bf99d7636dd4c1bc6af6966acdc6e481e261113787d
simulation_irma_60m/sfincs_msk.asc,8493982,f73edb2411e907bc6eb71a21651d4c9cff3a588c4318dfcbc2a51f6d9e5eeec5
simulation_irma_60m/sfincs_netampr.nc,2889285,707f5723a12d49ba71cadf814100f47185669e0082622c050f3debffa660948c
simulation_irma_60m_finished_20260413_backup/sfincs_dep.asc,39567798,a9ba05a23f96402510216bf99d7636dd4c1bc6af6966acdc6e481e261113787d
simulation_irma_60m_finished_20260413_backup/sfincs_msk.asc,8493982,f73edb2411e907bc6eb71a21651d4c9cff3a588c4318dfcbc2a51f6d9e5eeec5
simulation_irma_60m_finished_20260413_backup/sfincs_netampr.nc,2889285,707f5723a12d49ba71cadf814100f47185669e0082622c050f3debffa660948c
waterlevel_gauge_val/clean_waterlevel_gauge/02244440_standardized.csv,182451,20df3d66d310d8ba9f4c727a8f6f9b05ebedc3926f39bbc8540d2b8c8e81633f
waterlevel_gauge_val/clean_waterlevel_gauge/02246500_standardized.csv,175755,247ed018ee268d57f8d587f6da55d54649e444e518fd8687b9abeed57ce5857a
waterlevel_gauge_val/clean_waterlevel_gauge/8720219_standardized.csv,320114,c577c5d07105c19e643c524be67dcc0cd4b35fecbda141b4802fc87bda2e73fe
waterlevel_gauge_val/clean_waterlevel_gauge/8720226_standardized.csv,338341,ea2e7c58d97aace1231f7c2e6b88d2654f67c90e495c8b7b12a204f7f1496fea
waterlevel_gauge_val/clean_waterlevel_gauge/station_catalog_template.csv,339,4ad56805a53a8c7c0b25ad2e31b238f3ac7e872e3ad7d118d4edeb6052dde668
waterlevel_gauge_val/clean_waterlevel_gauge/waterlevel_gauges_qa_summary.csv,633,42453e71b60e187f561bac6c8a58d7432957c3ffa92dd80c3503e18c52f716f3
waterlevel_gauge_val/clean_waterlevel_gauge/waterlevel_gauges_standardized_all.csv,1050921,64097b13294c8ae969b8d06f1bde4bd5aa4c5756f167f218a70d4c4dab85d981
waterlevel_gauge_val/clean_waterlevel_gauge/waterlevel_gauges_standardized_hourly.csv,137456,fdf0a0cb886e86e74de3b6d15ee83b14020b85088c587e1a34372a84474279be
waterlevel_gauge_val/noaa_8720219_val.csv,129763,594461dfb7978d29c154fba6609c8b3a0a5fc91778532c474f96734e4b447008
waterlevel_gauge_val/noaa_8720226_val.csv,129268,37b52a971159a171f88ba63b29c75d9444a414393dea3d53a1a56c75da33f21d
waterlevel_gauge_val/usgs_02244440_val.csv,217289,d0d3d3b9631f94ab39f05a75c54175c764aecb863ecb7eb153560d4e7da12974
waterlevel_gauge_val/usgs_02246500_val.csv,200141,2df75ca2f8f17a74d60419bfcf61b9319e5a15097c83c20d370f232fa16eeb55
previous_content/DEM_3m/dem_1km_3m/dem_dames_point_1km.tif,398166,934cb9198b69811ef75a2e43d76f5d7f76d9c8c8c0073a9d0676f79cf51972a6
previous_content/DEM_3m/dem_1km_3m/dem_mayport_1km.tif,398166,66c3f0acbf62471002b8104196a37e006d0a2160e3df4a7938ebf10c1749efb0
previous_content/DEM_3m/dem_1km_3m/dem_southbank_1km.tif,398166,c593e95c9fc42b2b59ee7817d46f96c01866a006f4ca2d3432c1f95b5c9d931a
previous_content/DEM_3m/dem_raw/dem_3m_left/ned19_n30x50_w081x75_fl_duvalco_2007.shp,76492,31ef98954186b5efc349de4e5ddae8368896e1531ad25daa61f71cefa2d61cc6
previous_content/DEM_3m/dem_raw/dem_3m_right/ned19_n30x50_w081x50_fl_duvalco_2007.shp,66636,943682aa1fe54d5e9a1d6abd393404aaf1205c7637cf7b5e541332a775b9c596
previous_content/DEM_3m/dem_raw/dem_3m_right/ned19_n30x50_w081x50_fl_duvalco_2007.tif,124511818,cfafd41cef7bdc64ea1c8995af61264b978c609c502e105adc11a9740bc6b69e
previous_content/crm_30m/jacksonville_crm_raw.tif,1089321,90493e9ff8523d8a858046606bfe01efb9796cfe88afaae4f3b7a938ebe8c883
previous_content/data/damespoint_waterlevel.csv,8011,a2580f9032044308ee9e5b34270dc59a463d4785c59c60153babc6e918aacc7c
previous_content/data/dem_1km_3m/dem_dames_point_1km_bathy.tif,406468,942a51869285c7f2438141b6b82412799367f112eff63882597a7bfc9e8ec758
previous_content/data/dem_1km_3m/dem_mayport_1km_bathy.tif,403918,9bfdacb63889e92ceb9d1058ef80785be829ce93498d9619760daf0bb56ddc1b
previous_content/data/dem_1km_3m/dem_southbank_1km_bathy.tif,406468,72b5e390bd60008350443aed2ce0d36b9962679c0a684bf46e2a32a4bb3ca953
previous_content/data/irma_master_training_data.csv,7199,d46d1d076ee6489de4600e424d6a6bce6cc02d3d725247e1df0e347e174c5790
previous_content/data/mayport_waterlevel.csv,8049,0215520f55775cce46d93256d0d8bfb52a99ca79a3ed31e0b847b2df91b235a4
previous_content/data/rainfall_jax.csv,6518,d546e2ebfdeeddc61001bc5147fadbe075f1e7507708407970383b87e0aa8883
previous_content/data/southbank_waterlevel.csv,7997,7378f72ad8e041db3a0353a5670423b96ab3c6f3404ce5dc0c8778955de0ef1e
previous_content/jacksonville_sfincs/jacksonville_domain_wkt.csv,169,c78fcf73ee6e9e3d8ac4685e2724b1a7101213c1c6f93ae77c04c057b840931b
previous_content/jacksonville_sfincs/sfincs_dep_25m_32617.tif,68090078,4cbf89a71214c68c13921f82095c40ed48133e004750167f398736f545802f03
previous_content/jacksonville_sfincs/sfincs_map.nc,121563475,9a654cc3953d76a21d28da8c73053d1672fed5fa46c1201d017ea37bf89dbabb
previous_content/jacksonville_sfincs/sfincs_msk_final_25m_32617.tif,524088,70b96e61afd1e338d1ad0b8dc944a57db36888ba0cf38d99447882ba0759a850
previous_content/jacksonville_sfincs/sfincs_msk_initial_25m_32617.tif,145624,503d2b1eb32882b256bb7d7981049cbbb9021f90ff9ca300e9990733de2b5fc5
previous_content/simulation_trial/msk_src_trial_fixed_26917.tif,730280,a5356bc7e8a7815f7365a5202ec8acfd7c9ec32cccc9d0967ffbd09c8edc0567
previous_content/simulation_trial/sfincs_msk.asc,33987156,c410bbc92dcdb343505b6d03f423e9c264500c6baeceacd048abbd804a84c2e3
previous_content/simulation_trial/zb_geo.tif,68009490,25c65d0479a4af06ef4553a5b010b96cbe5d3651b8d0b56a7e2d6d3c81161256
previous_content/previous_content_2.0/results/run0101_base/metrics.csv,332,df841d10a804e3ee9b24b40c9d60f7a582420a0e91d1abc123673449a4ff51a2
previous_content/previous_content_2.0/results/run01_base/metrics.csv,243,d97fbcebc031088b08d008a0e11b25625542287ee9dcfa86780359beab729d8a
previous_content/previous_content_2.0/results/run02_manning/metrics.csv,238,a7342be1b8cdc9132e4c3cf791804f846f77c864f3b6d04543a896353389f6b1
previous_content/previous_content_2.0/sfincs_model_jax/gis/dep.tif,768698,23593c0fa49166a6c5a4cc1b873603e557c61987a5ff80a6a8190aca573d9a51
previous_content/previous_content_2.0/sfincs_model_jax/gis/manning.tif,34883,4390e27bf625213b142a4d8a65b1d789163910a57a9a608d2bb5b5e4e70b9cc6
previous_content/previous_content_2.0/sfincs_model_jax/gis/mask.tif,13504,6b999cee54421fafceafd0009fff027ad747bafd40ab35407b44e7726b4b59d0
previous_content/previous_content_2.0/sfincs_model_jax/gis/msk.tif,19013,d8013cf1861707bee6a7f512fb8da65c07d9e9bcaf7664c15539f92019d37734
previous_content/previous_content_2.0/sfincs_model_jax/precip_2d.nc,1565512,314d287c1b527937eee6c546d7519d07e6dddc33f2ad989f92c17a0676b782ec
previous_content/previous_content_2.0/sfincs_model_jax/sfincs_grid.nc,1731312,9314b823fc9966f228b590684936dc50c1a9371d3f4b75e017bb87e465b8f469
previous_content/previous_content_2.0/sfincs_model_jax_0101/gis/dep.tif,786017,181edd89c9ece82c9eea760f4029afa5cc93c3f198976b65918d4a871ed2ffe5
previous_content/previous_content_2.0/sfincs_model_jax_0101/gis/manning.tif,32076,43d88f179dab2e3156cbb6167fbd7a0b4901ea71dc42ff4975098d2ef8409a0d
previous_content/previous_content_2.0/sfincs_model_jax_0101/gis/msk.tif,14764,8c98d019ebba87031bbfc54cf02e7eff915d714a6abcdf3c27c3f6a036ba4a49
previous_content/previous_content_2.0/sfincs_model_jax_0101/precip_2d.nc,1565512,314d287c1b527937eee6c546d7519d07e6dddc33f2ad989f92c17a0676b782ec
previous_content/previous_content_2.0/sfincs_model_manning/gis/dep.tif,722686,a87f37af0bb78cd4ed6ac37642f3e94ef8b8ee7d6aeb9679387674ce08f3cf10
previous_content/previous_content_2.0/sfincs_model_manning/gis/manning.tif,95036,a6a8cd6bb4680fd48b95fdd9aeda124d28d045dfc0896c5f03cf9b6ec403a2f7
previous_content/previous_content_2.0/sfincs_model_manning/gis/msk.tif,14569,f7dc280ad40ac6ad54177c642e53ce7c5212918f0a3809ef8bfb19f108861562
previous_content/previous_content_2.0/sfincs_model_manning/precip_2d.nc,1565512,314d287c1b527937eee6c546d7519d07e6dddc33f2ad989f92c17a0676b782ec
