config,method,N,seed,epochs,lr,sids,status,train_sec,eval_sec,final_loss,weight_path,finished_at
zero,zero,0,-1,0,0,,done,0,66.3,,,2026-09-18 17:23:05
B_N1_s0,B,1,0,20,0.0001,ian_s038,done,8.0,65.7,0.000129715,,2026-09-18 17:24:23
B_N1_s1,B,1,1,20,0.0001,ian_s017,done,7.4,65.4,0.000166714,,2026-09-18 17:25:36
B_N1_s2,B,1,2,20,0.0001,ian_s036,done,7.1,65.9,0.000162283,,2026-09-18 17:26:49
B_N2_s0,B,2,0,20,0.0001,ian_s038;ian_s066,done,14.3,65.7,0.000103164,,2026-09-18 17:28:09
B_N2_s1,B,2,1,20,0.0001,ian_s017;ian_s077,done,14.2,65.8,0.000133237,,2026-09-18 17:29:29
B_N2_s2,B,2,2,20,0.0001,ian_s036;ian_s045,done,14.2,65.6,0.000146766,,2026-09-18 17:30:49
B_N3_s0,B,3,0,20,0.0001,ian_s038;ian_s066;ian_s026,done,21.3,65.6,0.000118205,,2026-09-18 17:32:16
B_N3_s1,B,3,1,20,0.0001,ian_s017;ian_s077;ian_s014,done,21.5,65.5,0.000100141,,2026-09-18 17:33:43
B_N3_s2,B,3,2,20,0.0001,ian_s036;ian_s045;ian_s020,done,21.3,65.6,0.000111953,,2026-09-18 17:35:10
B_N5_s0,B,5,0,20,0.0001,ian_s038;ian_s066;ian_s026;ian_s055;ian_s022,done,35.5,65.6,0.000122044,weights/B_N5_s0.pt,2026-09-18 17:36:51
B_N5_s1,B,5,1,20,0.0001,ian_s017;ian_s077;ian_s014;ian_s040;ian_s044,done,35.5,64.9,0.000114202,,2026-09-18 17:38:32
B_N5_s2,B,5,2,20,0.0001,ian_s036;ian_s045;ian_s020;ian_s018;ian_s067,done,35.5,65.0,0.000135317,,2026-09-18 17:40:12
B_N10_s0,B,10,0,20,0.0001,ian_s038;ian_s066;ian_s026;ian_s055;ian_s022;ian_s052;ian_s028;ian_s034;ian_s050;ian_s015,done,71.2,65.7,9.45801e-05,weights/B_N10_s0.pt,2026-09-18 17:42:29
B_N10_s1,B,10,1,20,0.0001,ian_s017;ian_s077;ian_s014;ian_s040;ian_s044;ian_s003;ian_s065;ian_s076;ian_s055;ian_s048,done,71.6,65.8,8.78341e-05,,2026-09-18 17:44:47
B_N10_s2,B,10,2,20,0.0001,ian_s036;ian_s045;ian_s020;ian_s018;ian_s067;ian_s019;ian_s058;ian_s050;ian_s009;ian_s066,done,71.6,66.0,8.97796e-05,,2026-09-18 17:47:05
Bp_N1_s0,Bp,1,0,20,0.0001,ian_s038,done,6.9,65.7,0.000190804,,2026-09-18 17:48:17
Bp_N1_s1,Bp,1,1,20,0.0001,ian_s017,done,6.8,65.9,0.00023886,,2026-09-18 17:49:30
Bp_N1_s2,Bp,1,2,20,0.0001,ian_s036,done,6.9,65.8,0.000208638,,2026-09-18 17:50:43
Bp_N2_s0,Bp,2,0,20,0.0001,ian_s038;ian_s066,done,13.5,65.7,0.000161517,,2026-09-18 17:52:02
Bp_N2_s1,Bp,2,1,20,0.0001,ian_s017;ian_s077,done,13.6,65.1,0.000188873,,2026-09-18 17:53:21
Bp_N2_s2,Bp,2,2,20,0.0001,ian_s036;ian_s045,done,13.6,65.5,0.000207778,,2026-09-18 17:54:40
Bp_N3_s0,Bp,3,0,20,0.0001,ian_s038;ian_s066;ian_s026,done,20.2,65.5,0.00016484,,2026-09-18 17:56:06
Bp_N3_s1,Bp,3,1,20,0.0001,ian_s017;ian_s077;ian_s014,done,20.3,66.0,0.000148487,,2026-09-18 17:57:32
Bp_N3_s2,Bp,3,2,20,0.0001,ian_s036;ian_s045;ian_s020,done,20.2,65.6,0.000168624,,2026-09-18 17:58:58
Bp_N5_s0,Bp,5,0,20,0.0001,ian_s038;ian_s066;ian_s026;ian_s055;ian_s022,done,33.6,65.9,0.000183013,weights/Bp_N5_s0.pt,2026-09-18 18:00:38
Bp_N5_s1,Bp,5,1,20,0.0001,ian_s017;ian_s077;ian_s014;ian_s040;ian_s044,done,33.7,66.1,0.000167804,,2026-09-18 18:02:17
Bp_N5_s2,Bp,5,2,20,0.0001,ian_s036;ian_s045;ian_s020;ian_s018;ian_s067,done,33.5,66.0,0.000177553,,2026-09-18 18:03:57
Bp_N10_s0,Bp,10,0,20,0.0001,ian_s038;ian_s066;ian_s026;ian_s055;ian_s022;ian_s052;ian_s028;ian_s034;ian_s050;ian_s015,done,67.6,65.6,0.000139684,weights/Bp_N10_s0.pt,2026-09-18 18:06:10
Bp_N10_s1,Bp,10,1,20,0.0001,ian_s017;ian_s077;ian_s014;ian_s040;ian_s044;ian_s003;ian_s065;ian_s076;ian_s055;ian_s048,done,67.7,65.6,0.000140719,,2026-09-18 18:08:24
Bp_N10_s2,Bp,10,2,20,0.0001,ian_s036;ian_s045;ian_s020;ian_s018;ian_s067;ian_s019;ian_s058;ian_s050;ian_s009;ian_s066,done,67.7,65.5,0.000133375,,2026-09-18 18:10:37
C_N1_s0,C,1,0,50,0.001,ian_s038,done,18.4,23.4,0.00560051,,2026-09-18 18:11:19
C_N1_s1,C,1,1,50,0.001,ian_s017,done,18.4,23.7,0.00740736,,2026-09-18 18:12:01
C_N1_s2,C,1,2,50,0.001,ian_s036,done,18.4,23.8,0.00626936,,2026-09-18 18:12:43
C_N2_s0,C,2,0,50,0.001,ian_s038;ian_s066,done,35.9,23.5,0.00408161,,2026-09-18 18:13:43
C_N2_s1,C,2,1,50,0.001,ian_s017;ian_s077,done,35.9,23.8,0.00694262,,2026-09-18 18:14:42
C_N2_s2,C,2,2,50,0.001,ian_s036;ian_s045,done,35.7,23.5,0.00417797,,2026-09-18 18:15:42
C_N3_s0,C,3,0,50,0.001,ian_s038;ian_s066;ian_s026,done,53.5,23.9,0.00418873,,2026-09-18 18:16:59
C_N3_s1,C,3,1,50,0.001,ian_s017;ian_s077;ian_s014,done,53.4,23.7,0.00327885,,2026-09-18 18:18:16
C_N3_s2,C,3,2,50,0.001,ian_s036;ian_s045;ian_s020,done,53.6,23.6,0.0036105,,2026-09-18 18:19:34
C_N5_s0,C,5,0,50,0.001,ian_s038;ian_s066;ian_s026;ian_s055;ian_s022,done,89.3,23.7,0.00460251,,2026-09-18 18:21:27
C_N5_s1,C,5,1,50,0.001,ian_s017;ian_s077;ian_s014;ian_s040;ian_s044,done,89.0,23.6,0.00386451,,2026-09-18 18:23:19
C_N5_s2,C,5,2,50,0.001,ian_s036;ian_s045;ian_s020;ian_s018;ian_s067,done,89.2,23.7,0.00409293,,2026-09-18 18:25:12
C_N10_s0,C,10,0,50,0.001,ian_s038;ian_s066;ian_s026;ian_s055;ian_s022;ian_s052;ian_s028;ian_s034;ian_s050;ian_s015,done,178.8,24.0,0.00325028,weights/C_N10_s0.pt,2026-09-18 18:28:35
C_N10_s1,C,10,1,50,0.001,ian_s017;ian_s077;ian_s014;ian_s040;ian_s044;ian_s003;ian_s065;ian_s076;ian_s055;ian_s048,done,178.1,23.4,0.00280883,,2026-09-18 18:31:57
C_N10_s2,C,10,2,50,0.001,ian_s036;ian_s045;ian_s020;ian_s018;ian_s067;ian_s019;ian_s058;ian_s050;ian_s009;ian_s066,done,178.6,23.9,0.00194511,,2026-09-18 18:35:19
